race_id,cycle,holdout_cycle,state,election_type,special_election,presidential_margin_dem,actual_margin_dem,layer0_intercept,layer0_presidential_slope,training_residual_sd,predicted_margin_dem,prediction_error_dem,absolute_error,predicted_dem_win_probability,predicted_winner_party,actual_winner_party,winner_correct
2012_AZ,2012,2012,AZ,regular,False,-8.627801439232641,-3.1721173153280375,-0.5677849982105747,0.987036493932842,11.851115781192872,-9.08373988113949,-5.911622565811452,5.911622565811452,0.2216929482898184,R,R,True
2012_CA,2012,2012,CA,regular,False,24.556899183170813,25.048568944289187,-0.5677849982105747,0.987036493932842,11.851115781192872,23.67077067340862,-1.377798270880568,1.377798270880568,0.9771061584579128,D,D,True
2012_CT,2012,2012,CT,regular,False,22.63667649950835,12.00608169746934,-0.5677849982105747,0.987036493932842,11.851115781192872,21.77544080815611,9.76935911068677,9.76935911068677,0.9669258154984358,D,D,True
2012_DE,2012,2012,DE,regular,False,25.27627729977712,39.28341839077444,-0.5677849982105747,0.987036493932842,11.851115781192872,24.38082312743572,-14.902595263338725,14.902595263338725,0.9801693751126898,D,D,True
2012_FL,2012,2012,FL,regular,False,2.8393200617985883,13.345297340747948,-0.5677849982105747,0.987036493932842,11.851115781192872,2.234727520740284,-11.110569820007663,11.110569820007663,0.5747838400524229,D,D,True
2012_HI,2012,2012,HI,regular,False,45.98745175691083,25.203085836142193,-0.5677849982105747,0.987036493932842,11.851115781192872,44.8235081488364,19.62042231269421,19.62042231269421,0.999922281554227,D,D,True
2012_IN,2012,2012,IN,regular,False,1.0439068907561762,6.110645924593399,-0.5677849982105747,0.987036493932842,11.851115781192872,0.46258919923373565,-5.648056725359663,5.648056725359663,0.5155681153994885,D,D,True
2012_MA,2012,2012,MA,regular,False,26.394156426705905,7.554477975801376,-0.5677849982105747,0.987036493932842,11.851115781192872,25.484210621520212,17.929732645718836,17.929732645718836,0.9842367761419194,D,D,True
2012_MD,2012,2012,MD,regular,False,25.860174585771063,36.02316963954084,-0.5677849982105747,0.987036493932842,11.851115781192872,24.95715105742008,-11.066018582120758,11.066018582120758,0.9823930635013421,D,D,True
2012_MI,2012,2012,MI,regular,False,16.742603152309044,21.50553871325623,-0.5677849982105747,0.987036493932842,11.851115781192872,15.957775316553493,-5.547763396702736,5.547763396702736,0.9109327107372039,D,D,True
2012_MN,2012,2012,MN,regular,False,10.458749990785478,36.23860405374484,-0.5677849982105747,0.987036493932842,11.851115781192872,9.755382923614466,-26.48322113013037,26.48322113013037,0.7947919366220777,D,D,True
2012_MO,2012,2012,MO,regular,False,-0.1351582993532929,16.71556749173139,-0.5677849982105747,0.987036493932842,11.851115781192872,-0.7011911721301745,-17.416758663861565,17.416758663861565,0.4764096744179557,R,D,False
2012_MS,2012,2012,MS,regular,False,-13.283861985727668,-16.99449259042794,-0.5677849982105747,0.987036493932842,11.851115781192872,-13.679441558490973,3.3150510319369655,3.3150510319369655,0.12419380965339846,R,R,True
2012_MT,2012,2012,MT,regular,False,-2.3388065678814627,3.979091713748474,-0.5677849982105747,0.987036493932842,11.851115781192872,-2.876272432959397,-6.8553641467078705,6.8553641467078705,0.40411868692515135,R,D,False
2012_ND,2012,2012,ND,regular,False,-8.817312563936241,0.9182518186765378,-0.5677849982105747,0.987036493932842,11.851115781192872,-9.2707942772282,-10.189046095904738,10.189046095904738,0.21702741307681872,R,D,False
2012_NE,2012,2012,NE,regular,False,-15.218148844331282,-15.548865544300329,-0.5677849982105747,0.987036493932842,11.851115781192872,-15.588653277667454,-0.03978773336712571,0.03978773336712571,0.09419206704090986,R,R,True
2012_NJ,2012,2012,NJ,regular,False,15.7292597428479,19.840323838015877,-0.5677849982105747,0.987036493932842,11.851115781192872,14.957568390529012,-4.882755447486865,4.882755447486865,0.896547774139844,D,D,True
2012_NM,2012,2012,NM,regular,False,15.329800037595176,5.95158887087554,-0.5677849982105747,0.987036493932842,11.851115781192872,14.563287083588916,8.611698212713376,8.611698212713376,0.8904366620612979,D,D,True
2012_NV,2012,2012,NV,regular,False,12.773476250392209,-1.2809050430656723,-0.5677849982105747,0.987036493932842,11.851115781192872,12.040102215310975,13.321007258376648,13.321007258376648,0.8451726206216309,D,R,False
2012_NY,2012,2012,NY,regular,False,31.52771475956852,46.51511255351639,-0.5677849982105747,0.987036493932842,11.851115781192872,30.551220039788653,-15.963892513727735,15.963892513727735,0.9950301395172975,D,D,True
2012_OH,2012,2012,OH,regular,False,4.667681524508254,6.2899714181396575,-0.5677849982105747,0.987036493932842,11.851115781192872,4.039387008535154,-2.250584409604503,2.250584409604503,0.6333896561529128,D,D,True
2012_PA,2012,2012,PA,regular,False,10.459407630968895,9.261954081514574,-0.5677849982105747,0.987036493932842,11.851115781192872,9.756032038475377,0.4940779569608029,0.4940779569608029,0.7948075079163559,D,D,True
2012_RI,2012,2012,RI,regular,False,28.39627501829155,29.912571658646016,-0.5677849982105747,0.987036493932842,11.851115781192872,27.460374736596666,-2.4521969220493496,2.4521969220493496,0.9897512121610041,D,D,True
2012_TN,2012,2012,TN,regular,False,-15.262943604708925,-36.186410224537525,-0.5677849982105747,0.987036493932842,11.851115781192872,-15.632867340897166,20.55354288364036,20.55354288364036,0.09356698817006952,R,R,True
2012_TX,2012,2012,TX,regular,False,-11.87187350188144,-16.309097081569973,-0.5677849982105747,0.987036493932842,11.851115781192872,-12.285757395921843,4.02333968564813,4.02333968564813,0.14994363521766432,R,R,True
2012_UT,2012,2012,UT,regular,False,-29.05272274548014,-37.07577325658352,-0.5677849982105747,0.987036493932842,11.851115781192872,-29.243882596112222,7.831890660471295,7.831890660471295,0.006801000037193458,R,R,True
2012_VA,2012,2012,VA,regular,False,6.3651688122551064,5.9153880181019645,-0.5677849982105747,0.987036493932842,11.851115781192872,5.714868909528377,-0.20051910857358735,0.20051910857358735,0.6851758796283982,D,D,True
2012_VT,2012,2012,VT,regular,False,37.79836347867621,48.06836072464077,-0.5677849982105747,0.987036493932842,11.851115781192872,36.74057916618117,-11.327781558459598,11.327781558459598,0.9990329810806814,D,D,True
2012_WA,2012,2012,WA,regular,False,17.5040536042179,20.901982363426015,-0.5677849982105747,0.987036493932842,11.851115781192872,16.70935470090919,-4.1926276625168235,4.1926276625168235,0.9207212066244146,D,D,True
2012_WI,2012,2012,WI,regular,False,14.111356495636826,5.704300652835613,-0.5677849982105747,0.987036493932842,11.851115781192872,13.360638841879233,7.65633818904362,7.65633818904362,0.8702077893271505,D,D,True
2012_WV,2012,2012,WV,regular,False,-13.347487534274508,24.834513060240212,-0.5677849982105747,0.987036493932842,11.851115781192872,-13.7422422968532,-38.57675535709341,38.57675535709341,0.12311120490728238,R,D,False
2012_WY,2012,2012,WY,regular,False,-33.124046710191834,-55.496518640696024,-0.5677849982105747,0.987036493932842,11.851115781192872,-33.26242792790601,22.234090712790014,22.234090712790014,0.002502656273983382,R,R,True
2014_AK,2014,2014,AK,regular,False,-14.63058096312075,-2.2704963832132705,0.2893699594219427,0.990762855036325,12.04410215840789,-14.206066206439676,-11.935569823226405,11.935569823226405,0.11909878012449579,R,R,True
2014_AR,2014,2014,AR,regular,False,-24.30881070245924,-17.791666102906177,0.2893699594219427,0.990762855036325,12.04410215840789,-23.794896734684148,-6.003230631777971,6.003230631777971,0.02409737429199601,R,R,True
2014_CO,2014,2014,CO,regular,False,5.495976628405032,-2.0584058661040388,0.2893699594219427,0.990762855036325,12.04410215840789,5.734579454993427,7.792985321097466,7.792985321097466,0.6830097411405109,D,R,False
2014_DE,2014,2014,DE,regular,False,18.89390983855633,13.871482233591024,0.2893699594219427,0.990762855036325,12.04410215840789,19.008754013868923,5.137271780277899,5.137271780277899,0.9427473341051626,D,D,True
2014_GA,2014,2014,GA,regular,False,-7.913298196113445,-7.831874164069305,0.2893699594219427,0.990762855036325,12.04410215840789,-7.550831954113215,0.2810422099560901,0.2810422099560901,0.2653519350213924,R,R,True
2014_HI,2014,2014,HI,special,True,43.40769700214883,43.157412428624866,0.2893699594219427,0.990762855036325,12.04410215840789,43.29610377182264,0.13869134319777032,0.13869134319777032,0.9998376777706033,D,D,True
2014_IA,2014,2014,IA,regular,False,5.918703856200352,-8.698964398007291,0.2893699594219427,0.990762855036325,12.04410215840789,6.15340189010551,14.852366288112801,14.852366288112801,0.695291497188637,D,R,False
2014_ID,2014,2014,ID,regular,False,-32.84277368715067,-30.65672392890638,0.2893699594219427,0.990762855036325,12.04410215840789,-32.25003026617134,-1.5933063372649627,1.5933063372649627,0.0037069035915733655,R,R,True
2014_IL,2014,2014,IL,regular,False,17.155046784233818,11.27730879697269,0.2893699594219427,0.990762855036325,12.04410215840789,17.285953089651166,6.0086442926784756,6.0086442926784756,0.9243879904944489,D,D,True
2014_KS,2014,2014,KS,regular,False,-22.22665349050611,-11.098776187913444,0.2893699594219427,0.990762855036325,12.04410215840789,-21.731972710734986,-10.633196522821542,10.633196522821542,0.03558694691216659,R,R,True
2014_KY,2014,2014,KY,regular,False,-23.08554478760982,-15.960574494155525,0.2893699594219427,0.990762855036325,12.04410215840789,-22.582930304419314,-6.622355810263789,6.622355810263789,0.030394998199322617,R,R,True
2014_LA,2014,2014,LA,regular,False,-17.49365122822796,-4.61783687567376,0.2893699594219427,0.990762855036325,12.04410215840789,-17.042689876466905,-12.424853000793146,12.424853000793146,0.07853077516351026,R,R,True
2014_MA,2014,2014,MA,regular,False,23.571361498120012,23.920238014039143,0.2893699594219427,0.990762855036325,12.04410215840789,23.642999374392634,-0.27723863964650874,0.27723863964650874,0.9751789718794583,D,D,True
2014_ME,2014,2014,ME,regular,False,15.71984278715422,-36.97684009679358,0.2893699594219427,0.990762855036325,12.04410215840789,15.86400627994504,52.84084637673862,52.84084637673862,0.9061074545044393,D,R,False
2014_MI,2014,2014,MI,regular,False,9.601064142355751,13.847021920547816,0.2893699594219427,0.990762855036325,12.04410215840789,9.801747680489212,-4.045274240058603,4.045274240058603,0.7921263536344352,D,D,True
2014_MN,2014,2014,MN,regular,False,7.882452923396386,10.663790458498127,0.2893699594219427,0.990762855036325,12.04410215840789,8.099011522495573,-2.564778936002554,2.564778936002554,0.7493501812923146,D,D,True
2014_MS,2014,2014,MS,regular,False,-11.60379839757556,-22.50161833247023,0.2893699594219427,0.990762855036325,12.04410215840789,-11.207242470225951,11.294375862244278,11.294375862244278,0.17605171895511743,R,R,True
2014_MT,2014,2014,MT,regular,False,-14.068463727762918,-18.106180556131235,0.2893699594219427,0.990762855036325,12.04410215840789,-13.649141329471425,4.457039226659811,4.457039226659811,0.12855180804464186,R,R,True
2014_NC,2014,2014,NC,regular,False,-2.0680698060100013,-1.6283279362778558,0.2893699594219427,0.990762855036325,12.04410215840789,-1.759596785994945,-0.1312688497170893,0.1312688497170893,0.44192274838829015,R,R,True
2014_NE,2014,2014,NE,regular,False,-22.25878053645073,-34.283832564319965,0.2893699594219427,0.990762855036325,12.04410215840789,-21.763802994498963,12.520029569821002,12.520029569821002,0.035380425040443204,R,R,True
2014_NH,2014,2014,NH,regular,False,5.667503956516214,3.255085493010725,0.2893699594219427,0.990762855036325,12.04410215840789,5.904522360309614,2.6494368672988893,2.6494368672988893,0.6880185984842986,D,D,True
2014_NJ,2014,2014,NJ,regular,False,17.90393110117155,13.76275567892334,0.2893699594219427,0.990762855036325,12.04410215840789,18.027919853592323,4.265164174668984,4.265164174668984,0.9327806720362393,D,D,True
2014_NM,2014,2014,NM,regular,False,10.590409293817387,11.11762035747401,0.2893699594219427,0.990762855036325,12.04410215840789,10.781954107367689,-0.33566625010632123,0.33566625010632123,0.8146615463167202,D,D,True
2014_OK_REGULAR,2014,2014,OK,regular,False,-33.54463948603311,-40.86688126914103,0.2893699594219427,0.990762855036325,12.04410215840789,-32.94541282892447,7.9214684402165645,7.9214684402165645,0.0031152447256165747,R,R,True
2014_OK_SPECIAL,2014,2014,OK,special,True,-33.54463948603311,-40.13951001666823,0.2893699594219427,0.990762855036325,12.04410215840789,-32.94541282892447,7.194097187743765,7.194097187743765,0.0031152447256165747,R,R,True
2014_OR,2014,2014,OR,regular,False,12.542334357494768,20.370419629609927,0.2893699594219427,0.990762855036325,12.04410215840789,12.715848956273652,-7.654570673336275,7.654570673336275,0.8544642421163177,D,D,True
2014_RI,2014,2014,RI,regular,False,28.033491957764248,41.40580795867984,0.2893699594219427,0.990762855036325,12.04410215840789,28.063912488134306,-13.34189547054553,13.34189547054553,0.9900994572065145,D,D,True
2014_SC_REGULAR,2014,2014,SC,regular,False,-10.616509409130742,-16.640291747625824,0.2893699594219427,0.990762855036325,12.04410215840789,-10.229073213288439,6.411218534337385,6.411218534337385,0.1978567920487353,R,R,True
2014_SC_SPECIAL,2014,2014,SC,special,True,-10.616509409130742,-24.46026374139339,0.2893699594219427,0.990762855036325,12.04410215840789,-10.229073213288439,14.231190528104952,14.231190528104952,0.1978567920487353,R,R,True
2014_SD,2014,2014,SD,regular,False,-18.436998276390483,-26.113702245101862,0.2893699594219427,0.990762855036325,12.04410215840789,-17.977323091194496,8.136379153907367,8.136379153907367,0.06776774095097693,R,R,True
2014_TN,2014,2014,TN,regular,False,-20.7021430525881,-32.00774883825659,0.2893699594219427,0.990762855036325,12.04410215840789,-20.22154439673066,11.786204441525928,11.786204441525928,0.04658009269800477,R,R,True
2014_TX,2014,2014,TX,regular,False,-16.015794430212765,-28.350913831561822,0.2893699594219427,0.990762855036325,12.04410215840789,-15.578484255930528,12.772429575631294,12.772429575631294,0.09792715470088414,R,R,True
2014_VA,2014,2014,VA,regular,False,3.9347533775289634,0.8324071060998648,0.2893699594219427,0.990762855036325,12.04410215840789,4.187777449606362,3.3553703435064968,3.3553703435064968,0.6359685964555382,D,D,True
2014_WV,2014,2014,WV,regular,False,-27.348595264085475,-28.63206901273449,0.2893699594219427,0.990762855036325,12.04410215840789,-26.8066023656563,1.8254666470781906,1.8254666470781906,0.013017018418888032,R,R,True
2014_WY,2014,2014,WY,regular,False,-42.32126802304285,-61.07227806083574,0.2893699594219427,0.990762855036325,12.04410215840789,-41.64097037584552,19.431307684990223,19.431307684990223,0.00027273323041847173,R,R,True
2016_AK,2016,2016,AK,regular,False,-14.63058096312075,-58.47409506220282,0.653265342463223,0.9651773704610455,11.387863048556671,-13.467840319839091,45.00625474236373,45.00625474236373,0.11847422093336774,R,R,True
2016_AL,2016,2016,AL,regular,False,-22.432457066875415,-28.14048093566937,0.653265342463223,0.9651773704610455,11.387863048556671,-20.99803458232389,7.1424463533454805,7.1424463533454805,0.03259915254738405,R,R,True
2016_AR,2016,2016,AR,regular,False,-24.30881070245924,-24.598667778419824,0.653265342463223,0.9651773704610455,11.387863048556671,-22.809048650371707,1.7896191280481162,1.7896191280481162,0.022592608094152405,R,R,True
2016_AZ,2016,2016,AZ,regular,False,-9.226760447406376,-13.721830302462408,0.653265342463223,0.9651773704610455,11.387863048556671,-8.25219504403844,5.469635258423967,5.469635258423967,0.23433392477534254,R,R,True
2016_CO,2016,2016,CO,regular,False,5.495976628405032,6.008906322746697,0.653265342463223,0.9651773704610455,11.387863048556671,5.957857612782554,-0.05104870996414235,0.05104870996414235,0.699574139128911,D,D,True
2016_CT,2016,2016,CT,regular,False,17.54515495381419,29.211732267578704,0.653265342463223,0.9651773704610455,11.387863048556671,17.58745186511719,-11.624280402461515,11.624280402461515,0.9387546544917849,D,D,True
2016_FL,2016,2016,FL,regular,False,0.8845042787324644,-7.961156507461695,0.653265342463223,0.9651773704610455,11.387863048556671,1.5069688563717665,9.468125363833462,9.468125363833462,0.5526388096078504,D,R,False
2016_GA,2016,2016,GA,regular,False,-7.913298196113445,-14.35083409806154,0.653265342463223,0.9651773704610455,11.387863048556671,-6.9844710021356855,7.366363095925855,7.366363095925855,0.26983044579361776,R,R,True
2016_HI,2016,2016,HI,regular,False,43.40769700214883,53.58728838818104,0.653265342463223,0.9651773704610455,11.387863048556671,42.54939219276704,-11.037896195414,11.037896195414,0.9999066560363977,D,D,True
2016_IA,2016,2016,IA,regular,False,5.918703856200352,-25.52053011012785,0.653265342463223,0.9651773704610455,11.387863048556671,6.365864366928329,31.88639447705618,31.88639447705618,0.7119206058752239,D,R,False
2016_ID,2016,2016,ID,regular,False,-32.84277368715067,-40.919804288946835,0.653265342463223,0.9651773704610455,11.387863048556671,-31.045836603548075,9.87396768539876,9.87396768539876,0.003203199946109445,R,R,True
2016_IL,2016,2016,IL,regular,False,17.155046784233818,15.935102754485117,0.653265342463223,0.9651773704610455,11.387863048556671,17.210928287806233,1.2758255333211164,1.2758255333211164,0.9346490241560655,D,D,True
2016_IN,2016,2016,IN,regular,False,-10.400749194654608,-10.261338057669208,0.653265342463223,0.9651773704610455,11.387863048556671,-9.385302416058348,0.8760356416108603,0.8760356416108603,0.20492728912246427,R,R,True
2016_KS,2016,2016,KS,regular,False,-22.22665349050611,-31.70856277582555,0.653265342463223,0.9651773704610455,11.387863048556671,-20.799397627652283,10.909165148173265,10.909165148173265,0.03389102075185651,R,R,True
2016_KY,2016,2016,KY,regular,False,-23.08554478760982,-14.549104429230924,0.653265342463223,0.9651773704610455,11.387863048556671,-21.62838007130272,-7.079275642071794,7.079275642071794,0.028765915367621357,R,R,True
2016_LA,2016,2016,LA,regular,False,-17.49365122822796,-21.30922040210089,0.653265342463223,0.9651773704610455,11.387863048556671,-16.23121094976048,5.07800945234041,5.07800945234041,0.0770341115227828,R,R,True
2016_MD,2016,2016,MD,regular,False,26.64345157381196,26.11051851041458,0.653265342463223,0.9651773704610455,11.387863048556671,26.368921872481252,0.258403362066673,0.258403362066673,0.9897079876785899,D,D,True
2016_MO,2016,2016,MO,regular,False,-9.557333506759946,-2.921537575905546,0.653265342463223,0.9651773704610455,11.387863048556671,-8.571256680210583,-5.649719104305037,5.649719104305037,0.22582534015946765,R,R,True
2016_NC,2016,2016,NC,regular,False,-2.0680698060100013,-5.907120107897768,0.653265342463223,0.9651773704610455,11.387863048556671,-1.3427888348313943,4.564331273066374,4.564331273066374,0.4530678878982455,R,R,True
2016_ND,2016,2016,ND,regular,False,-20.222416577823452,-64.44460759121944,0.653265342463223,0.9651773704610455,11.387863048556671,-18.86495351448827,45.57965407673117,45.57965407673117,0.04880178874851626,R,R,True
2016_NH,2016,2016,NH,regular,False,5.667503956516214,0.1435870791394933,0.653265342463223,0.9651773704610455,11.387863048556671,6.123411908291114,5.979824829151621,5.979824829151621,0.7046126988340685,D,D,True
2016_NV,2016,2016,NV,regular,False,6.815084326693068,2.646319389070399,0.653265342463223,0.9651773704610455,11.387863048556671,7.231030512371123,4.584711123300724,4.584711123300724,0.7372782748883973,D,D,True
2016_NY,2016,2016,NY,regular,False,32.08538974055478,44.42624578533713,0.653265342463223,0.9651773704610455,11.387863048556671,31.62135744246969,-12.80488834286744,12.80488834286744,0.9972548110130784,D,D,True
2016_OH,2016,2016,OH,regular,False,3.0281135384989852,-21.926780992967423,0.653265342463223,0.9651773704610455,11.387863048556671,3.575932005009165,25.502712997976587,25.502712997976587,0.6232442495010835,D,R,False
2016_OK,2016,2016,OK,regular,False,-33.54463948603311,-46.751914829634586,0.653265342463223,0.9651773704610455,11.387863048556671,-31.723261589729972,15.028653239904614,15.028653239904614,0.002670547758580358,R,R,True
2016_OR,2016,2016,OR,regular,False,12.542334357494768,25.851642016256463,0.653265342463223,0.9651773704610455,11.387863048556671,12.75884263707325,-13.092799379183212,13.092799379183212,0.8687260997051198,D,D,True
2016_PA,2016,2016,PA,regular,False,5.463868003783659,-1.490360364975828,0.653265342463223,0.9651773704610455,11.387863048556671,5.926867094901377,7.417227459877205,7.417227459877205,0.6986266608586279,D,R,False
2016_SC,2016,2016,SC,regular,False,-10.616509409130742,-24.245946350276768,0.653265342463223,0.9651773704610455,11.387863048556671,-9.593549292516535,14.652397057760233,14.652397057760233,0.19977188872134902,R,R,True
2016_SD,2016,2016,SD,regular,False,-18.436998276390483,-43.65572315882875,0.653265342463223,0.9651773704610455,11.387863048556671,-17.141708173138174,26.514014985690576,26.514014985690576,0.0661284707037783,R,R,True
2016_UT,2016,2016,UT,regular,False,-49.25237779029496,-43.157093923421826,0.653265342463223,0.9651773704610455,11.387863048556671,-46.88401514212766,-3.726921218705833,3.726921218705833,1.9190466254771104e-05,R,R,True
2016_VT,2016,2016,VT,regular,False,36.49451765278124,29.946599972962012,0.653265342463223,0.9651773704610455,11.387863048556671,35.87694792681882,5.93034795385681,5.93034795385681,0.9991849176363035,D,D,True
2016_WA,2016,2016,WA,regular,False,15.256596541243695,18.026020891574888,0.653265342463223,0.9651773704610455,11.387863048556671,15.378587074325894,-2.6474338172489933,2.6474338172489933,0.9115620115389943,D,D,True
2016_WI,2016,2016,WI,regular,False,6.926859965744825,-3.4665288484603565,0.653265342463223,0.9651773704610455,11.387863048556671,7.338913829752701,10.805442678213058,10.805442678213058,0.7403583209268642,D,R,False
2018_AZ,2018,2018,AZ,regular,False,-3.778240892273402,2.402957486136785,-1.965220981956478,1.0376073542919226,11.362977427176506,-5.885551518065836,-8.28850900420262,8.28850900420262,0.30224358850619026,R,D,False
2018_CT,2018,2018,CT,regular,False,14.283095034527278,20.408576995776254,-1.965220981956478,1.0376073542919226,11.362977427176506,12.85502346791947,-7.553553527856785,7.553553527856785,0.8710371904871549,D,D,True
2018_DE,2018,2018,DE,regular,False,11.997242887362448,22.639007988446096,-1.965220981956478,1.0376073542919226,11.362977427176506,10.48320646919726,-12.155801519248836,12.155801519248836,0.8218858091924716,D,D,True
2018_FL,2018,2018,FL,regular,False,-1.2376709455509598,-0.1225183560779328,-1.965220981956478,1.0376073542919226,11.362977427176506,-3.249437457253592,-3.126919101175659,3.126919101175659,0.38745166832751265,R,R,True
2018_HI,2018,2018,HI,regular,False,34.882674901070914,42.30219569410147,-1.965220981956478,1.0376073542919226,11.362977427176506,34.22929903276897,-8.0728966613325,8.0728966613325,0.998703845185096,D,D,True
2018_IN,2018,2018,IN,regular,False,-20.234619049016143,-6.162903216195062,-1.965220981956478,1.0376073542919226,11.362977427176506,-22.960810518511057,-16.797907302315995,16.797907302315995,0.02165704652648696,R,R,True
2018_MA,2018,2018,MA,regular,False,29.302557379258985,25.038879177334593,-1.965220981956478,1.0376073542919226,11.362977427176506,28.439328054323692,3.400448876989099,3.400448876989099,0.9938393468662551,D,D,True
2018_MD,2018,2018,MD,regular,False,28.02199101713032,36.30566322052462,-1.965220981956478,1.0376073542919226,11.362977427176506,27.110602979320134,-9.195060241204487,9.195060241204487,0.9914806461962492,D,D,True
2018_MI,2018,2018,MI,regular,False,-0.235336433923095,6.6371383113556135,-1.965220981956478,1.0376073542919226,11.362977427176506,-2.2094077965279166,-8.84654610788353,8.84654610788353,0.4229160145049318,R,D,False
2018_MN_REGULAR,2018,2018,MN,regular,False,1.6633874143609688,24.963466608899424,-1.965220981956478,1.0376073542919226,11.362977427176506,-0.2392779677789112,-25.202744576678334,25.202744576678334,0.4915998210478116,R,D,False
2018_MN_SPECIAL,2018,2018,MN,special,True,1.6633874143609688,11.140619798671466,-1.965220981956478,1.0376073542919226,11.362977427176506,-0.2392779677789112,-11.379897766450377,11.379897766450377,0.4915998210478116,R,D,False
2018_MO,2018,2018,MO,regular,False,-19.637121991132133,-5.996633249741748,-1.965220981956478,1.0376073542919226,11.362977427176506,-22.34084317708282,-16.344209927341073,16.344209927341073,0.024643056287018104,R,R,True
2018_MS_REGULAR,2018,2018,MS,regular,False,-18.17969464812012,-19.41285627996939,-1.965220981956478,1.0376073542919226,11.362977427176506,-20.82860584762742,-1.415749567658029,1.415749567658029,0.03339953038977648,R,R,True
2018_MS_SPECIAL,2018,2018,MS,special,True,-18.17969464812012,-7.266512999290427,-1.965220981956478,1.0376073542919226,11.362977427176506,-20.82860584762742,-13.562092848336992,13.562092848336992,0.03339953038977648,R,R,True
2018_MT,2018,2018,MT,regular,False,-22.21932863404888,3.6569158437772415,-1.965220981956478,1.0376073542919226,11.362977427176506,-25.020159780074692,-28.677075623851934,28.677075623851934,0.01383612499691976,R,D,False
2018_ND,2018,2018,ND,regular,False,-39.6184857930395,-10.905410742496043,-1.965220981956478,1.0376073542919226,11.362977427176506,-43.073653206724316,-32.16824246422827,32.16824246422827,7.511126571248769e-05,R,R,True
2018_NE,2018,2018,NE,regular,False,-27.095348226355146,-19.79502813980163,-1.965220981956478,1.0376073542919226,11.362977427176506,-30.079553568723178,-10.284525428921548,10.284525428921548,0.004058616351050446,R,R,True
2018_NJ,2018,2018,NJ,regular,False,14.56838028580259,11.544410589867937,-1.965220981956478,1.0376073542919226,11.362977427176506,13.151037542713752,1.606626952845815,1.606626952845815,0.8764370216712442,D,D,True
2018_NM,2018,2018,NM,regular,False,9.301589868648222,27.83688334059555,-1.965220981956478,1.0376073542919226,11.362977427176506,7.686177072360155,-20.150706268235393,20.150706268235393,0.7506138790866296,D,D,True
2018_NV,2018,2018,NV,regular,False,2.587418839970397,5.247548248472796,-1.965220981956478,1.0376073542919226,11.362977427176506,0.7195038350302807,-4.528044413442515,4.528044413442515,0.5252441586448511,D,D,True
2018_NY,2018,2018,NY,regular,False,26.82301299955074,33.99933379035469,-1.965220981956478,1.0376073542919226,11.362977427176506,25.866534570645214,-8.132799219709476,8.132799219709476,0.9885885727155945,D,D,True
2018_OH,2018,2018,OH,regular,False,-8.535369154271805,6.847342539013482,-1.965220981956478,1.0376073542919226,11.362977427176506,-10.821582788025331,-17.668925327038814,17.668925327038814,0.1704586110403519,R,D,False
2018_PA,2018,2018,PA,regular,False,-0.7510716149803329,13.085564092459125,-1.965220981956478,1.0376073542919226,11.362977427176506,-2.744538413259983,-15.830102505719108,15.830102505719108,0.40457087198979724,R,D,False
2018_RI,2018,2018,RI,regular,False,16.621408185319623,23.159474112658216,-1.965220981956478,1.0376073542919226,11.362977427176506,15.281274389819124,-7.878199722839092,7.878199722839092,0.9106599507930101,D,D,True
2018_TN,2018,2018,TN,regular,False,-27.248686090523975,-10.937204153944108,-1.965220981956478,1.0376073542919226,11.362977427176506,-30.238658064276173,-19.301453910332064,19.301453910332064,0.003893640867228736,R,R,True
2018_TX,2018,2018,TX,regular,False,-9.42645115594398,-2.5874814972216456,-1.965220981956478,1.0376073542919226,11.362977427176506,-11.746176026237546,-9.1586945290159,9.1586945290159,0.15063273771162725,R,R,True
2018_UT,2018,2018,UT,regular,False,-24.76579669082257,-33.878940101996875,-1.965220981956478,1.0376073542919226,11.362977427176506,-27.662393763252535,6.21654633874434,6.21654633874434,0.007457594836177637,R,R,True
2018_VA,2018,2018,VA,regular,False,5.6527525543094015,16.319900580969303,-1.965220981956478,1.0376073542919226,11.362977427176506,3.9001166403874077,-12.419783940581896,12.419783940581896,0.6342873442033801,D,D,True
2018_VT,2018,2018,VT,regular,False,30.37285264764074,42.16474561566585,-1.965220981956478,1.0376073542919226,11.362977427176506,29.549874296060448,-12.614871319605403,12.614871319605403,0.9953461380248574,D,D,True
2018_WA,2018,2018,WA,regular,False,17.573862400129528,16.867519849859107,-1.965220981956478,1.0376073542919226,11.362977427176506,16.26954788773222,-0.5979719621268877,0.5979719621268877,0.9238999300074384,D,D,True
2018_WI,2018,2018,WI,regular,False,-0.8159780760594231,10.83712500456204,-1.965220981956478,1.0376073542919226,11.362977427176506,-2.8118858346167093,-13.64901083917875,13.64901083917875,0.40227600502217403,R,D,False
2018_WV,2018,2018,WV,regular,False,-44.32210450259154,3.3894179136536167,-1.965220981956478,1.0376073542919226,11.362977427176506,-47.9541625715406,-51.34358048519422,51.34358048519422,1.2203687199330343e-05,R,D,False
2018_WY,2018,2018,WY,regular,False,-51.41063925830758,-37.97819051140363,-1.965220981956478,1.0376073542919226,11.362977427176506,-55.30927836522546,-17.331087853821828,17.331087853821828,5.650977467706652e-07,R,R,True
2020_AK,2020,2020,AK,regular,False,-16.77130942213614,-13.359036716293971,-0.8064549631837377,1.001986412981499,12.44618361684731,-17.611079132072746,-4.252042415778774,4.252042415778774,0.07853743638422343,R,R,True
2020_AL,2020,2020,AL,regular,False,-28.748287187921484,-20.39295082406724,-0.8064549631837377,1.001986412981499,12.44618361684731,-29.61184812197117,-9.218897297903933,9.218897297903933,0.008675341393368941,R,R,True
2020_AZ,2020,2020,AZ,special,True,-3.778240892273402,2.3495227373552865,-0.8064549631837377,1.001986412981499,12.44618361684731,-4.592201002212782,-6.941723739568069,6.941723739568069,0.35607706027357217,R,D,False
2020_CO,2020,2020,CO,regular,False,5.366666745364867,9.543169885775072,-0.8064549631837377,1.001986412981499,12.44618361684731,4.570872198671501,-4.972297687103571,4.972297687103571,0.643284064365137,D,D,True
2020_DE,2020,2020,DE,regular,False,11.997242887362448,22.130005147972824,-0.8064549631837377,1.001986412981499,12.44618361684731,11.214619403192364,-10.91538574478046,10.91538574478046,0.81621882575922,D,D,True
2020_GA_REGULAR,2020,2020,GA,regular,False,-5.322345198606428,-1.8212843302317765,-0.8064549631837377,1.001986412981499,12.44618361684731,-6.139372537384697,-4.31808820715292,4.31808820715292,0.3109096755618641,R,R,True
2020_IA,2020,2020,IA,regular,False,-10.127095690240694,-6.799246352762225,-0.8064549631837377,1.001986412981499,12.44618361684731,-10.953667247768408,-4.154420895006183,4.154420895006183,0.1894073342313021,R,R,True
2020_ID,2020,2020,ID,regular,False,-36.620353361611166,-30.641627543035987,-0.8064549631837377,1.001986412981499,12.44618361684731,-37.49955147009949,-6.857923927063503,6.857923927063503,0.0012936684805993487,R,R,True
2020_IL,2020,2020,IL,regular,False,18.04010278142296,17.129742087590202,-0.8064549631837377,1.001986412981499,12.44618361684731,17.26948291259182,0.139740825001617,0.139740825001617,0.9173602593813446,D,D,True
2020_KS,2020,2020,KS,regular,False,-22.22294068521333,-12.0379348237619,-0.8064549631837377,1.001986412981499,12.44618361684731,-23.073539586261262,-11.035604762499363,11.035604762499363,0.031879264630086994,R,R,True
2020_KY,2020,2020,KY,regular,False,-31.341258035019727,-20.348541061255716,-0.8064549631837377,1.001986412981499,12.44618361684731,-32.20996968002074,-11.861428618765025,11.861428618765025,0.004827597444772599,R,R,True
2020_LA,2020,2020,LA,regular,False,-20.343354475615584,-51.44061118070289,-0.8064549631837377,1.001986412981499,12.44618361684731,-21.190219742216918,30.25039143848597,30.25039143848597,0.04432638396789052,R,R,True
2020_MA,2020,2020,MA,regular,False,29.302557379258985,33.37630608212415,-0.8064549631837377,1.001986412981499,12.44618361684731,28.55430939644453,-4.821996685679622,4.821996685679622,0.9891111274766637,D,D,True
2020_ME,2020,2020,ME,regular,False,3.1935822583250655,-9.20707886851065,-0.8064549631837377,1.001986412981499,12.44618361684731,2.39347106839675,11.600549936907399,11.600549936907399,0.5762485921377083,D,R,False
2020_MI,2020,2020,MI,regular,False,-0.235336433923095,1.7172850548123364,-0.8064549631837377,1.001986412981499,12.44618361684731,-1.0422588724541972,-2.7595439272665336,2.7595439272665336,0.4666310830131555,R,D,False
2020_MN,2020,2020,MN,regular,False,1.6633874143609688,5.679457423042791,-0.8064549631837377,1.001986412981499,12.44618361684731,0.8602366255303799,-4.819220797512411,4.819220797512411,0.5275515555513883,D,D,True
2020_MS,2020,2020,MS,regular,False,-18.17969464812012,-10.155239628567571,-0.8064549631837377,1.001986412981499,12.44618361684731,-19.02226199275257,-8.867022364184997,8.867022364184997,0.06321146260648433,R,R,True
2020_MT,2020,2020,MT,regular,False,-22.21932863404888,-10.024321499512084,-0.8064549631837377,1.001986412981499,12.44618361684731,-23.069920360071485,-13.045598860559402,13.045598860559402,0.03190007654088542,R,R,True
2020_NC,2020,2020,NC,regular,False,-3.807491607437427,-1.826603939251612,-0.8064549631837377,1.001986412981499,12.44618361684731,-4.621509821377128,-2.7949058821255157,2.7949058821255157,0.35519981342694396,R,R,True
2020_NE,2020,2020,NE,regular,False,-27.095348226355146,-43.95175515420045,-0.8064549631837377,1.001986412981499,12.44618361684731,-27.955625740993952,15.996129413206496,15.996129413206496,0.012348151545980962,R,R,True
2020_NH,2020,2020,NH,regular,False,0.3940568847614116,16.02932792111268,-0.8064549631837377,1.001986412981499,12.44618361684731,-0.41161531871098694,-16.440943239823667,16.440943239823667,0.4868087415292619,R,D,False
2020_NJ,2020,2020,NJ,regular,False,14.56838028580259,16.615139632373698,-0.8064549631837377,1.001986412981499,12.44618361684731,13.790864142337986,-2.8242754900357117,2.8242754900357117,0.8660776399324009,D,D,True
2020_NM,2020,2020,NM,regular,False,9.301589868648222,6.27123541097869,-0.8064549631837377,1.001986412981499,12.44618361684731,8.513611704328147,2.242376293349457,2.242376293349457,0.7530231249266572,D,D,True
2020_OK,2020,2020,OK,regular,False,-38.60947447665626,-31.525022113596386,-0.8064549631837377,1.001986412981499,12.44618361684731,-39.492623801149286,-7.9676016875529,7.9676016875529,0.0007541782678311223,R,R,True
2020_OR,2020,2020,OR,regular,False,12.311677890108712,18.274771796454655,-0.8064549631837377,1.001986412981499,12.44618361684731,11.529679003709921,-6.7450927927447335,6.7450927927447335,0.8228712129928935,D,D,True
2020_RI,2020,2020,RI,regular,False,16.621408185319623,33.17984958322271,-0.8064549631837377,1.001986412981499,12.44618361684731,15.847970203125998,-17.331879380096716,17.331879380096716,0.8985476821929276,D,D,True
2020_SC,2020,2020,SC,regular,False,-14.92051272104804,-10.415832481506795,-0.8064549631837377,1.001986412981499,12.44618361684731,-15.756605984391488,-5.3407735028846925,5.3407735028846925,0.10276031626481173,R,R,True
2020_SD,2020,2020,SD,regular,False,-31.943716158862507,-31.470495146578337,-0.8064549631837377,1.001986412981499,12.44618361684731,-32.813624534501535,-1.3431293879231987,1.3431293879231987,0.004189042633519558,R,R,True
2020_TN,2020,2020,TN,regular,False,-27.248686090523975,-27.770345608038824,-0.8064549631837377,1.001986412981499,12.44618361684731,-28.10926819748672,-0.3389225894478969,0.3389225894478969,0.01195834685046858,R,R,True
2020_TX,2020,2020,TX,regular,False,-9.42645115594398,-9.899042062075353,-0.8064549631837377,1.001986412981499,12.44618361684731,-10.251630944073352,-0.352588881997999,0.352588881997999,0.20506165250150868,R,R,True
2020_VA,2020,2020,VA,regular,False,5.6527525543094015,12.09582841271353,-0.8064549631837377,1.001986412981499,12.44618361684731,4.857526292180746,-7.238302120532784,7.238302120532784,0.6518361282996462,D,D,True
2020_WV,2020,2020,WV,regular,False,-44.32210450259154,-44.49214332185656,-0.8064549631837377,1.001986412981499,12.44618361684731,-45.21660146952659,-0.7244581476700276,0.7244581476700276,0.00014008924815371994,R,R,True
2020_WY,2020,2020,WY,regular,False,-51.41063925830758,-46.2715881653659,-0.8064549631837377,1.001986412981499,12.44618361684731,-52.31921698270119,-6.047628817335294,6.047628817335294,1.3133100420935725e-05,R,R,True
2022_AL,2022,2022,AL,regular,False,-25.82274966670944,-36.652984262818194,0.1777804138266528,0.9813104360389496,12.451850011269997,-25.16235332133663,11.490630941481562,11.490630941481562,0.021651671861178765,R,R,True
2022_AR,2022,2022,AR,regular,False,-28.424866555966304,-35.782880140816665,0.1777804138266528,0.9813104360389496,12.451850011269997,-27.715837780557596,8.06704236025907,8.06704236025907,0.013012418077341499,R,R,True
2022_AZ,2022,2022,AZ,regular,False,0.3136633582586228,4.992147589578039,0.1777804138266528,0.9813104360389496,12.451850011269997,0.48558154068886317,-4.506566048889176,4.506566048889176,0.5155535055940013,D,D,True
2022_CA_REGULAR,2022,2022,CA,regular,False,29.81782272133514,22.12900637700405,0.1777804138266528,0.9813104360389496,12.451850011269997,29.43832103023214,7.309314653228089,7.309314653228089,0.9909648011216269,D,D,True
2022_CA_SPECIAL,2022,2022,CA,special,True,29.81782272133514,21.787140037865683,0.1777804138266528,0.9813104360389496,12.451850011269997,29.43832103023214,7.651180992366456,7.651180992366456,0.9909648011216269,D,D,True
2022_CO,2022,2022,CO,regular,False,13.876638984600303,15.047246386477951,0.1777804138266528,0.9813104360389496,12.451850011269997,13.795071066559863,-1.2521753199180878,1.2521753199180878,0.8660417119469077,D,D,True
2022_FL,2022,2022,FL,regular,False,-3.389509324283111,-16.587594994456367,0.1777804138266528,0.9813104360389496,12.451850011269997,-3.1483804591436924,13.439214535312676,13.439214535312676,0.40019423062679005,R,R,True
2022_GA,2022,2022,GA,regular,False,0.2386593258172951,0.9774140180497994,0.1777804138266528,0.9813104360389496,12.451850011269997,0.41197930090918444,-0.565434717140615,0.565434717140615,0.5131969129604482,D,D,True
2022_HI,2022,2022,HI,regular,False,30.06532929302977,46.45313302387402,0.1777804138266528,0.9813104360389496,12.451850011269997,29.6812018120243,-16.771931211849715,16.771931211849715,0.9914297052168354,D,D,True
2022_IA,2022,2022,IA,regular,False,-8.36652616927411,-12.196840548191474,0.1777804138266528,0.9813104360389496,12.451850011269997,-8.032379029475006,4.164461518716468,4.164461518716468,0.25943924295826615,R,R,True
2022_ID,2022,2022,ID,regular,False,-31.754285850155743,-35.721031821889774,0.1777804138266528,0.9813104360389496,12.451850011269997,-30.983031679895127,4.738000141994647,4.738000141994647,0.0064190846961243355,R,R,True
2022_IL,2022,2022,IL,regular,False,17.318087465613843,15.584397861044309,0.1777804138266528,0.9813104360389496,12.451850011269997,17.17220037606884,1.5878025150245314,1.5878025150245314,0.916066231058001,D,D,True
2022_IN,2022,2022,IN,regular,False,-16.390096014885927,-21.495551038239668,0.1777804138266528,0.9813104360389496,12.451850011269997,-15.905991853261305,5.589559184978363,5.589559184978363,0.10073055153233727,R,R,True
2022_KS,2022,2022,KS,regular,False,-14.9868565112627,-23.66328612885694,0.1777804138266528,0.9813104360389496,12.451850011269997,-14.528978284093718,9.13430784476322,9.13430784476322,0.12164298336570267,R,R,True
2022_KY,2022,2022,KY,regular,False,-26.40020580052594,-23.619806488332387,0.1777804138266528,0.9813104360389496,12.451850011269997,-25.729017051805464,-2.109210563473077,2.109210563473077,0.01940099250973649,R,R,True
2022_LA,2022,2022,LA,regular,False,-18.928880912582105,-55.0418251781291,0.1777804138266528,0.9813104360389496,12.451850011269997,-18.397327968228645,36.64449720990046,36.64449720990046,0.06977384537110726,R,R,True
2022_MD,2022,2022,MD,regular,False,34.058094094184675,31.743055937654752,0.1777804138266528,0.9813104360389496,12.451850011269997,33.59934358004659,1.856287642391841,1.856287642391841,0.9965157042821862,D,D,True
2022_MO,2022,2022,MO,regular,False,-15.671641288802888,-13.652645873736844,0.1777804138266528,0.9813104360389496,12.451850011269997,-15.200964732734516,-1.5483188589976713,1.5483188589976713,0.1110847359623138,R,R,True
2022_NC,2022,2022,NC,regular,False,-1.3683650663734426,-3.299253218639862,0.1777804138266528,0.9813104360389496,12.451850011269997,-1.1650105061167364,2.1342427125231254,2.1342427125231254,0.4627288509285029,R,R,True
2022_ND,2022,2022,ND,regular,False,-34.43481684579326,-38.61430712798449,0.1777804138266528,0.9813104360389496,12.451850011269997,-33.6134647200401,5.00084240794439,5.00084240794439,0.0034724428810707308,R,R,True
2022_NH,2022,2022,NH,regular,False,7.496695443190077,9.349948447759571,0.1777804138266528,0.9813104360389496,12.451850011269997,7.534365888034714,-1.8155825597248567,1.8155825597248567,0.7274370916811987,D,D,True
2022_NV,2022,2022,NV,regular,False,2.446234680087614,0.801857785545522,0.1777804138266528,0.9813104360389496,12.451850011269997,2.5782960343970296,1.7764382488515076,1.7764382488515076,0.5820190006092981,D,D,True
2022_NY,2022,2022,NY,regular,False,23.433669786024495,14.075069326686034,0.1777804138266528,0.9813104360389496,12.451850011269997,23.17348512954311,9.098415802857076,9.098415802857076,0.9686312699394342,D,D,True
2022_OH,2022,2022,OH,regular,False,-8.153395295405431,-6.114454849606801,0.1777804138266528,0.9813104360389496,12.451850011269997,-7.823231478705571,-1.7087766290987698,1.7087766290987698,0.26491070858714755,R,R,True
2022_OK_REGULAR,2022,2022,OK,regular,False,-33.88007899381302,-33.40665086133072,0.1777804138266528,0.9813104360389496,12.451850011269997,-33.06909467662606,0.33755618470465976,0.33755618470465976,0.003956524151091797,R,R,True
2022_OK_SPECIAL,2022,2022,OK,special,True,-33.88007899381302,-27.35172468172955,0.1777804138266528,0.9813104360389496,12.451850011269997,-33.06909467662606,-5.717369994896508,5.717369994896508,0.003956524151091797,R,R,True
2022_OR,2022,2022,OR,regular,False,16.614313970883458,15.408528397166307,0.1777804138266528,0.9813104360389496,12.451850011269997,16.48158010108231,1.0730517039160041,1.0730517039160041,0.9071861926884922,D,D,True
2022_PA,2022,2022,PA,regular,False,1.178410518698115,5.035095542957677,0.1777804138266528,0.9813104360389496,12.451850011269997,1.3341669537631848,-3.7009285891944925,3.7009285891944925,0.5426634556575644,D,D,True
2022_SC,2022,2022,SC,regular,False,-11.853217499164188,-25.896486784856165,0.1777804138266528,0.9813104360389496,12.451850011269997,-11.453905618742665,14.4425811661135,14.4425811661135,0.17882407711889534,R,R,True
2022_SD,2022,2022,SD,regular,False,-26.869559723362997,-45.39410721732374,0.1777804138266528,0.9813104360389496,12.451850011269997,-26.189598954481287,19.204508262842456,19.204508262842456,0.017721099853185245,R,R,True
2022_UT,2022,2022,UT,regular,False,-21.387210243703265,-10.854978816433643,0.1777804138266528,0.9813104360389496,12.451850011269997,-20.80971219607849,-9.954733379644846,9.954733379644846,0.04733965935571755,R,R,True
2022_VT,2022,2022,VT,regular,False,36.59837310561312,41.90937868850685,0.1777804138266528,0.9813104360389496,12.451850011269997,36.092145884412034,-5.8172328040948145,5.8172328040948145,0.9981254586435778,D,D,True
2022_WA,2022,2022,WA,regular,False,19.851006369581384,14.550585979180894,0.1777804138266528,0.9813104360389496,12.451850011269997,19.65778013017253,5.107194150991635,5.107194150991635,0.9427979677972393,D,D,True
2022_WI,2022,2022,WI,regular,False,0.6381265330679895,-1.0091205339674616,0.1777804138266528,0.9813104360389496,12.451850011269997,0.8039806402396248,1.8131011742070864,1.8131011742070864,0.5257406852173738,D,R,False
2024_AZ,2024,2024,AZ,regular,False,0.3136633582586228,2.4624583141814895,0.22553810851427217,1.0171651885294744,12.693554177104167,0.5445855574521923,-1.9178727567292972,1.9178727567292972,0.5171103830324117,D,D,True
2024_CA_REGULAR,2024,2024,CA,regular,False,29.81782272133514,17.745034382389406,0.22553810851427217,1.0171651885294744,12.693554177104167,30.555189378399575,12.81015499601017,12.81015499601017,0.9919610449524034,D,D,True
2024_CA_SPECIAL,2024,2024,CA,special,True,29.81782272133514,17.50078847533601,0.22553810851427217,1.0171651885294744,12.693554177104167,30.555189378399575,13.054400903063566,13.054400903063566,0.9919610449524034,D,D,True
2024_CT,2024,2024,CT,regular,False,20.39009817615569,19.20478918086353,0.22553810851427217,1.0171651885294744,12.693554177104167,20.965636163998163,1.760846983134634,1.760846983134634,0.9506996700389464,D,D,True
2024_DE,2024,2024,DE,regular,False,19.253488329968945,17.782937775828344,0.22553810851427217,1.0171651885294744,12.693554177104167,19.80951619551717,2.026578419688825,2.026578419688825,0.9406905072048565,D,D,True
2024_FL,2024,2024,FL,regular,False,-3.389509324283111,-12.991751177582984,0.22553810851427217,1.0171651885294744,12.693554177104167,-3.2221527823425697,9.769598395240415,9.769598395240415,0.39980894609866563,R,R,True
2024_HI,2024,2024,HI,regular,False,30.06532929302977,33.89004871259568,0.22553810851427217,1.0171651885294744,12.693554177104167,30.806944447059625,-3.083104265536054,3.083104265536054,0.9923873570979267,D,D,True
2024_IN,2024,2024,IN,regular,False,-16.390096014885927,-20.401222284822257,0.22553810851427217,1.0171651885294744,12.693554177104167,-16.44589699448336,3.955325290338898,3.955325290338898,0.09755492387477505,R,R,True
2024_MA,2024,2024,MA,regular,False,34.2310990802963,19.847565736102283,0.22553810851427217,1.0171651885294744,12.693554177104167,35.044220458094976,15.196654721992694,15.196654721992694,0.9971169012014829,D,D,True
2024_MD,2024,2024,MD,regular,False,34.058094094184675,12.106519772814307,0.22553810851427217,1.0171651885294744,12.693554177104167,34.8682458087802,22.761726035965893,22.761726035965893,0.996992158792554,D,D,True
2024_MI,2024,2024,MI,regular,False,2.8271186888189135,0.3515485263113902,0.22553810851427217,1.0171651885294744,12.693554177104167,3.1011848226219625,2.7496362963105723,2.7496362963105723,0.5965053198438584,D,D,True
2024_MN,2024,2024,MN,regular,False,7.279027297133339,16.235543437695867,0.22553810851427217,1.0171651885294744,12.693554177104167,7.6295112815140955,-8.606032156181772,8.606032156181772,0.7260979838280719,D,D,True
2024_MO,2024,2024,MO,regular,False,-15.671641288802888,-14.096355376281892,0.22553810851427217,1.0171651885294744,12.693554177104167,-15.715109857577213,-1.618754481295321,1.618754481295321,0.10785087699389845,R,R,True
2024_MS,2024,2024,MS,regular,False,-16.76997165477772,-25.624382405477704,0.22553810851427217,1.0171651885294744,12.693554177104167,-16.83229327135165,8.792089134126055,8.792089134126055,0.09241149302816494,R,R,True
2024_MT,2024,2024,MT,regular,False,-16.794360184096206,-7.278178886452224,0.22553810851427217,1.0171651885294744,12.693554177104167,-16.857100434373844,-9.57892154792162,9.57892154792162,0.09208826635471218,R,R,True
2024_ND,2024,2024,ND,regular,False,-34.43481684579326,-33.03319923672319,0.22553810851427217,1.0171651885294744,12.693554177104167,-34.800358860414946,-1.7671596236917537,1.7671596236917537,0.003057249410073369,R,R,True
2024_NE_REGULAR,2024,2024,NE,regular,False,-19.56810449320345,-6.694085293448069,0.22553810851427217,1.0171651885294744,12.693554177104167,-19.67845658747947,-12.984371294031401,12.984371294031401,0.06053817000517149,R,R,True
2024_NE_SPECIAL,2024,2024,NE,special,True,-19.56810449320345,-25.155052646777293,0.22553810851427217,1.0171651885294744,12.693554177104167,-19.67845658747947,5.4765960592978224,5.4765960592978224,0.06053817000517149,R,R,True
2024_NJ,2024,2024,NJ,regular,False,16.142567173589683,9.857537839129066,0.22553810851427217,1.0171651885294744,12.693554177104167,16.645195490988325,6.787657651859259,6.787657651859259,0.905123620214169,D,D,True
2024_NM,2024,2024,NM,regular,False,11.036980303439478,10.113349665840444,0.22553810851427217,1.0171651885294744,12.693554177104167,11.451970259658383,1.3386205938179394,1.3386205938179394,0.8165214540995677,D,D,True
2024_NV,2024,2024,NV,regular,False,2.446234680087614,1.7457448421834698,0.22553810851427217,1.0171651885294744,12.693554177104167,2.713762868072928,0.9680180258894584,0.9680180258894584,0.5846448315496099,D,D,True
2024_NY,2024,2024,NY,regular,False,23.433669786024495,18.40805372062256,0.22553810851427217,1.0171651885294744,12.693554177104167,24.061451254353326,5.6533975337307645,5.6533975337307645,0.9709911753975168,D,D,True
2024_OH,2024,2024,OH,regular,False,-8.153395295405431,-3.747668078104226,0.22553810851427217,1.0171651885294744,12.693554177104167,-8.067811754292123,-4.320143676187897,4.320143676187897,0.2625240105521556,R,R,True
2024_PA,2024,2024,PA,regular,False,1.178410518698115,-0.2228208993178242,0.22553810851427217,1.0171651885294744,12.693554177104167,1.424176265930956,1.6469971652487803,1.6469971652487803,0.5446663201397777,D,R,False
2024_RI,2024,2024,RI,regular,False,21.19871976791852,20.098878346212786,0.22553810851427217,1.0171651885294744,12.693554177104167,21.788137897832605,1.6892595516198199,1.6892595516198199,0.9569622103168972,D,D,True
2024_TN,2024,2024,TN,regular,False,-23.655540744132708,-30.25187665212592,0.22553810851427217,1.0171651885294744,12.693554177104167,-23.836054452258136,6.415822199867783,6.415822199867783,0.030203734608652853,R,R,True
2024_TX,2024,2024,TX,regular,False,-5.661442473559063,-8.705251955409139,0.22553810851427217,1.0171651885294744,12.693554177104167,-5.533084092452206,3.1721678629569334,3.1721678629569334,0.33145567641213164,R,R,True
2024_UT,2024,2024,UT,regular,False,-21.387210243703265,-32.640668786229845,0.22553810851427217,1.0171651885294744,12.693554177104167,-21.528787631141665,11.11188115508818,11.11188115508818,0.044939063013953465,R,R,True
2024_VA,2024,2024,VA,regular,False,10.309373998799812,8.952032284687988,0.22553810851427217,1.0171651885294744,12.693554177104167,10.711874455624343,1.7598421709363556,1.7598421709363556,0.8006326029134136,D,D,True
2024_VT,2024,2024,VT,regular,False,36.59837310561312,32.64053697017699,0.22553810851427217,1.0171651885294744,12.693554177104167,37.45212918835728,4.811592218180294,4.811592218180294,0.9984136178920637,D,D,True
2024_WA,2024,2024,WA,regular,False,19.851006369581384,18.501674485843935,0.22553810851427217,1.0171651885294744,12.693554177104167,20.417290744929318,1.9156162590853825,1.9156162590853825,0.9461346321454902,D,D,True
2024_WI,2024,2024,WI,regular,False,0.6381265330679895,0.8677410241822372,0.22553810851427217,1.0171651885294744,12.693554177104167,0.8746182038280336,0.006877179645796372,0.006877179645796372,0.5274664041399442,D,D,True
2024_WV,2024,2024,WV,regular,False,-39.59706462784405,-42.47776205712924,0.22553810851427217,1.0171651885294744,12.693554177104167,-40.0512175988805,2.426544458248742,2.426544458248742,0.0008018289715571325,R,R,True
2024_WY,2024,2024,WY,regular,False,-44.96086875117019,-51.380342939975975,0.22553810851427217,1.0171651885294744,12.693554177104167,-45.50709243121871,5.873250508757266,5.873250508757266,0.00016850345792800747,R,R,True
