race_id,cycle,state,actual_margin_dem,baseline_margin_dem,generic_ballot_margin_dem,approval_adjustment_dem,midterm_adjustment_dem,model_family,model_family_label,generic_ballot_coefficient,approval_coefficient,midterm_coefficient,component_count,generic_ballot_contribution_dem,approval_contribution_dem,midterm_contribution_dem,environment_adjustment_dem,predicted_margin_dem,error_dem,absolute_error,squared_error,actual_dem_win,predicted_dem_win,model_id,held_out_cycle,selection_source
2012_AZ,2012,AZ,-3.1721173153280375,-8.627801439232641,-0.2,2.3333333333333335,0,generic_only,Generic ballot only,0.9,0.0,0.0,1,-0.18000000000000002,0.0,0.0,-0.18000000000000002,-8.807801439232641,-5.635684123904603,5.635684123904603,31.760935544430396,0,0,generic_only__gb_p0_90__approval_p0_00__midterm_p0_00,2012,generic_only_training_cycles
2012_CA,2012,CA,25.048568944289187,24.556899183170813,-0.2,2.3333333333333335,0,generic_only,Generic ballot only,0.9,0.0,0.0,1,-0.18000000000000002,0.0,0.0,-0.18000000000000002,24.376899183170814,-0.6716697611183733,0.6716697611183733,0.45114026800081264,1,1,generic_only__gb_p0_90__approval_p0_00__midterm_p0_00,2012,generic_only_training_cycles
2012_CT,2012,CT,12.00608169746934,22.63667649950835,-0.2,2.3333333333333335,0,generic_only,Generic ballot only,0.9,0.0,0.0,1,-0.18000000000000002,0.0,0.0,-0.18000000000000002,22.45667649950835,10.450594802039012,10.450594802039012,109.2149317164048,1,1,generic_only__gb_p0_90__approval_p0_00__midterm_p0_00,2012,generic_only_training_cycles
2012_DE,2012,DE,39.28341839077444,25.27627729977712,-0.2,2.3333333333333335,0,generic_only,Generic ballot only,0.9,0.0,0.0,1,-0.18000000000000002,0.0,0.0,-0.18000000000000002,25.09627729977712,-14.187141090997322,14.187141090997322,201.27497233586467,1,1,generic_only__gb_p0_90__approval_p0_00__midterm_p0_00,2012,generic_only_training_cycles
2012_FL,2012,FL,13.345297340747948,2.8393200617985883,-0.2,2.3333333333333335,0,generic_only,Generic ballot only,0.9,0.0,0.0,1,-0.18000000000000002,0.0,0.0,-0.18000000000000002,2.659320061798588,-10.685977278949359,10.685977278949359,114.19011040622195,1,1,generic_only__gb_p0_90__approval_p0_00__midterm_p0_00,2012,generic_only_training_cycles
2012_HI,2012,HI,25.203085836142193,45.98745175691083,-0.2,2.3333333333333335,0,generic_only,Generic ballot only,0.9,0.0,0.0,1,-0.18000000000000002,0.0,0.0,-0.18000000000000002,45.80745175691083,20.604365920768636,20.604365920768636,424.53989499693193,1,1,generic_only__gb_p0_90__approval_p0_00__midterm_p0_00,2012,generic_only_training_cycles
2012_IN,2012,IN,6.110645924593399,1.0439068907561762,-0.2,2.3333333333333335,0,generic_only,Generic ballot only,0.9,0.0,0.0,1,-0.18000000000000002,0.0,0.0,-0.18000000000000002,0.8639068907561761,-5.246739033837223,5.246739033837223,27.52827048919115,1,1,generic_only__gb_p0_90__approval_p0_00__midterm_p0_00,2012,generic_only_training_cycles
2012_MA,2012,MA,7.554477975801376,26.394156426705905,-0.2,2.3333333333333335,0,generic_only,Generic ballot only,0.9,0.0,0.0,1,-0.18000000000000002,0.0,0.0,-0.18000000000000002,26.214156426705905,18.65967845090453,18.65967845090453,348.18359989115083,1,1,generic_only__gb_p0_90__approval_p0_00__midterm_p0_00,2012,generic_only_training_cycles
2012_MD,2012,MD,36.02316963954084,25.860174585771063,-0.2,2.3333333333333335,0,generic_only,Generic ballot only,0.9,0.0,0.0,1,-0.18000000000000002,0.0,0.0,-0.18000000000000002,25.680174585771063,-10.342995053769776,10.342995053769776,106.97754668230606,1,1,generic_only__gb_p0_90__approval_p0_00__midterm_p0_00,2012,generic_only_training_cycles
2012_MI,2012,MI,21.50553871325623,16.742603152309044,-0.2,2.3333333333333335,0,generic_only,Generic ballot only,0.9,0.0,0.0,1,-0.18000000000000002,0.0,0.0,-0.18000000000000002,16.562603152309045,-4.942935560947184,4.942935560947184,24.432611959676255,1,1,generic_only__gb_p0_90__approval_p0_00__midterm_p0_00,2012,generic_only_training_cycles
2012_MN,2012,MN,36.23860405374484,10.458749990785478,-0.2,2.3333333333333335,0,generic_only,Generic ballot only,0.9,0.0,0.0,1,-0.18000000000000002,0.0,0.0,-0.18000000000000002,10.278749990785478,-25.95985406295936,25.95985406295936,673.9140229701475,1,1,generic_only__gb_p0_90__approval_p0_00__midterm_p0_00,2012,generic_only_training_cycles
2012_MO,2012,MO,16.71556749173139,-0.1351582993532929,-0.2,2.3333333333333335,0,generic_only,Generic ballot only,0.9,0.0,0.0,1,-0.18000000000000002,0.0,0.0,-0.18000000000000002,-0.3151582993532929,-17.030725791084684,17.030725791084684,290.04562097111705,1,0,generic_only__gb_p0_90__approval_p0_00__midterm_p0_00,2012,generic_only_training_cycles
2012_MS,2012,MS,-16.99449259042794,-13.283861985727668,-0.2,2.3333333333333335,0,generic_only,Generic ballot only,0.9,0.0,0.0,1,-0.18000000000000002,0.0,0.0,-0.18000000000000002,-13.463861985727668,3.5306306047002707,3.5306306047002707,12.465352466846198,0,0,generic_only__gb_p0_90__approval_p0_00__midterm_p0_00,2012,generic_only_training_cycles
2012_MT,2012,MT,3.979091713748474,-2.3388065678814627,-0.2,2.3333333333333335,0,generic_only,Generic ballot only,0.9,0.0,0.0,1,-0.18000000000000002,0.0,0.0,-0.18000000000000002,-2.518806567881463,-6.497898281629936,6.497898281629936,42.22268207840928,1,0,generic_only__gb_p0_90__approval_p0_00__midterm_p0_00,2012,generic_only_training_cycles
2012_ND,2012,ND,0.9182518186765378,-8.817312563936241,-0.2,2.3333333333333335,0,generic_only,Generic ballot only,0.9,0.0,0.0,1,-0.18000000000000002,0.0,0.0,-0.18000000000000002,-8.99731256393624,-9.915564382612779,9.915564382612779,98.31841702573914,1,0,generic_only__gb_p0_90__approval_p0_00__midterm_p0_00,2012,generic_only_training_cycles
2012_NE,2012,NE,-15.548865544300329,-15.218148844331282,-0.2,2.3333333333333335,0,generic_only,Generic ballot only,0.9,0.0,0.0,1,-0.18000000000000002,0.0,0.0,-0.18000000000000002,-15.398148844331281,0.15071669996904724,0.15071669996904724,0.022715523649559803,0,0,generic_only__gb_p0_90__approval_p0_00__midterm_p0_00,2012,generic_only_training_cycles
2012_NJ,2012,NJ,19.840323838015877,15.7292597428479,-0.2,2.3333333333333335,0,generic_only,Generic ballot only,0.9,0.0,0.0,1,-0.18000000000000002,0.0,0.0,-0.18000000000000002,15.5492597428479,-4.291064095167977,4.291064095167977,18.41323106883977,1,1,generic_only__gb_p0_90__approval_p0_00__midterm_p0_00,2012,generic_only_training_cycles
2012_NM,2012,NM,5.95158887087554,15.329800037595176,-0.2,2.3333333333333335,0,generic_only,Generic ballot only,0.9,0.0,0.0,1,-0.18000000000000002,0.0,0.0,-0.18000000000000002,15.149800037595176,9.198211166719636,9.198211166719636,84.6070886675658,1,1,generic_only__gb_p0_90__approval_p0_00__midterm_p0_00,2012,generic_only_training_cycles
2012_NV,2012,NV,-1.2809050430656723,12.773476250392209,-0.2,2.3333333333333335,0,generic_only,Generic ballot only,0.9,0.0,0.0,1,-0.18000000000000002,0.0,0.0,-0.18000000000000002,12.593476250392209,13.874381293457882,13.874381293457882,192.498456276254,0,1,generic_only__gb_p0_90__approval_p0_00__midterm_p0_00,2012,generic_only_training_cycles
2012_NY,2012,NY,46.51511255351639,31.52771475956852,-0.2,2.3333333333333335,0,generic_only,Generic ballot only,0.9,0.0,0.0,1,-0.18000000000000002,0.0,0.0,-0.18000000000000002,31.34771475956852,-15.167397793947867,15.167397793947867,230.04995583985462,1,1,generic_only__gb_p0_90__approval_p0_00__midterm_p0_00,2012,generic_only_training_cycles
2012_OH,2012,OH,6.2899714181396575,4.667681524508254,-0.2,2.3333333333333335,0,generic_only,Generic ballot only,0.9,0.0,0.0,1,-0.18000000000000002,0.0,0.0,-0.18000000000000002,4.487681524508254,-1.8022898936314036,1.8022898936314036,3.248248860685896,1,1,generic_only__gb_p0_90__approval_p0_00__midterm_p0_00,2012,generic_only_training_cycles
2012_PA,2012,PA,9.261954081514574,10.459407630968895,-0.2,2.3333333333333335,0,generic_only,Generic ballot only,0.9,0.0,0.0,1,-0.18000000000000002,0.0,0.0,-0.18000000000000002,10.279407630968896,1.0174535494543218,1.0174535494543218,1.035211725297198,1,1,generic_only__gb_p0_90__approval_p0_00__midterm_p0_00,2012,generic_only_training_cycles
2012_RI,2012,RI,29.912571658646016,28.39627501829155,-0.2,2.3333333333333335,0,generic_only,Generic ballot only,0.9,0.0,0.0,1,-0.18000000000000002,0.0,0.0,-0.18000000000000002,28.21627501829155,-1.6962966403544648,1.6962966403544648,2.8774222920778447,1,1,generic_only__gb_p0_90__approval_p0_00__midterm_p0_00,2012,generic_only_training_cycles
2012_TN,2012,TN,-36.186410224537525,-15.262943604708925,-0.2,2.3333333333333335,0,generic_only,Generic ballot only,0.9,0.0,0.0,1,-0.18000000000000002,0.0,0.0,-0.18000000000000002,-15.442943604708924,20.743466619828602,20.743466619828602,430.29140740794344,0,0,generic_only__gb_p0_90__approval_p0_00__midterm_p0_00,2012,generic_only_training_cycles
2012_TX,2012,TX,-16.309097081569973,-11.87187350188144,-0.2,2.3333333333333335,0,generic_only,Generic ballot only,0.9,0.0,0.0,1,-0.18000000000000002,0.0,0.0,-0.18000000000000002,-12.05187350188144,4.257223579688533,4.257223579688533,18.12395260745605,0,0,generic_only__gb_p0_90__approval_p0_00__midterm_p0_00,2012,generic_only_training_cycles
2012_UT,2012,UT,-37.07577325658352,-29.05272274548014,-0.2,2.3333333333333335,0,generic_only,Generic ballot only,0.9,0.0,0.0,1,-0.18000000000000002,0.0,0.0,-0.18000000000000002,-29.23272274548014,7.843050511103378,7.843050511103378,61.513441319718964,0,0,generic_only__gb_p0_90__approval_p0_00__midterm_p0_00,2012,generic_only_training_cycles
2012_VA,2012,VA,5.9153880181019645,6.3651688122551064,-0.2,2.3333333333333335,0,generic_only,Generic ballot only,0.9,0.0,0.0,1,-0.18000000000000002,0.0,0.0,-0.18000000000000002,6.185168812255107,0.26978079415314227,0.26978079415314227,0.07278167689390012,1,1,generic_only__gb_p0_90__approval_p0_00__midterm_p0_00,2012,generic_only_training_cycles
2012_VT,2012,VT,48.06836072464077,37.79836347867621,-0.2,2.3333333333333335,0,generic_only,Generic ballot only,0.9,0.0,0.0,1,-0.18000000000000002,0.0,0.0,-0.18000000000000002,37.61836347867621,-10.44999724596456,10.44999724596456,109.2024424406669,1,1,generic_only__gb_p0_90__approval_p0_00__midterm_p0_00,2012,generic_only_training_cycles
2012_WA,2012,WA,20.901982363426015,17.5040536042179,-0.2,2.3333333333333335,0,generic_only,Generic ballot only,0.9,0.0,0.0,1,-0.18000000000000002,0.0,0.0,-0.18000000000000002,17.3240536042179,-3.5779287592081133,3.5779287592081133,12.801574205968508,1,1,generic_only__gb_p0_90__approval_p0_00__midterm_p0_00,2012,generic_only_training_cycles
2012_WI,2012,WI,5.704300652835613,14.111356495636826,-0.2,2.3333333333333335,0,generic_only,Generic ballot only,0.9,0.0,0.0,1,-0.18000000000000002,0.0,0.0,-0.18000000000000002,13.931356495636827,8.227055842801214,8.227055842801214,67.68444784056959,1,1,generic_only__gb_p0_90__approval_p0_00__midterm_p0_00,2012,generic_only_training_cycles
2012_WV,2012,WV,24.834513060240212,-13.347487534274508,-0.2,2.3333333333333335,0,generic_only,Generic ballot only,0.9,0.0,0.0,1,-0.18000000000000002,0.0,0.0,-0.18000000000000002,-13.527487534274508,-38.36200059451472,38.36200059451472,1471.6430896135475,1,0,generic_only__gb_p0_90__approval_p0_00__midterm_p0_00,2012,generic_only_training_cycles
2012_WY,2012,WY,-55.496518640696024,-33.124046710191834,-0.2,2.3333333333333335,0,generic_only,Generic ballot only,0.9,0.0,0.0,1,-0.18000000000000002,0.0,0.0,-0.18000000000000002,-33.304046710191834,22.19247193050419,22.19247193050419,492.5058103862164,0,0,generic_only__gb_p0_90__approval_p0_00__midterm_p0_00,2012,generic_only_training_cycles
2014_AK,2014,AK,-2.2704963832132705,-14.63058096312075,-2.4,-1.0,1,generic_only,Generic ballot only,0.9,0.0,0.0,1,-2.16,-0.0,0.0,-2.16,-16.79058096312075,-14.52008457990748,14.52008457990748,210.83285620766696,0,0,generic_only__gb_p0_90__approval_p0_00__midterm_p0_00,2014,generic_only_training_cycles
2014_AR,2014,AR,-17.791666102906177,-24.30881070245924,-2.4,-1.0,1,generic_only,Generic ballot only,0.9,0.0,0.0,1,-2.16,-0.0,0.0,-2.16,-26.46881070245924,-8.677144599553063,8.677144599553063,75.2928384015529,0,0,generic_only__gb_p0_90__approval_p0_00__midterm_p0_00,2014,generic_only_training_cycles
2014_CO,2014,CO,-2.0584058661040388,5.495976628405032,-2.4,-1.0,1,generic_only,Generic ballot only,0.9,0.0,0.0,1,-2.16,-0.0,0.0,-2.16,3.3359766284050316,5.39438249450907,5.39438249450907,29.0993624970659,0,1,generic_only__gb_p0_90__approval_p0_00__midterm_p0_00,2014,generic_only_training_cycles
2014_DE,2014,DE,13.871482233591024,18.89390983855633,-2.4,-1.0,1,generic_only,Generic ballot only,0.9,0.0,0.0,1,-2.16,-0.0,0.0,-2.16,16.73390983855633,2.862427604965305,2.862427604965305,8.19349179366741,1,1,generic_only__gb_p0_90__approval_p0_00__midterm_p0_00,2014,generic_only_training_cycles
2014_GA,2014,GA,-7.831874164069305,-7.913298196113445,-2.4,-1.0,1,generic_only,Generic ballot only,0.9,0.0,0.0,1,-2.16,-0.0,0.0,-2.16,-10.073298196113445,-2.24142403204414,2.24142403204414,5.023981691425011,0,0,generic_only__gb_p0_90__approval_p0_00__midterm_p0_00,2014,generic_only_training_cycles
2014_HI,2014,HI,43.157412428624866,43.40769700214883,-2.4,-1.0,1,generic_only,Generic ballot only,0.9,0.0,0.0,1,-2.16,-0.0,0.0,-2.16,41.247697002148826,-1.9097154264760405,1.9097154264760405,3.6470130101205656,1,1,generic_only__gb_p0_90__approval_p0_00__midterm_p0_00,2014,generic_only_training_cycles
2014_IA,2014,IA,-8.698964398007291,5.918703856200352,-2.4,-1.0,1,generic_only,Generic ballot only,0.9,0.0,0.0,1,-2.16,-0.0,0.0,-2.16,3.758703856200352,12.457668254207643,12.457668254207643,155.19349833189293,0,1,generic_only__gb_p0_90__approval_p0_00__midterm_p0_00,2014,generic_only_training_cycles
2014_ID,2014,ID,-30.65672392890638,-32.84277368715067,-2.4,-1.0,1,generic_only,Generic ballot only,0.9,0.0,0.0,1,-2.16,-0.0,0.0,-2.16,-35.002773687150665,-4.346049758244284,4.346049758244284,18.8881485011352,0,0,generic_only__gb_p0_90__approval_p0_00__midterm_p0_00,2014,generic_only_training_cycles
2014_IL,2014,IL,11.27730879697269,17.155046784233818,-2.4,-1.0,1,generic_only,Generic ballot only,0.9,0.0,0.0,1,-2.16,-0.0,0.0,-2.16,14.995046784233818,3.7177379872611276,3.7177379872611276,13.82157574192442,1,1,generic_only__gb_p0_90__approval_p0_00__midterm_p0_00,2014,generic_only_training_cycles
2014_KS,2014,KS,-11.098776187913444,-22.22665349050611,-2.4,-1.0,1,generic_only,Generic ballot only,0.9,0.0,0.0,1,-2.16,-0.0,0.0,-2.16,-24.38665349050611,-13.287877302592666,13.287877302592666,176.56768320875733,0,0,generic_only__gb_p0_90__approval_p0_00__midterm_p0_00,2014,generic_only_training_cycles
2014_KY,2014,KY,-15.960574494155525,-23.08554478760982,-2.4,-1.0,1,generic_only,Generic ballot only,0.9,0.0,0.0,1,-2.16,-0.0,0.0,-2.16,-25.24554478760982,-9.284970293454295,9.284970293454295,86.21067335032873,0,0,generic_only__gb_p0_90__approval_p0_00__midterm_p0_00,2014,generic_only_training_cycles
2014_LA,2014,LA,-4.61783687567376,-17.49365122822796,-2.4,-1.0,1,generic_only,Generic ballot only,0.9,0.0,0.0,1,-2.16,-0.0,0.0,-2.16,-19.65365122822796,-15.035814352554201,15.035814352554201,226.0757132444749,0,0,generic_only__gb_p0_90__approval_p0_00__midterm_p0_00,2014,generic_only_training_cycles
2014_MA,2014,MA,23.920238014039143,23.571361498120012,-2.4,-1.0,1,generic_only,Generic ballot only,0.9,0.0,0.0,1,-2.16,-0.0,0.0,-2.16,21.411361498120012,-2.5088765159191304,2.5088765159191304,6.294461372130515,1,1,generic_only__gb_p0_90__approval_p0_00__midterm_p0_00,2014,generic_only_training_cycles
2014_ME,2014,ME,-36.97684009679358,15.71984278715422,-2.4,-1.0,1,generic_only,Generic ballot only,0.9,0.0,0.0,1,-2.16,-0.0,0.0,-2.16,13.55984278715422,50.536682883947805,50.536682883947805,2553.956316912703,0,1,generic_only__gb_p0_90__approval_p0_00__midterm_p0_00,2014,generic_only_training_cycles
2014_MI,2014,MI,13.847021920547816,9.601064142355751,-2.4,-1.0,1,generic_only,Generic ballot only,0.9,0.0,0.0,1,-2.16,-0.0,0.0,-2.16,7.441064142355751,-6.4059577781920645,6.4059577781920645,41.03629505597941,1,1,generic_only__gb_p0_90__approval_p0_00__midterm_p0_00,2014,generic_only_training_cycles
2014_MN,2014,MN,10.663790458498127,7.882452923396386,-2.4,-1.0,1,generic_only,Generic ballot only,0.9,0.0,0.0,1,-2.16,-0.0,0.0,-2.16,5.722452923396386,-4.9413375351017415,4.9413375351017415,24.416816635805354,1,1,generic_only__gb_p0_90__approval_p0_00__midterm_p0_00,2014,generic_only_training_cycles
2014_MS,2014,MS,-22.50161833247023,-11.60379839757556,-2.4,-1.0,1,generic_only,Generic ballot only,0.9,0.0,0.0,1,-2.16,-0.0,0.0,-2.16,-13.76379839757556,8.73781993489467,8.73781993489467,76.3494972146427,0,0,generic_only__gb_p0_90__approval_p0_00__midterm_p0_00,2014,generic_only_training_cycles
2014_MT,2014,MT,-18.106180556131235,-14.068463727762918,-2.4,-1.0,1,generic_only,Generic ballot only,0.9,0.0,0.0,1,-2.16,-0.0,0.0,-2.16,-16.228463727762918,1.8777168283683174,1.8777168283683174,3.5258204875375734,0,0,generic_only__gb_p0_90__approval_p0_00__midterm_p0_00,2014,generic_only_training_cycles
2014_NC,2014,NC,-1.6283279362778558,-2.0680698060100013,-2.4,-1.0,1,generic_only,Generic ballot only,0.9,0.0,0.0,1,-2.16,-0.0,0.0,-2.16,-4.2280698060100015,-2.5997418697321457,2.5997418697321457,6.758657789238393,0,0,generic_only__gb_p0_90__approval_p0_00__midterm_p0_00,2014,generic_only_training_cycles
2014_NE,2014,NE,-34.283832564319965,-22.25878053645073,-2.4,-1.0,1,generic_only,Generic ballot only,0.9,0.0,0.0,1,-2.16,-0.0,0.0,-2.16,-24.41878053645073,9.865052027869236,9.865052027869236,97.31925151256694,0,0,generic_only__gb_p0_90__approval_p0_00__midterm_p0_00,2014,generic_only_training_cycles
2014_NH,2014,NH,3.255085493010725,5.667503956516214,-2.4,-1.0,1,generic_only,Generic ballot only,0.9,0.0,0.0,1,-2.16,-0.0,0.0,-2.16,3.5075039565162136,0.2524184635054887,0.2524184635054887,0.06371508071847172,1,1,generic_only__gb_p0_90__approval_p0_00__midterm_p0_00,2014,generic_only_training_cycles
2014_NJ,2014,NJ,13.76275567892334,17.90393110117155,-2.4,-1.0,1,generic_only,Generic ballot only,0.9,0.0,0.0,1,-2.16,-0.0,0.0,-2.16,15.743931101171551,1.9811754222482119,1.9811754222482119,3.9250560537203807,1,1,generic_only__gb_p0_90__approval_p0_00__midterm_p0_00,2014,generic_only_training_cycles
2014_NM,2014,NM,11.11762035747401,10.590409293817387,-2.4,-1.0,1,generic_only,Generic ballot only,0.9,0.0,0.0,1,-2.16,-0.0,0.0,-2.16,8.430409293817387,-2.6872110636566227,2.6872110636566227,7.221103300638557,1,1,generic_only__gb_p0_90__approval_p0_00__midterm_p0_00,2014,generic_only_training_cycles
2014_OK_REGULAR,2014,OK,-40.86688126914103,-33.54463948603311,-2.4,-1.0,1,generic_only,Generic ballot only,0.9,0.0,0.0,1,-2.16,-0.0,0.0,-2.16,-35.704639486033116,5.162241783107916,5.162241783107916,26.648740227265197,0,0,generic_only__gb_p0_90__approval_p0_00__midterm_p0_00,2014,generic_only_training_cycles
2014_OK_SPECIAL,2014,OK,-40.13951001666823,-33.54463948603311,-2.4,-1.0,1,generic_only,Generic ballot only,0.9,0.0,0.0,1,-2.16,-0.0,0.0,-2.16,-35.704639486033116,4.434870530635116,4.434870530635116,19.6680766234958,0,0,generic_only__gb_p0_90__approval_p0_00__midterm_p0_00,2014,generic_only_training_cycles
2014_OR,2014,OR,20.370419629609927,12.542334357494768,-2.4,-1.0,1,generic_only,Generic ballot only,0.9,0.0,0.0,1,-2.16,-0.0,0.0,-2.16,10.382334357494768,-9.988085272115159,9.988085272115159,99.76184740304375,1,1,generic_only__gb_p0_90__approval_p0_00__midterm_p0_00,2014,generic_only_training_cycles
2014_RI,2014,RI,41.40580795867984,28.033491957764248,-2.4,-1.0,1,generic_only,Generic ballot only,0.9,0.0,0.0,1,-2.16,-0.0,0.0,-2.16,25.873491957764248,-15.53231600091559,15.53231600091559,241.25284035229845,1,1,generic_only__gb_p0_90__approval_p0_00__midterm_p0_00,2014,generic_only_training_cycles
2014_SC_REGULAR,2014,SC,-16.640291747625824,-10.616509409130742,-2.4,-1.0,1,generic_only,Generic ballot only,0.9,0.0,0.0,1,-2.16,-0.0,0.0,-2.16,-12.776509409130743,3.8637823384950813,3.8637823384950813,14.928813959266519,0,0,generic_only__gb_p0_90__approval_p0_00__midterm_p0_00,2014,generic_only_training_cycles
2014_SC_SPECIAL,2014,SC,-24.46026374139339,-10.616509409130742,-2.4,-1.0,1,generic_only,Generic ballot only,0.9,0.0,0.0,1,-2.16,-0.0,0.0,-2.16,-12.776509409130743,11.683754332262648,11.683754332262648,136.51011529666619,0,0,generic_only__gb_p0_90__approval_p0_00__midterm_p0_00,2014,generic_only_training_cycles
2014_SD,2014,SD,-26.113702245101862,-18.436998276390483,-2.4,-1.0,1,generic_only,Generic ballot only,0.9,0.0,0.0,1,-2.16,-0.0,0.0,-2.16,-20.596998276390483,5.516703968711379,5.516703968711379,30.434022678395884,0,0,generic_only__gb_p0_90__approval_p0_00__midterm_p0_00,2014,generic_only_training_cycles
2014_TN,2014,TN,-32.00774883825659,-20.7021430525881,-2.4,-1.0,1,generic_only,Generic ballot only,0.9,0.0,0.0,1,-2.16,-0.0,0.0,-2.16,-22.8621430525881,9.14560578566849,9.14560578566849,83.64210518685296,0,0,generic_only__gb_p0_90__approval_p0_00__midterm_p0_00,2014,generic_only_training_cycles
2014_TX,2014,TX,-28.350913831561822,-16.015794430212765,-2.4,-1.0,1,generic_only,Generic ballot only,0.9,0.0,0.0,1,-2.16,-0.0,0.0,-2.16,-18.175794430212765,10.175119401349058,10.175119401349058,103.53305483171,0,0,generic_only__gb_p0_90__approval_p0_00__midterm_p0_00,2014,generic_only_training_cycles
2014_VA,2014,VA,0.8324071060998648,3.9347533775289634,-2.4,-1.0,1,generic_only,Generic ballot only,0.9,0.0,0.0,1,-2.16,-0.0,0.0,-2.16,1.7747533775289632,0.9423462714290984,0.9423462714290984,0.8880164952763241,1,1,generic_only__gb_p0_90__approval_p0_00__midterm_p0_00,2014,generic_only_training_cycles
2014_WV,2014,WV,-28.63206901273449,-27.348595264085475,-2.4,-1.0,1,generic_only,Generic ballot only,0.9,0.0,0.0,1,-2.16,-0.0,0.0,-2.16,-29.508595264085475,-0.8765262513509846,0.8765262513509846,0.7682982693074094,0,0,generic_only__gb_p0_90__approval_p0_00__midterm_p0_00,2014,generic_only_training_cycles
2014_WY,2014,WY,-61.07227806083574,-42.32126802304285,-2.4,-1.0,1,generic_only,Generic ballot only,0.9,0.0,0.0,1,-2.16,-0.0,0.0,-2.16,-44.481268023042844,16.5910100377929,16.5910100377929,275.2616140741447,0,0,generic_only__gb_p0_90__approval_p0_00__midterm_p0_00,2014,generic_only_training_cycles
2016_AK,2016,AK,-58.47409506220282,-14.63058096312075,0.6,2.6666666666666665,0,generic_only,Generic ballot only,0.75,0.0,0.0,1,0.44999999999999996,0.0,0.0,0.44999999999999996,-14.18058096312075,44.293514099082074,44.293514099082074,1961.9153912455824,0,0,generic_only__gb_p0_75__approval_p0_00__midterm_p0_00,2016,generic_only_training_cycles
2016_AL,2016,AL,-28.14048093566937,-22.432457066875415,0.6,2.6666666666666665,0,generic_only,Generic ballot only,0.75,0.0,0.0,1,0.44999999999999996,0.0,0.0,0.44999999999999996,-21.982457066875416,6.158023868793954,6.158023868793954,37.921257968636056,0,0,generic_only__gb_p0_75__approval_p0_00__midterm_p0_00,2016,generic_only_training_cycles
2016_AR,2016,AR,-24.598667778419824,-24.30881070245924,0.6,2.6666666666666665,0,generic_only,Generic ballot only,0.75,0.0,0.0,1,0.44999999999999996,0.0,0.0,0.44999999999999996,-23.85881070245924,0.7398570759605825,0.7398570759605825,0.5473884928489431,0,0,generic_only__gb_p0_75__approval_p0_00__midterm_p0_00,2016,generic_only_training_cycles
2016_AZ,2016,AZ,-13.721830302462408,-9.226760447406376,0.6,2.6666666666666665,0,generic_only,Generic ballot only,0.75,0.0,0.0,1,0.44999999999999996,0.0,0.0,0.44999999999999996,-8.776760447406376,4.9450698550560315,4.9450698550560315,24.45371587138388,0,0,generic_only__gb_p0_75__approval_p0_00__midterm_p0_00,2016,generic_only_training_cycles
2016_CO,2016,CO,6.008906322746697,5.495976628405032,0.6,2.6666666666666665,0,generic_only,Generic ballot only,0.75,0.0,0.0,1,0.44999999999999996,0.0,0.0,0.44999999999999996,5.945976628405032,-0.06292969434166462,0.06292969434166462,0.003960146429935336,1,1,generic_only__gb_p0_75__approval_p0_00__midterm_p0_00,2016,generic_only_training_cycles
2016_CT,2016,CT,29.211732267578704,17.54515495381419,0.6,2.6666666666666665,0,generic_only,Generic ballot only,0.75,0.0,0.0,1,0.44999999999999996,0.0,0.0,0.44999999999999996,17.99515495381419,-11.216577313764514,11.216577313764514,125.81160663565676,1,1,generic_only__gb_p0_75__approval_p0_00__midterm_p0_00,2016,generic_only_training_cycles
2016_FL,2016,FL,-7.961156507461695,0.8845042787324644,0.6,2.6666666666666665,0,generic_only,Generic ballot only,0.75,0.0,0.0,1,0.44999999999999996,0.0,0.0,0.44999999999999996,1.3345042787324644,9.295660786194158,9.295660786194158,86.4093094519878,0,1,generic_only__gb_p0_75__approval_p0_00__midterm_p0_00,2016,generic_only_training_cycles
2016_GA,2016,GA,-14.35083409806154,-7.913298196113445,0.6,2.6666666666666665,0,generic_only,Generic ballot only,0.75,0.0,0.0,1,0.44999999999999996,0.0,0.0,0.44999999999999996,-7.463298196113445,6.8875359019480955,6.8875359019480955,47.438150800623966,0,0,generic_only__gb_p0_75__approval_p0_00__midterm_p0_00,2016,generic_only_training_cycles
2016_HI,2016,HI,53.58728838818104,43.40769700214883,0.6,2.6666666666666665,0,generic_only,Generic ballot only,0.75,0.0,0.0,1,0.44999999999999996,0.0,0.0,0.44999999999999996,43.85769700214883,-9.729591386032205,9.729591386032205,94.66494853915208,1,1,generic_only__gb_p0_75__approval_p0_00__midterm_p0_00,2016,generic_only_training_cycles
2016_IA,2016,IA,-25.52053011012785,5.918703856200352,0.6,2.6666666666666665,0,generic_only,Generic ballot only,0.75,0.0,0.0,1,0.44999999999999996,0.0,0.0,0.44999999999999996,6.368703856200352,31.889233966328202,31.889233966328202,1016.9232429592204,0,1,generic_only__gb_p0_75__approval_p0_00__midterm_p0_00,2016,generic_only_training_cycles
2016_ID,2016,ID,-40.919804288946835,-32.84277368715067,0.6,2.6666666666666665,0,generic_only,Generic ballot only,0.75,0.0,0.0,1,0.44999999999999996,0.0,0.0,0.44999999999999996,-32.392773687150665,8.52703060179617,8.52703060179617,72.71025088396836,0,0,generic_only__gb_p0_75__approval_p0_00__midterm_p0_00,2016,generic_only_training_cycles
2016_IL,2016,IL,15.935102754485117,17.155046784233818,0.6,2.6666666666666665,0,generic_only,Generic ballot only,0.75,0.0,0.0,1,0.44999999999999996,0.0,0.0,0.44999999999999996,17.605046784233817,1.6699440297487005,1.6699440297487005,2.7887130624933287,1,1,generic_only__gb_p0_75__approval_p0_00__midterm_p0_00,2016,generic_only_training_cycles
2016_IN,2016,IN,-10.261338057669208,-10.400749194654608,0.6,2.6666666666666665,0,generic_only,Generic ballot only,0.75,0.0,0.0,1,0.44999999999999996,0.0,0.0,0.44999999999999996,-9.950749194654609,0.3105888630145994,0.3105888630145994,0.0964654418287016,0,0,generic_only__gb_p0_75__approval_p0_00__midterm_p0_00,2016,generic_only_training_cycles
2016_KS,2016,KS,-31.70856277582555,-22.22665349050611,0.6,2.6666666666666665,0,generic_only,Generic ballot only,0.75,0.0,0.0,1,0.44999999999999996,0.0,0.0,0.44999999999999996,-21.77665349050611,9.931909285319438,9.931909285319438,98.64282205181448,0,0,generic_only__gb_p0_75__approval_p0_00__midterm_p0_00,2016,generic_only_training_cycles
2016_KY,2016,KY,-14.549104429230924,-23.08554478760982,0.6,2.6666666666666665,0,generic_only,Generic ballot only,0.75,0.0,0.0,1,0.44999999999999996,0.0,0.0,0.44999999999999996,-22.63554478760982,-8.086440358378896,8.086440358378896,65.390517669619,0,0,generic_only__gb_p0_75__approval_p0_00__midterm_p0_00,2016,generic_only_training_cycles
2016_LA,2016,LA,-21.30922040210089,-17.49365122822796,0.6,2.6666666666666665,0,generic_only,Generic ballot only,0.75,0.0,0.0,1,0.44999999999999996,0.0,0.0,0.44999999999999996,-17.04365122822796,4.2655691738729296,4.2655691738729296,18.195080377094985,0,0,generic_only__gb_p0_75__approval_p0_00__midterm_p0_00,2016,generic_only_training_cycles
2016_MD,2016,MD,26.11051851041458,26.64345157381196,0.6,2.6666666666666665,0,generic_only,Generic ballot only,0.75,0.0,0.0,1,0.44999999999999996,0.0,0.0,0.44999999999999996,27.093451573811958,0.982933063397379,0.982933063397379,0.9661574071197558,1,1,generic_only__gb_p0_75__approval_p0_00__midterm_p0_00,2016,generic_only_training_cycles
2016_MO,2016,MO,-2.921537575905546,-9.557333506759946,0.6,2.6666666666666665,0,generic_only,Generic ballot only,0.75,0.0,0.0,1,0.44999999999999996,0.0,0.0,0.44999999999999996,-9.107333506759947,-6.1857959308544,6.1857959308544,38.264071298174855,0,0,generic_only__gb_p0_75__approval_p0_00__midterm_p0_00,2016,generic_only_training_cycles
2016_NC,2016,NC,-5.907120107897768,-2.0680698060100013,0.6,2.6666666666666665,0,generic_only,Generic ballot only,0.75,0.0,0.0,1,0.44999999999999996,0.0,0.0,0.44999999999999996,-1.6180698060100014,4.289050301887767,4.289050301887767,18.395952492123545,0,0,generic_only__gb_p0_75__approval_p0_00__midterm_p0_00,2016,generic_only_training_cycles
2016_ND,2016,ND,-64.44460759121944,-20.222416577823452,0.6,2.6666666666666665,0,generic_only,Generic ballot only,0.75,0.0,0.0,1,0.44999999999999996,0.0,0.0,0.44999999999999996,-19.772416577823453,44.67219101339599,44.67219101339599,1995.6046499373372,0,0,generic_only__gb_p0_75__approval_p0_00__midterm_p0_00,2016,generic_only_training_cycles
2016_NH,2016,NH,0.1435870791394933,5.667503956516214,0.6,2.6666666666666665,0,generic_only,Generic ballot only,0.75,0.0,0.0,1,0.44999999999999996,0.0,0.0,0.44999999999999996,6.117503956516214,5.973916877376721,5.973916877376721,35.68768285780643,1,1,generic_only__gb_p0_75__approval_p0_00__midterm_p0_00,2016,generic_only_training_cycles
2016_NV,2016,NV,2.646319389070399,6.815084326693068,0.6,2.6666666666666665,0,generic_only,Generic ballot only,0.75,0.0,0.0,1,0.44999999999999996,0.0,0.0,0.44999999999999996,7.265084326693068,4.618764937622669,4.618764937622669,21.332989549012538,1,1,generic_only__gb_p0_75__approval_p0_00__midterm_p0_00,2016,generic_only_training_cycles
2016_NY,2016,NY,44.42624578533713,32.08538974055478,0.6,2.6666666666666665,0,generic_only,Generic ballot only,0.75,0.0,0.0,1,0.44999999999999996,0.0,0.0,0.44999999999999996,32.535389740554784,-11.890856044782346,11.890856044782346,141.39245747773685,1,1,generic_only__gb_p0_75__approval_p0_00__midterm_p0_00,2016,generic_only_training_cycles
2016_OH,2016,OH,-21.926780992967423,3.0281135384989852,0.6,2.6666666666666665,0,generic_only,Generic ballot only,0.75,0.0,0.0,1,0.44999999999999996,0.0,0.0,0.44999999999999996,3.4781135384989854,25.404894531466407,25.404894531466407,645.4086661549318,0,1,generic_only__gb_p0_75__approval_p0_00__midterm_p0_00,2016,generic_only_training_cycles
2016_OK,2016,OK,-46.751914829634586,-33.54463948603311,0.6,2.6666666666666665,0,generic_only,Generic ballot only,0.75,0.0,0.0,1,0.44999999999999996,0.0,0.0,0.44999999999999996,-33.09463948603311,13.657275343601476,13.657275343601476,186.52116981094483,0,0,generic_only__gb_p0_75__approval_p0_00__midterm_p0_00,2016,generic_only_training_cycles
2016_OR,2016,OR,25.851642016256463,12.542334357494768,0.6,2.6666666666666665,0,generic_only,Generic ballot only,0.75,0.0,0.0,1,0.44999999999999996,0.0,0.0,0.44999999999999996,12.992334357494768,-12.859307658761695,12.859307658761695,165.3617934626872,1,1,generic_only__gb_p0_75__approval_p0_00__midterm_p0_00,2016,generic_only_training_cycles
2016_PA,2016,PA,-1.490360364975828,5.463868003783659,0.6,2.6666666666666665,0,generic_only,Generic ballot only,0.75,0.0,0.0,1,0.44999999999999996,0.0,0.0,0.44999999999999996,5.9138680037836595,7.404228368759488,7.404228368759488,54.822597736742786,0,1,generic_only__gb_p0_75__approval_p0_00__midterm_p0_00,2016,generic_only_training_cycles
2016_SC,2016,SC,-24.245946350276768,-10.616509409130742,0.6,2.6666666666666665,0,generic_only,Generic ballot only,0.75,0.0,0.0,1,0.44999999999999996,0.0,0.0,0.44999999999999996,-10.166509409130743,14.079436941146025,14.079436941146025,198.23054457970733,0,0,generic_only__gb_p0_75__approval_p0_00__midterm_p0_00,2016,generic_only_training_cycles
2016_SD,2016,SD,-43.65572315882875,-18.436998276390483,0.6,2.6666666666666665,0,generic_only,Generic ballot only,0.75,0.0,0.0,1,0.44999999999999996,0.0,0.0,0.44999999999999996,-17.986998276390484,25.668724882438266,25.668724882438266,658.8834370903054,0,0,generic_only__gb_p0_75__approval_p0_00__midterm_p0_00,2016,generic_only_training_cycles
2016_UT,2016,UT,-43.157093923421826,-49.25237779029496,0.6,2.6666666666666665,0,generic_only,Generic ballot only,0.75,0.0,0.0,1,0.44999999999999996,0.0,0.0,0.44999999999999996,-48.802377790294955,-5.645283866873129,5.645283866873129,31.869229937578027,0,0,generic_only__gb_p0_75__approval_p0_00__midterm_p0_00,2016,generic_only_training_cycles
2016_VT,2016,VT,29.946599972962012,36.49451765278124,0.6,2.6666666666666665,0,generic_only,Generic ballot only,0.75,0.0,0.0,1,0.44999999999999996,0.0,0.0,0.44999999999999996,36.944517652781244,6.997917679819231,6.997917679819231,48.970851853526575,1,1,generic_only__gb_p0_75__approval_p0_00__midterm_p0_00,2016,generic_only_training_cycles
2016_WA,2016,WA,18.026020891574888,15.256596541243695,0.6,2.6666666666666665,0,generic_only,Generic ballot only,0.75,0.0,0.0,1,0.44999999999999996,0.0,0.0,0.44999999999999996,15.706596541243695,-2.319424350331193,2.319424350331193,5.379729316909277,1,1,generic_only__gb_p0_75__approval_p0_00__midterm_p0_00,2016,generic_only_training_cycles
2016_WI,2016,WI,-3.4665288484603565,6.926859965744825,0.6,2.6666666666666665,0,generic_only,Generic ballot only,0.75,0.0,0.0,1,0.44999999999999996,0.0,0.0,0.44999999999999996,7.376859965744825,10.84338881420518,10.84338881420518,117.57908097603003,0,1,generic_only__gb_p0_75__approval_p0_00__midterm_p0_00,2016,generic_only_training_cycles
2018_AZ,2018,AZ,2.402957486136785,-3.778240892273402,7.3,1.6666666666666667,1,generic_only,Generic ballot only,0.55,0.0,0.0,1,4.015000000000001,0.0,0.0,4.015000000000001,0.23675910772659847,-2.1661983784101864,2.1661983784101864,4.692415414626921,1,1,generic_only__gb_p0_55__approval_p0_00__midterm_p0_00,2018,generic_only_training_cycles
2018_CT,2018,CT,20.408576995776254,14.283095034527278,7.3,1.6666666666666667,1,generic_only,Generic ballot only,0.55,0.0,0.0,1,4.015000000000001,0.0,0.0,4.015000000000001,18.29809503452728,-2.1104819612489756,2.1104819612489756,4.454134108757322,1,1,generic_only__gb_p0_55__approval_p0_00__midterm_p0_00,2018,generic_only_training_cycles
2018_DE,2018,DE,22.639007988446096,11.997242887362448,7.3,1.6666666666666667,1,generic_only,Generic ballot only,0.55,0.0,0.0,1,4.015000000000001,0.0,0.0,4.015000000000001,16.012242887362447,-6.626765101083649,6.626765101083649,43.914015704940184,1,1,generic_only__gb_p0_55__approval_p0_00__midterm_p0_00,2018,generic_only_training_cycles
2018_FL,2018,FL,-0.1225183560779328,-1.2376709455509598,7.3,1.6666666666666667,1,generic_only,Generic ballot only,0.55,0.0,0.0,1,4.015000000000001,0.0,0.0,4.015000000000001,2.7773290544490408,2.8998474105269736,2.8998474105269736,8.409115004339995,0,1,generic_only__gb_p0_55__approval_p0_00__midterm_p0_00,2018,generic_only_training_cycles
2018_HI,2018,HI,42.30219569410147,34.882674901070914,7.3,1.6666666666666667,1,generic_only,Generic ballot only,0.55,0.0,0.0,1,4.015000000000001,0.0,0.0,4.015000000000001,38.897674901070914,-3.4045207930305565,3.4045207930305565,11.59076183017741,1,1,generic_only__gb_p0_55__approval_p0_00__midterm_p0_00,2018,generic_only_training_cycles
2018_IN,2018,IN,-6.162903216195062,-20.234619049016143,7.3,1.6666666666666667,1,generic_only,Generic ballot only,0.55,0.0,0.0,1,4.015000000000001,0.0,0.0,4.015000000000001,-16.219619049016142,-10.05671583282108,10.05671583282108,101.1375333421142,0,0,generic_only__gb_p0_55__approval_p0_00__midterm_p0_00,2018,generic_only_training_cycles
2018_MA,2018,MA,25.038879177334593,29.302557379258985,7.3,1.6666666666666667,1,generic_only,Generic ballot only,0.55,0.0,0.0,1,4.015000000000001,0.0,0.0,4.015000000000001,33.317557379258986,8.278678201924393,8.278678201924393,68.5365127710181,1,1,generic_only__gb_p0_55__approval_p0_00__midterm_p0_00,2018,generic_only_training_cycles
2018_MD,2018,MD,36.30566322052462,28.02199101713032,7.3,1.6666666666666667,1,generic_only,Generic ballot only,0.55,0.0,0.0,1,4.015000000000001,0.0,0.0,4.015000000000001,32.03699101713032,-4.268672203394303,4.268672203394303,18.221562380031173,1,1,generic_only__gb_p0_55__approval_p0_00__midterm_p0_00,2018,generic_only_training_cycles
2018_MI,2018,MI,6.6371383113556135,-0.235336433923095,7.3,1.6666666666666667,1,generic_only,Generic ballot only,0.55,0.0,0.0,1,4.015000000000001,0.0,0.0,4.015000000000001,3.7796635660769056,-2.857474745278708,2.857474745278708,8.165161919905616,1,1,generic_only__gb_p0_55__approval_p0_00__midterm_p0_00,2018,generic_only_training_cycles
2018_MN_REGULAR,2018,MN,24.963466608899424,1.6633874143609688,7.3,1.6666666666666667,1,generic_only,Generic ballot only,0.55,0.0,0.0,1,4.015000000000001,0.0,0.0,4.015000000000001,5.678387414360969,-19.285079194538454,19.285079194538454,371.91427953961994,1,1,generic_only__gb_p0_55__approval_p0_00__midterm_p0_00,2018,generic_only_training_cycles
2018_MN_SPECIAL,2018,MN,11.140619798671466,1.6633874143609688,7.3,1.6666666666666667,1,generic_only,Generic ballot only,0.55,0.0,0.0,1,4.015000000000001,0.0,0.0,4.015000000000001,5.678387414360969,-5.4622323843104965,5.4622323843104965,29.83598262021033,1,1,generic_only__gb_p0_55__approval_p0_00__midterm_p0_00,2018,generic_only_training_cycles
2018_MO,2018,MO,-5.996633249741748,-19.637121991132133,7.3,1.6666666666666667,1,generic_only,Generic ballot only,0.55,0.0,0.0,1,4.015000000000001,0.0,0.0,4.015000000000001,-15.622121991132133,-9.625488741390384,9.625488741390384,92.65003351063305,0,0,generic_only__gb_p0_55__approval_p0_00__midterm_p0_00,2018,generic_only_training_cycles
2018_MS_REGULAR,2018,MS,-19.41285627996939,-18.17969464812012,7.3,1.6666666666666667,1,generic_only,Generic ballot only,0.55,0.0,0.0,1,4.015000000000001,0.0,0.0,4.015000000000001,-14.164694648120118,5.248161631849271,5.248161631849271,27.543200514014806,0,0,generic_only__gb_p0_55__approval_p0_00__midterm_p0_00,2018,generic_only_training_cycles
2018_MS_SPECIAL,2018,MS,-7.266512999290427,-18.17969464812012,7.3,1.6666666666666667,1,generic_only,Generic ballot only,0.55,0.0,0.0,1,4.015000000000001,0.0,0.0,4.015000000000001,-14.164694648120118,-6.898181648829691,6.898181648829691,47.58491006025072,0,0,generic_only__gb_p0_55__approval_p0_00__midterm_p0_00,2018,generic_only_training_cycles
2018_MT,2018,MT,3.6569158437772415,-22.21932863404888,7.3,1.6666666666666667,1,generic_only,Generic ballot only,0.55,0.0,0.0,1,4.015000000000001,0.0,0.0,4.015000000000001,-18.204328634048878,-21.86124447782612,21.86124447782612,477.914010119283,1,0,generic_only__gb_p0_55__approval_p0_00__midterm_p0_00,2018,generic_only_training_cycles
2018_ND,2018,ND,-10.905410742496043,-39.6184857930395,7.3,1.6666666666666667,1,generic_only,Generic ballot only,0.55,0.0,0.0,1,4.015000000000001,0.0,0.0,4.015000000000001,-35.603485793039496,-24.69807505054345,24.69807505054345,609.994911202277,0,0,generic_only__gb_p0_55__approval_p0_00__midterm_p0_00,2018,generic_only_training_cycles
2018_NE,2018,NE,-19.79502813980163,-27.095348226355146,7.3,1.6666666666666667,1,generic_only,Generic ballot only,0.55,0.0,0.0,1,4.015000000000001,0.0,0.0,4.015000000000001,-23.080348226355145,-3.285320086553515,3.285320086553515,10.793328071111995,0,0,generic_only__gb_p0_55__approval_p0_00__midterm_p0_00,2018,generic_only_training_cycles
2018_NJ,2018,NJ,11.544410589867937,14.56838028580259,7.3,1.6666666666666667,1,generic_only,Generic ballot only,0.55,0.0,0.0,1,4.015000000000001,0.0,0.0,4.015000000000001,18.58338028580259,7.038969695934654,7.038969695934654,49.54709438028639,1,1,generic_only__gb_p0_55__approval_p0_00__midterm_p0_00,2018,generic_only_training_cycles
2018_NM,2018,NM,27.83688334059555,9.301589868648222,7.3,1.6666666666666667,1,generic_only,Generic ballot only,0.55,0.0,0.0,1,4.015000000000001,0.0,0.0,4.015000000000001,13.316589868648222,-14.520293471947326,14.520293471947326,210.83892251147614,1,1,generic_only__gb_p0_55__approval_p0_00__midterm_p0_00,2018,generic_only_training_cycles
2018_NV,2018,NV,5.247548248472796,2.587418839970397,7.3,1.6666666666666667,1,generic_only,Generic ballot only,0.55,0.0,0.0,1,4.015000000000001,0.0,0.0,4.015000000000001,6.602418839970397,1.3548705914976011,1.3548705914976011,1.8356743197050596,1,1,generic_only__gb_p0_55__approval_p0_00__midterm_p0_00,2018,generic_only_training_cycles
2018_NY,2018,NY,33.99933379035469,26.82301299955074,7.3,1.6666666666666667,1,generic_only,Generic ballot only,0.55,0.0,0.0,1,4.015000000000001,0.0,0.0,4.015000000000001,30.83801299955074,-3.1613207908039485,3.1613207908039485,9.993949142369303,1,1,generic_only__gb_p0_55__approval_p0_00__midterm_p0_00,2018,generic_only_training_cycles
2018_OH,2018,OH,6.847342539013482,-8.535369154271805,7.3,1.6666666666666667,1,generic_only,Generic ballot only,0.55,0.0,0.0,1,4.015000000000001,0.0,0.0,4.015000000000001,-4.520369154271805,-11.367711693285287,11.367711693285287,129.22486914165503,1,0,generic_only__gb_p0_55__approval_p0_00__midterm_p0_00,2018,generic_only_training_cycles
2018_PA,2018,PA,13.085564092459125,-0.7510716149803329,7.3,1.6666666666666667,1,generic_only,Generic ballot only,0.55,0.0,0.0,1,4.015000000000001,0.0,0.0,4.015000000000001,3.2639283850196676,-9.821635707439457,9.821635707439457,96.46452796964977,1,1,generic_only__gb_p0_55__approval_p0_00__midterm_p0_00,2018,generic_only_training_cycles
2018_RI,2018,RI,23.159474112658216,16.621408185319623,7.3,1.6666666666666667,1,generic_only,Generic ballot only,0.55,0.0,0.0,1,4.015000000000001,0.0,0.0,4.015000000000001,20.636408185319624,-2.5230659273385925,2.5230659273385925,6.365861673696951,1,1,generic_only__gb_p0_55__approval_p0_00__midterm_p0_00,2018,generic_only_training_cycles
2018_TN,2018,TN,-10.937204153944108,-27.248686090523975,7.3,1.6666666666666667,1,generic_only,Generic ballot only,0.55,0.0,0.0,1,4.015000000000001,0.0,0.0,4.015000000000001,-23.233686090523975,-12.296481936579866,12.296481936579866,151.20346801663493,0,0,generic_only__gb_p0_55__approval_p0_00__midterm_p0_00,2018,generic_only_training_cycles
2018_TX,2018,TX,-2.5874814972216456,-9.42645115594398,7.3,1.6666666666666667,1,generic_only,Generic ballot only,0.55,0.0,0.0,1,4.015000000000001,0.0,0.0,4.015000000000001,-5.411451155943979,-2.8239696587223335,2.8239696587223335,7.974804633384333,0,0,generic_only__gb_p0_55__approval_p0_00__midterm_p0_00,2018,generic_only_training_cycles
2018_UT,2018,UT,-33.878940101996875,-24.76579669082257,7.3,1.6666666666666667,1,generic_only,Generic ballot only,0.55,0.0,0.0,1,4.015000000000001,0.0,0.0,4.015000000000001,-20.75079669082257,13.128143411174307,13.128143411174307,172.34814942435935,0,0,generic_only__gb_p0_55__approval_p0_00__midterm_p0_00,2018,generic_only_training_cycles
2018_VA,2018,VA,16.319900580969303,5.6527525543094015,7.3,1.6666666666666667,1,generic_only,Generic ballot only,0.55,0.0,0.0,1,4.015000000000001,0.0,0.0,4.015000000000001,9.667752554309402,-6.652148026659901,6.652148026659901,44.25107336859522,1,1,generic_only__gb_p0_55__approval_p0_00__midterm_p0_00,2018,generic_only_training_cycles
2018_VT,2018,VT,42.16474561566585,30.37285264764074,7.3,1.6666666666666667,1,generic_only,Generic ballot only,0.55,0.0,0.0,1,4.015000000000001,0.0,0.0,4.015000000000001,34.38785264764074,-7.776892968025109,7.776892968025109,60.48006423611839,1,1,generic_only__gb_p0_55__approval_p0_00__midterm_p0_00,2018,generic_only_training_cycles
2018_WA,2018,WA,16.867519849859107,17.573862400129528,7.3,1.6666666666666667,1,generic_only,Generic ballot only,0.55,0.0,0.0,1,4.015000000000001,0.0,0.0,4.015000000000001,21.58886240012953,4.721342550270421,4.721342550270421,22.291075476994003,1,1,generic_only__gb_p0_55__approval_p0_00__midterm_p0_00,2018,generic_only_training_cycles
2018_WI,2018,WI,10.83712500456204,-0.8159780760594231,7.3,1.6666666666666667,1,generic_only,Generic ballot only,0.55,0.0,0.0,1,4.015000000000001,0.0,0.0,4.015000000000001,3.1990219239405775,-7.6381030806214625,7.6381030806214625,58.34061867019908,1,1,generic_only__gb_p0_55__approval_p0_00__midterm_p0_00,2018,generic_only_training_cycles
2018_WV,2018,WV,3.3894179136536167,-44.32210450259154,7.3,1.6666666666666667,1,generic_only,Generic ballot only,0.55,0.0,0.0,1,4.015000000000001,0.0,0.0,4.015000000000001,-40.30710450259154,-43.69652241624516,43.69652241624516,1909.3860712734156,1,0,generic_only__gb_p0_55__approval_p0_00__midterm_p0_00,2018,generic_only_training_cycles
2018_WY,2018,WY,-37.97819051140363,-51.41063925830758,7.3,1.6666666666666667,1,generic_only,Generic ballot only,0.55,0.0,0.0,1,4.015000000000001,0.0,0.0,4.015000000000001,-47.39563925830758,-9.41744874690395,9.41744874690395,88.68834090056279,0,0,generic_only__gb_p0_55__approval_p0_00__midterm_p0_00,2018,generic_only_training_cycles
2020_AK,2020,AK,-13.359036716293971,-16.77130942213614,6.8,-0.3333333333333333,0,generic_only,Generic ballot only,0.95,0.0,0.0,1,6.46,-0.0,0.0,6.46,-10.31130942213614,3.0477272941578306,3.0477272941578306,9.288641659554612,0,0,generic_only__gb_p0_95__approval_p0_00__midterm_p0_00,2020,generic_only_training_cycles
2020_AL,2020,AL,-20.39295082406724,-28.748287187921484,6.8,-0.3333333333333333,0,generic_only,Generic ballot only,0.95,0.0,0.0,1,6.46,-0.0,0.0,6.46,-22.288287187921483,-1.8953363638542449,1.8953363638542449,3.5922999321482303,0,0,generic_only__gb_p0_95__approval_p0_00__midterm_p0_00,2020,generic_only_training_cycles
2020_AZ,2020,AZ,2.3495227373552865,-3.778240892273402,6.8,-0.3333333333333333,0,generic_only,Generic ballot only,0.95,0.0,0.0,1,6.46,-0.0,0.0,6.46,2.681759107726598,0.3322363703713114,0.3322363703713114,0.11038100579750319,1,1,generic_only__gb_p0_95__approval_p0_00__midterm_p0_00,2020,generic_only_training_cycles
2020_CO,2020,CO,9.543169885775072,5.366666745364867,6.8,-0.3333333333333333,0,generic_only,Generic ballot only,0.95,0.0,0.0,1,6.46,-0.0,0.0,6.46,11.826666745364868,2.283496859589796,2.283496859589796,5.214357907756462,1,1,generic_only__gb_p0_95__approval_p0_00__midterm_p0_00,2020,generic_only_training_cycles
2020_DE,2020,DE,22.130005147972824,11.997242887362448,6.8,-0.3333333333333333,0,generic_only,Generic ballot only,0.95,0.0,0.0,1,6.46,-0.0,0.0,6.46,18.457242887362447,-3.6727622606103765,3.6727622606103765,13.489182622963844,1,1,generic_only__gb_p0_95__approval_p0_00__midterm_p0_00,2020,generic_only_training_cycles
2020_GA_REGULAR,2020,GA,-1.8212843302317765,-5.322345198606428,6.8,-0.3333333333333333,0,generic_only,Generic ballot only,0.95,0.0,0.0,1,6.46,-0.0,0.0,6.46,1.1376548013935723,2.958939131625349,2.958939131625349,8.755320784663773,0,1,generic_only__gb_p0_95__approval_p0_00__midterm_p0_00,2020,generic_only_training_cycles
2020_IA,2020,IA,-6.799246352762225,-10.127095690240694,6.8,-0.3333333333333333,0,generic_only,Generic ballot only,0.95,0.0,0.0,1,6.46,-0.0,0.0,6.46,-3.6670956902406937,3.132150662521531,3.132150662521531,9.810367772734066,0,0,generic_only__gb_p0_95__approval_p0_00__midterm_p0_00,2020,generic_only_training_cycles
2020_ID,2020,ID,-30.641627543035987,-36.620353361611166,6.8,-0.3333333333333333,0,generic_only,Generic ballot only,0.95,0.0,0.0,1,6.46,-0.0,0.0,6.46,-30.160353361611165,0.4812741814248227,0.4812741814248227,0.23162483770613315,0,0,generic_only__gb_p0_95__approval_p0_00__midterm_p0_00,2020,generic_only_training_cycles
2020_IL,2020,IL,17.129742087590202,18.04010278142296,6.8,-0.3333333333333333,0,generic_only,Generic ballot only,0.95,0.0,0.0,1,6.46,-0.0,0.0,6.46,24.50010278142296,7.370360693832758,7.370360693832758,54.322216757194894,1,1,generic_only__gb_p0_95__approval_p0_00__midterm_p0_00,2020,generic_only_training_cycles
2020_KS,2020,KS,-12.0379348237619,-22.22294068521333,6.8,-0.3333333333333333,0,generic_only,Generic ballot only,0.95,0.0,0.0,1,6.46,-0.0,0.0,6.46,-15.76294068521333,-3.7250058614514305,3.7250058614514305,13.875668667847513,0,0,generic_only__gb_p0_95__approval_p0_00__midterm_p0_00,2020,generic_only_training_cycles
2020_KY,2020,KY,-20.348541061255716,-31.341258035019727,6.8,-0.3333333333333333,0,generic_only,Generic ballot only,0.95,0.0,0.0,1,6.46,-0.0,0.0,6.46,-24.881258035019727,-4.5327169737640105,4.5327169737640105,20.54552316424837,0,0,generic_only__gb_p0_95__approval_p0_00__midterm_p0_00,2020,generic_only_training_cycles
2020_LA,2020,LA,-51.44061118070289,-20.343354475615584,6.8,-0.3333333333333333,0,generic_only,Generic ballot only,0.95,0.0,0.0,1,6.46,-0.0,0.0,6.46,-13.883354475615583,37.557256705087305,37.557256705087305,1410.5475312118253,0,0,generic_only__gb_p0_95__approval_p0_00__midterm_p0_00,2020,generic_only_training_cycles
2020_MA,2020,MA,33.37630608212415,29.302557379258985,6.8,-0.3333333333333333,0,generic_only,Generic ballot only,0.95,0.0,0.0,1,6.46,-0.0,0.0,6.46,35.762557379258986,2.3862512971348337,2.3862512971348337,5.694195253077677,1,1,generic_only__gb_p0_95__approval_p0_00__midterm_p0_00,2020,generic_only_training_cycles
2020_ME,2020,ME,-9.20707886851065,3.1935822583250655,6.8,-0.3333333333333333,0,generic_only,Generic ballot only,0.95,0.0,0.0,1,6.46,-0.0,0.0,6.46,9.653582258325066,18.860661126835716,18.860661126835716,355.7245381413319,0,1,generic_only__gb_p0_95__approval_p0_00__midterm_p0_00,2020,generic_only_training_cycles
2020_MI,2020,MI,1.7172850548123364,-0.235336433923095,6.8,-0.3333333333333333,0,generic_only,Generic ballot only,0.95,0.0,0.0,1,6.46,-0.0,0.0,6.46,6.224663566076905,4.507378511264569,4.507378511264569,20.3164610438096,1,1,generic_only__gb_p0_95__approval_p0_00__midterm_p0_00,2020,generic_only_training_cycles
2020_MN,2020,MN,5.679457423042791,1.6633874143609688,6.8,-0.3333333333333333,0,generic_only,Generic ballot only,0.95,0.0,0.0,1,6.46,-0.0,0.0,6.46,8.12338741436097,2.4439299913181785,2.4439299913181785,5.972793802464472,1,1,generic_only__gb_p0_95__approval_p0_00__midterm_p0_00,2020,generic_only_training_cycles
2020_MS,2020,MS,-10.155239628567571,-18.17969464812012,6.8,-0.3333333333333333,0,generic_only,Generic ballot only,0.95,0.0,0.0,1,6.46,-0.0,0.0,6.46,-11.719694648120118,-1.5644550195525468,1.5644550195525468,2.4475195082031598,0,0,generic_only__gb_p0_95__approval_p0_00__midterm_p0_00,2020,generic_only_training_cycles
2020_MT,2020,MT,-10.024321499512084,-22.21932863404888,6.8,-0.3333333333333333,0,generic_only,Generic ballot only,0.95,0.0,0.0,1,6.46,-0.0,0.0,6.46,-15.759328634048877,-5.735007134536794,5.735007134536794,32.89030683318793,0,0,generic_only__gb_p0_95__approval_p0_00__midterm_p0_00,2020,generic_only_training_cycles
2020_NC,2020,NC,-1.826603939251612,-3.807491607437427,6.8,-0.3333333333333333,0,generic_only,Generic ballot only,0.95,0.0,0.0,1,6.46,-0.0,0.0,6.46,2.6525083925625728,4.479112331814185,4.479112331814185,20.062447281009902,0,1,generic_only__gb_p0_95__approval_p0_00__midterm_p0_00,2020,generic_only_training_cycles
2020_NE,2020,NE,-43.95175515420045,-27.095348226355146,6.8,-0.3333333333333333,0,generic_only,Generic ballot only,0.95,0.0,0.0,1,6.46,-0.0,0.0,6.46,-20.635348226355145,23.316406927845303,23.316406927845303,543.6548320248725,0,0,generic_only__gb_p0_95__approval_p0_00__midterm_p0_00,2020,generic_only_training_cycles
2020_NH,2020,NH,16.02932792111268,0.3940568847614116,6.8,-0.3333333333333333,0,generic_only,Generic ballot only,0.95,0.0,0.0,1,6.46,-0.0,0.0,6.46,6.854056884761412,-9.175271036351269,9.175271036351269,84.18559859050649,1,1,generic_only__gb_p0_95__approval_p0_00__midterm_p0_00,2020,generic_only_training_cycles
2020_NJ,2020,NJ,16.615139632373698,14.56838028580259,6.8,-0.3333333333333333,0,generic_only,Generic ballot only,0.95,0.0,0.0,1,6.46,-0.0,0.0,6.46,21.02838028580259,4.413240653428893,4.413240653428893,19.476693065077484,1,1,generic_only__gb_p0_95__approval_p0_00__midterm_p0_00,2020,generic_only_training_cycles
2020_NM,2020,NM,6.27123541097869,9.301589868648222,6.8,-0.3333333333333333,0,generic_only,Generic ballot only,0.95,0.0,0.0,1,6.46,-0.0,0.0,6.46,15.761589868648223,9.490354457669532,9.490354457669532,90.06682773220797,1,1,generic_only__gb_p0_95__approval_p0_00__midterm_p0_00,2020,generic_only_training_cycles
2020_OK,2020,OK,-31.525022113596386,-38.60947447665626,6.8,-0.3333333333333333,0,generic_only,Generic ballot only,0.95,0.0,0.0,1,6.46,-0.0,0.0,6.46,-32.14947447665626,-0.6244523630598735,0.6244523630598735,0.3899407537310601,0,0,generic_only__gb_p0_95__approval_p0_00__midterm_p0_00,2020,generic_only_training_cycles
2020_OR,2020,OR,18.274771796454655,12.311677890108712,6.8,-0.3333333333333333,0,generic_only,Generic ballot only,0.95,0.0,0.0,1,6.46,-0.0,0.0,6.46,18.771677890108712,0.4969060936540579,0.4969060936540579,0.24691566591053538,1,1,generic_only__gb_p0_95__approval_p0_00__midterm_p0_00,2020,generic_only_training_cycles
2020_RI,2020,RI,33.17984958322271,16.621408185319623,6.8,-0.3333333333333333,0,generic_only,Generic ballot only,0.95,0.0,0.0,1,6.46,-0.0,0.0,6.46,23.081408185319624,-10.098441397903088,10.098441397903088,101.97851866688286,1,1,generic_only__gb_p0_95__approval_p0_00__midterm_p0_00,2020,generic_only_training_cycles
2020_SC,2020,SC,-10.415832481506795,-14.92051272104804,6.8,-0.3333333333333333,0,generic_only,Generic ballot only,0.95,0.0,0.0,1,6.46,-0.0,0.0,6.46,-8.46051272104804,1.9553197604587549,1.9553197604587549,3.8232753656404825,0,0,generic_only__gb_p0_95__approval_p0_00__midterm_p0_00,2020,generic_only_training_cycles
2020_SD,2020,SD,-31.470495146578337,-31.943716158862507,6.8,-0.3333333333333333,0,generic_only,Generic ballot only,0.95,0.0,0.0,1,6.46,-0.0,0.0,6.46,-25.483716158862507,5.98677898771583,5.98677898771583,35.84152264775578,0,0,generic_only__gb_p0_95__approval_p0_00__midterm_p0_00,2020,generic_only_training_cycles
2020_TN,2020,TN,-27.770345608038824,-27.248686090523975,6.8,-0.3333333333333333,0,generic_only,Generic ballot only,0.95,0.0,0.0,1,6.46,-0.0,0.0,6.46,-20.788686090523974,6.981659517514849,6.981659517514849,48.743569618505674,0,0,generic_only__gb_p0_95__approval_p0_00__midterm_p0_00,2020,generic_only_training_cycles
2020_TX,2020,TX,-9.899042062075353,-9.42645115594398,6.8,-0.3333333333333333,0,generic_only,Generic ballot only,0.95,0.0,0.0,1,6.46,-0.0,0.0,6.46,-2.9664511559439797,6.932590906131373,6.932590906131373,48.060816671775406,0,0,generic_only__gb_p0_95__approval_p0_00__midterm_p0_00,2020,generic_only_training_cycles
2020_VA,2020,VA,12.09582841271353,5.6527525543094015,6.8,-0.3333333333333333,0,generic_only,Generic ballot only,0.95,0.0,0.0,1,6.46,-0.0,0.0,6.46,12.112752554309402,0.0169241415958723,0.0169241415958723,0.000286426568757135,1,1,generic_only__gb_p0_95__approval_p0_00__midterm_p0_00,2020,generic_only_training_cycles
2020_WV,2020,WV,-44.49214332185656,-44.32210450259154,6.8,-0.3333333333333333,0,generic_only,Generic ballot only,0.95,0.0,0.0,1,6.46,-0.0,0.0,6.46,-37.86210450259154,6.6300388192650175,6.6300388192650175,43.95741474496107,0,0,generic_only__gb_p0_95__approval_p0_00__midterm_p0_00,2020,generic_only_training_cycles
2020_WY,2020,WY,-46.2715881653659,-51.41063925830758,6.8,-0.3333333333333333,0,generic_only,Generic ballot only,0.95,0.0,0.0,1,6.46,-0.0,0.0,6.46,-44.95063925830758,1.320948907058316,1.320948907058316,1.7449060150585596,0,0,generic_only__gb_p0_95__approval_p0_00__midterm_p0_00,2020,generic_only_training_cycles
2022_AL,2022,AL,-36.652984262818194,-25.82274966670944,-1.2,-1.2333333333333343,1,generic_only,Generic ballot only,0.85,0.0,0.0,1,-1.02,-0.0,0.0,-1.02,-26.84274966670944,9.810234596108753,9.810234596108753,96.24070283068907,0,0,generic_only__gb_p0_85__approval_p0_00__midterm_p0_00,2022,generic_only_training_cycles
2022_AR,2022,AR,-35.782880140816665,-28.424866555966304,-1.2,-1.2333333333333343,1,generic_only,Generic ballot only,0.85,0.0,0.0,1,-1.02,-0.0,0.0,-1.02,-29.444866555966303,6.338013584850362,6.338013584850362,40.170416201747734,0,0,generic_only__gb_p0_85__approval_p0_00__midterm_p0_00,2022,generic_only_training_cycles
2022_AZ,2022,AZ,4.992147589578039,0.3136633582586228,-1.2,-1.2333333333333343,1,generic_only,Generic ballot only,0.85,0.0,0.0,1,-1.02,-0.0,0.0,-1.02,-0.7063366417413772,-5.698484231319416,5.698484231319416,32.47272253459603,1,0,generic_only__gb_p0_85__approval_p0_00__midterm_p0_00,2022,generic_only_training_cycles
2022_CA_REGULAR,2022,CA,22.12900637700405,29.81782272133514,-1.2,-1.2333333333333343,1,generic_only,Generic ballot only,0.85,0.0,0.0,1,-1.02,-0.0,0.0,-1.02,28.79782272133514,6.668816344331091,6.668816344331091,44.4731114344175,1,1,generic_only__gb_p0_85__approval_p0_00__midterm_p0_00,2022,generic_only_training_cycles
2022_CA_SPECIAL,2022,CA,21.787140037865683,29.81782272133514,-1.2,-1.2333333333333343,1,generic_only,Generic ballot only,0.85,0.0,0.0,1,-1.02,-0.0,0.0,-1.02,28.79782272133514,7.010682683469458,7.010682683469458,49.14967168829852,1,1,generic_only__gb_p0_85__approval_p0_00__midterm_p0_00,2022,generic_only_training_cycles
2022_CO,2022,CO,15.047246386477951,13.876638984600303,-1.2,-1.2333333333333343,1,generic_only,Generic ballot only,0.85,0.0,0.0,1,-1.02,-0.0,0.0,-1.02,12.856638984600304,-2.1906074018776476,2.1906074018776476,4.798760789161137,1,1,generic_only__gb_p0_85__approval_p0_00__midterm_p0_00,2022,generic_only_training_cycles
2022_FL,2022,FL,-16.587594994456367,-3.389509324283111,-1.2,-1.2333333333333343,1,generic_only,Generic ballot only,0.85,0.0,0.0,1,-1.02,-0.0,0.0,-1.02,-4.4095093242831105,12.178085670173257,12.178085670173257,148.30577059007922,0,0,generic_only__gb_p0_85__approval_p0_00__midterm_p0_00,2022,generic_only_training_cycles
2022_GA,2022,GA,0.9774140180497994,0.2386593258172951,-1.2,-1.2333333333333343,1,generic_only,Generic ballot only,0.85,0.0,0.0,1,-1.02,-0.0,0.0,-1.02,-0.7813406741827049,-1.7587546922325044,1.7587546922325044,3.0932180674498513,1,0,generic_only__gb_p0_85__approval_p0_00__midterm_p0_00,2022,generic_only_training_cycles
2022_HI,2022,HI,46.45313302387402,30.06532929302977,-1.2,-1.2333333333333343,1,generic_only,Generic ballot only,0.85,0.0,0.0,1,-1.02,-0.0,0.0,-1.02,29.04532929302977,-17.407803730844247,17.407803730844247,303.0316307315949,1,1,generic_only__gb_p0_85__approval_p0_00__midterm_p0_00,2022,generic_only_training_cycles
2022_IA,2022,IA,-12.196840548191474,-8.36652616927411,-1.2,-1.2333333333333343,1,generic_only,Generic ballot only,0.85,0.0,0.0,1,-1.02,-0.0,0.0,-1.02,-9.38652616927411,2.810314378917365,2.810314378917365,7.8978669083496955,0,0,generic_only__gb_p0_85__approval_p0_00__midterm_p0_00,2022,generic_only_training_cycles
2022_ID,2022,ID,-35.721031821889774,-31.754285850155743,-1.2,-1.2333333333333343,1,generic_only,Generic ballot only,0.85,0.0,0.0,1,-1.02,-0.0,0.0,-1.02,-32.77428585015574,2.946745971734032,2.946745971734032,8.683311821930744,0,0,generic_only__gb_p0_85__approval_p0_00__midterm_p0_00,2022,generic_only_training_cycles
2022_IL,2022,IL,15.584397861044309,17.318087465613843,-1.2,-1.2333333333333343,1,generic_only,Generic ballot only,0.85,0.0,0.0,1,-1.02,-0.0,0.0,-1.02,16.298087465613843,0.7136896045695345,0.7136896045695345,0.5093528516706185,1,1,generic_only__gb_p0_85__approval_p0_00__midterm_p0_00,2022,generic_only_training_cycles
2022_IN,2022,IN,-21.495551038239668,-16.390096014885927,-1.2,-1.2333333333333343,1,generic_only,Generic ballot only,0.85,0.0,0.0,1,-1.02,-0.0,0.0,-1.02,-17.410096014885927,4.085455023353742,4.085455023353742,16.69094274784632,0,0,generic_only__gb_p0_85__approval_p0_00__midterm_p0_00,2022,generic_only_training_cycles
2022_KS,2022,KS,-23.66328612885694,-14.9868565112627,-1.2,-1.2333333333333343,1,generic_only,Generic ballot only,0.85,0.0,0.0,1,-1.02,-0.0,0.0,-1.02,-16.0068565112627,7.656429617594238,7.656429617594238,58.620914489174254,0,0,generic_only__gb_p0_85__approval_p0_00__midterm_p0_00,2022,generic_only_training_cycles
2022_KY,2022,KY,-23.619806488332387,-26.40020580052594,-1.2,-1.2333333333333343,1,generic_only,Generic ballot only,0.85,0.0,0.0,1,-1.02,-0.0,0.0,-1.02,-27.420205800525938,-3.8003993121935515,3.8003993121935515,14.44303493212122,0,0,generic_only__gb_p0_85__approval_p0_00__midterm_p0_00,2022,generic_only_training_cycles
2022_LA,2022,LA,-55.0418251781291,-18.928880912582105,-1.2,-1.2333333333333343,1,generic_only,Generic ballot only,0.85,0.0,0.0,1,-1.02,-0.0,0.0,-1.02,-19.948880912582105,35.092944265547,35.092944265547,1231.514737224788,0,0,generic_only__gb_p0_85__approval_p0_00__midterm_p0_00,2022,generic_only_training_cycles
2022_MD,2022,MD,31.743055937654752,34.058094094184675,-1.2,-1.2333333333333343,1,generic_only,Generic ballot only,0.85,0.0,0.0,1,-1.02,-0.0,0.0,-1.02,33.03809409418467,1.2950381565299196,1.2950381565299196,1.6771238268684125,1,1,generic_only__gb_p0_85__approval_p0_00__midterm_p0_00,2022,generic_only_training_cycles
2022_MO,2022,MO,-13.652645873736844,-15.671641288802888,-1.2,-1.2333333333333343,1,generic_only,Generic ballot only,0.85,0.0,0.0,1,-1.02,-0.0,0.0,-1.02,-16.691641288802888,-3.0389954150660436,3.0389954150660436,9.235493132792435,0,0,generic_only__gb_p0_85__approval_p0_00__midterm_p0_00,2022,generic_only_training_cycles
2022_NC,2022,NC,-3.299253218639862,-1.3683650663734426,-1.2,-1.2333333333333343,1,generic_only,Generic ballot only,0.85,0.0,0.0,1,-1.02,-0.0,0.0,-1.02,-2.3883650663734426,0.9108881522664194,0.9108881522664194,0.8297172259393316,0,0,generic_only__gb_p0_85__approval_p0_00__midterm_p0_00,2022,generic_only_training_cycles
2022_ND,2022,ND,-38.61430712798449,-34.43481684579326,-1.2,-1.2333333333333343,1,generic_only,Generic ballot only,0.85,0.0,0.0,1,-1.02,-0.0,0.0,-1.02,-35.45481684579326,3.1594902821912285,3.1594902821912285,9.98237884326081,0,0,generic_only__gb_p0_85__approval_p0_00__midterm_p0_00,2022,generic_only_training_cycles
2022_NH,2022,NH,9.349948447759571,7.496695443190077,-1.2,-1.2333333333333343,1,generic_only,Generic ballot only,0.85,0.0,0.0,1,-1.02,-0.0,0.0,-1.02,6.476695443190078,-2.8732530045694933,2.8732530045694933,8.25558282826762,1,1,generic_only__gb_p0_85__approval_p0_00__midterm_p0_00,2022,generic_only_training_cycles
2022_NV,2022,NV,0.801857785545522,2.446234680087614,-1.2,-1.2333333333333343,1,generic_only,Generic ballot only,0.85,0.0,0.0,1,-1.02,-0.0,0.0,-1.02,1.4262346800876138,0.6243768945420918,0.6243768945420918,0.3898465064380264,1,1,generic_only__gb_p0_85__approval_p0_00__midterm_p0_00,2022,generic_only_training_cycles
2022_NY,2022,NY,14.075069326686034,23.433669786024495,-1.2,-1.2333333333333343,1,generic_only,Generic ballot only,0.85,0.0,0.0,1,-1.02,-0.0,0.0,-1.02,22.413669786024496,8.338600459338462,8.338600459338462,69.53225762047961,1,1,generic_only__gb_p0_85__approval_p0_00__midterm_p0_00,2022,generic_only_training_cycles
2022_OH,2022,OH,-6.114454849606801,-8.153395295405431,-1.2,-1.2333333333333343,1,generic_only,Generic ballot only,0.85,0.0,0.0,1,-1.02,-0.0,0.0,-1.02,-9.173395295405431,-3.05894044579863,3.05894044579863,9.35711665094272,0,0,generic_only__gb_p0_85__approval_p0_00__midterm_p0_00,2022,generic_only_training_cycles
2022_OK_REGULAR,2022,OK,-33.40665086133072,-33.88007899381302,-1.2,-1.2333333333333343,1,generic_only,Generic ballot only,0.85,0.0,0.0,1,-1.02,-0.0,0.0,-1.02,-34.900078993813025,-1.4934281324823075,1.4934281324823075,2.230327586889593,0,0,generic_only__gb_p0_85__approval_p0_00__midterm_p0_00,2022,generic_only_training_cycles
2022_OK_SPECIAL,2022,OK,-27.35172468172955,-33.88007899381302,-1.2,-1.2333333333333343,1,generic_only,Generic ballot only,0.85,0.0,0.0,1,-1.02,-0.0,0.0,-1.02,-34.900078993813025,-7.548354312083475,7.548354312083475,56.97765282074919,0,0,generic_only__gb_p0_85__approval_p0_00__midterm_p0_00,2022,generic_only_training_cycles
2022_OR,2022,OR,15.408528397166307,16.614313970883458,-1.2,-1.2333333333333343,1,generic_only,Generic ballot only,0.85,0.0,0.0,1,-1.02,-0.0,0.0,-1.02,15.594313970883459,0.1857855737171512,0.1857855737171512,0.034516279401411026,1,1,generic_only__gb_p0_85__approval_p0_00__midterm_p0_00,2022,generic_only_training_cycles
2022_PA,2022,PA,5.035095542957677,1.178410518698115,-1.2,-1.2333333333333343,1,generic_only,Generic ballot only,0.85,0.0,0.0,1,-1.02,-0.0,0.0,-1.02,0.15841051869811507,-4.876685024259562,4.876685024259562,23.782056825837483,1,1,generic_only__gb_p0_85__approval_p0_00__midterm_p0_00,2022,generic_only_training_cycles
2022_SC,2022,SC,-25.896486784856165,-11.853217499164188,-1.2,-1.2333333333333343,1,generic_only,Generic ballot only,0.85,0.0,0.0,1,-1.02,-0.0,0.0,-1.02,-12.873217499164188,13.023269285691978,13.023269285691978,169.60554288764803,0,0,generic_only__gb_p0_85__approval_p0_00__midterm_p0_00,2022,generic_only_training_cycles
2022_SD,2022,SD,-45.39410721732374,-26.869559723362997,-1.2,-1.2333333333333343,1,generic_only,Generic ballot only,0.85,0.0,0.0,1,-1.02,-0.0,0.0,-1.02,-27.889559723362996,17.504547493960747,17.504547493960747,306.40918296832746,0,0,generic_only__gb_p0_85__approval_p0_00__midterm_p0_00,2022,generic_only_training_cycles
2022_UT,2022,UT,-10.854978816433643,-21.387210243703265,-1.2,-1.2333333333333343,1,generic_only,Generic ballot only,0.85,0.0,0.0,1,-1.02,-0.0,0.0,-1.02,-22.407210243703265,-11.552231427269621,11.552231427269621,133.4540509491959,0,0,generic_only__gb_p0_85__approval_p0_00__midterm_p0_00,2022,generic_only_training_cycles
2022_VT,2022,VT,41.90937868850685,36.59837310561312,-1.2,-1.2333333333333343,1,generic_only,Generic ballot only,0.85,0.0,0.0,1,-1.02,-0.0,0.0,-1.02,35.57837310561312,-6.331005582893731,6.331005582893731,40.08163169063159,1,1,generic_only__gb_p0_85__approval_p0_00__midterm_p0_00,2022,generic_only_training_cycles
2022_WA,2022,WA,14.550585979180894,19.851006369581384,-1.2,-1.2333333333333343,1,generic_only,Generic ballot only,0.85,0.0,0.0,1,-1.02,-0.0,0.0,-1.02,18.831006369581385,4.28042039040049,4.28042039040049,18.321998718556284,1,1,generic_only__gb_p0_85__approval_p0_00__midterm_p0_00,2022,generic_only_training_cycles
2022_WI,2022,WI,-1.0091205339674616,0.6381265330679895,-1.2,-1.2333333333333343,1,generic_only,Generic ballot only,0.85,0.0,0.0,1,-1.02,-0.0,0.0,-1.02,-0.3818734669320105,0.6272470670354511,0.6272470670354511,0.39343888310457564,0,0,generic_only__gb_p0_85__approval_p0_00__midterm_p0_00,2022,generic_only_training_cycles
2024_AZ,2024,AZ,2.4624583141814895,0.3136633582586228,-0.3,-1.3333333333333333,0,generic_only,Generic ballot only,0.75,0.0,0.0,1,-0.22499999999999998,-0.0,0.0,-0.22499999999999998,0.08866335825862282,-2.373794955922867,2.373794955922867,5.634902492764845,1,1,generic_only__gb_p0_75__approval_p0_00__midterm_p0_00,2024,generic_only_training_cycles
2024_CA_REGULAR,2024,CA,17.745034382389406,29.81782272133514,-0.3,-1.3333333333333333,0,generic_only,Generic ballot only,0.75,0.0,0.0,1,-0.22499999999999998,-0.0,0.0,-0.22499999999999998,29.59282272133514,11.847788338945733,11.847788338945733,140.3700885244585,1,1,generic_only__gb_p0_75__approval_p0_00__midterm_p0_00,2024,generic_only_training_cycles
2024_CA_SPECIAL,2024,CA,17.50078847533601,29.81782272133514,-0.3,-1.3333333333333333,0,generic_only,Generic ballot only,0.75,0.0,0.0,1,-0.22499999999999998,-0.0,0.0,-0.22499999999999998,29.59282272133514,12.09203424599913,12.09203424599913,146.21729220641575,1,1,generic_only__gb_p0_75__approval_p0_00__midterm_p0_00,2024,generic_only_training_cycles
2024_CT,2024,CT,19.20478918086353,20.39009817615569,-0.3,-1.3333333333333333,0,generic_only,Generic ballot only,0.75,0.0,0.0,1,-0.22499999999999998,-0.0,0.0,-0.22499999999999998,20.165098176155688,0.9603089952921593,0.9603089952921593,0.9221933664390364,1,1,generic_only__gb_p0_75__approval_p0_00__midterm_p0_00,2024,generic_only_training_cycles
2024_DE,2024,DE,17.782937775828344,19.253488329968945,-0.3,-1.3333333333333333,0,generic_only,Generic ballot only,0.75,0.0,0.0,1,-0.22499999999999998,-0.0,0.0,-0.22499999999999998,19.028488329968944,1.2455505541405998,1.2455505541405998,1.5513961829199552,1,1,generic_only__gb_p0_75__approval_p0_00__midterm_p0_00,2024,generic_only_training_cycles
2024_FL,2024,FL,-12.991751177582984,-3.389509324283111,-0.3,-1.3333333333333333,0,generic_only,Generic ballot only,0.75,0.0,0.0,1,-0.22499999999999998,-0.0,0.0,-0.22499999999999998,-3.614509324283111,9.377241853299873,9.377241853299873,87.93266477527884,0,0,generic_only__gb_p0_75__approval_p0_00__midterm_p0_00,2024,generic_only_training_cycles
2024_HI,2024,HI,33.89004871259568,30.06532929302977,-0.3,-1.3333333333333333,0,generic_only,Generic ballot only,0.75,0.0,0.0,1,-0.22499999999999998,-0.0,0.0,-0.22499999999999998,29.840329293029768,-4.0497194195659105,4.0497194195659105,16.400227377209255,1,1,generic_only__gb_p0_75__approval_p0_00__midterm_p0_00,2024,generic_only_training_cycles
2024_IN,2024,IN,-20.401222284822257,-16.390096014885927,-0.3,-1.3333333333333333,0,generic_only,Generic ballot only,0.75,0.0,0.0,1,-0.22499999999999998,-0.0,0.0,-0.22499999999999998,-16.61509601488593,3.7861262699363287,3.7861262699363287,14.334752131901977,0,0,generic_only__gb_p0_75__approval_p0_00__midterm_p0_00,2024,generic_only_training_cycles
2024_MA,2024,MA,19.847565736102283,34.2310990802963,-0.3,-1.3333333333333333,0,generic_only,Generic ballot only,0.75,0.0,0.0,1,-0.22499999999999998,-0.0,0.0,-0.22499999999999998,34.0060990802963,14.15853334419402,14.15853334419402,200.4640664586539,1,1,generic_only__gb_p0_75__approval_p0_00__midterm_p0_00,2024,generic_only_training_cycles
2024_MD,2024,MD,12.106519772814307,34.058094094184675,-0.3,-1.3333333333333333,0,generic_only,Generic ballot only,0.75,0.0,0.0,1,-0.22499999999999998,-0.0,0.0,-0.22499999999999998,33.83309409418467,21.726574321370364,21.726574321370364,472.0440317420301,1,1,generic_only__gb_p0_75__approval_p0_00__midterm_p0_00,2024,generic_only_training_cycles
2024_MI,2024,MI,0.3515485263113902,2.8271186888189135,-0.3,-1.3333333333333333,0,generic_only,Generic ballot only,0.75,0.0,0.0,1,-0.22499999999999998,-0.0,0.0,-0.22499999999999998,2.6021186888189134,2.250570162507523,2.250570162507523,5.065066056369139,1,1,generic_only__gb_p0_75__approval_p0_00__midterm_p0_00,2024,generic_only_training_cycles
2024_MN,2024,MN,16.235543437695867,7.279027297133339,-0.3,-1.3333333333333333,0,generic_only,Generic ballot only,0.75,0.0,0.0,1,-0.22499999999999998,-0.0,0.0,-0.22499999999999998,7.05402729713334,-9.181516140562527,9.181516140562527,84.30023863941021,1,1,generic_only__gb_p0_75__approval_p0_00__midterm_p0_00,2024,generic_only_training_cycles
2024_MO,2024,MO,-14.096355376281892,-15.671641288802888,-0.3,-1.3333333333333333,0,generic_only,Generic ballot only,0.75,0.0,0.0,1,-0.22499999999999998,-0.0,0.0,-0.22499999999999998,-15.896641288802888,-1.8002859125209962,1.8002859125209962,3.241029366821556,0,0,generic_only__gb_p0_75__approval_p0_00__midterm_p0_00,2024,generic_only_training_cycles
2024_MS,2024,MS,-25.624382405477704,-16.76997165477772,-0.3,-1.3333333333333333,0,generic_only,Generic ballot only,0.75,0.0,0.0,1,-0.22499999999999998,-0.0,0.0,-0.22499999999999998,-16.99497165477772,8.629410750699982,8.629410750699982,74.46672990429643,0,0,generic_only__gb_p0_75__approval_p0_00__midterm_p0_00,2024,generic_only_training_cycles
2024_MT,2024,MT,-7.278178886452224,-16.794360184096206,-0.3,-1.3333333333333333,0,generic_only,Generic ballot only,0.75,0.0,0.0,1,-0.22499999999999998,-0.0,0.0,-0.22499999999999998,-17.019360184096207,-9.741181297643983,9.741181297643983,94.89061307356891,0,0,generic_only__gb_p0_75__approval_p0_00__midterm_p0_00,2024,generic_only_training_cycles
2024_ND,2024,ND,-33.03319923672319,-34.43481684579326,-0.3,-1.3333333333333333,0,generic_only,Generic ballot only,0.75,0.0,0.0,1,-0.22499999999999998,-0.0,0.0,-0.22499999999999998,-34.65981684579326,-1.6266176090700668,1.6266176090700668,2.6458848461368207,0,0,generic_only__gb_p0_75__approval_p0_00__midterm_p0_00,2024,generic_only_training_cycles
2024_NE_REGULAR,2024,NE,-6.694085293448069,-19.56810449320345,-0.3,-1.3333333333333333,0,generic_only,Generic ballot only,0.75,0.0,0.0,1,-0.22499999999999998,-0.0,0.0,-0.22499999999999998,-19.79310449320345,-13.099019199755382,13.099019199755382,171.58430399556013,0,0,generic_only__gb_p0_75__approval_p0_00__midterm_p0_00,2024,generic_only_training_cycles
2024_NE_SPECIAL,2024,NE,-25.155052646777293,-19.56810449320345,-0.3,-1.3333333333333333,0,generic_only,Generic ballot only,0.75,0.0,0.0,1,-0.22499999999999998,-0.0,0.0,-0.22499999999999998,-19.79310449320345,5.361948153573842,5.361948153573842,28.750488001613927,0,0,generic_only__gb_p0_75__approval_p0_00__midterm_p0_00,2024,generic_only_training_cycles
2024_NJ,2024,NJ,9.857537839129066,16.142567173589683,-0.3,-1.3333333333333333,0,generic_only,Generic ballot only,0.75,0.0,0.0,1,-0.22499999999999998,-0.0,0.0,-0.22499999999999998,15.917567173589683,6.0600293344606175,6.0600293344606175,36.72395553452319,1,1,generic_only__gb_p0_75__approval_p0_00__midterm_p0_00,2024,generic_only_training_cycles
2024_NM,2024,NM,10.113349665840444,11.036980303439478,-0.3,-1.3333333333333333,0,generic_only,Generic ballot only,0.75,0.0,0.0,1,-0.22499999999999998,-0.0,0.0,-0.22499999999999998,10.811980303439478,0.6986306375990345,0.6986306375990345,0.4880847677920335,1,1,generic_only__gb_p0_75__approval_p0_00__midterm_p0_00,2024,generic_only_training_cycles
2024_NV,2024,NV,1.7457448421834698,2.446234680087614,-0.3,-1.3333333333333333,0,generic_only,Generic ballot only,0.75,0.0,0.0,1,-0.22499999999999998,-0.0,0.0,-0.22499999999999998,2.2212346800876137,0.4754898379041439,0.4754898379041439,0.22609058595010903,1,1,generic_only__gb_p0_75__approval_p0_00__midterm_p0_00,2024,generic_only_training_cycles
2024_NY,2024,NY,18.40805372062256,23.433669786024495,-0.3,-1.3333333333333333,0,generic_only,Generic ballot only,0.75,0.0,0.0,1,-0.22499999999999998,-0.0,0.0,-0.22499999999999998,23.208669786024494,4.8006160654019325,4.8006160654019325,23.045914607395133,1,1,generic_only__gb_p0_75__approval_p0_00__midterm_p0_00,2024,generic_only_training_cycles
2024_OH,2024,OH,-3.747668078104226,-8.153395295405431,-0.3,-1.3333333333333333,0,generic_only,Generic ballot only,0.75,0.0,0.0,1,-0.22499999999999998,-0.0,0.0,-0.22499999999999998,-8.378395295405431,-4.630727217301205,4.630727217301205,21.44363456105416,0,0,generic_only__gb_p0_75__approval_p0_00__midterm_p0_00,2024,generic_only_training_cycles
2024_PA,2024,PA,-0.2228208993178242,1.178410518698115,-0.3,-1.3333333333333333,0,generic_only,Generic ballot only,0.75,0.0,0.0,1,-0.22499999999999998,-0.0,0.0,-0.22499999999999998,0.9534105186981151,1.1762314180159392,1.1762314180159392,1.3835203487277872,0,1,generic_only__gb_p0_75__approval_p0_00__midterm_p0_00,2024,generic_only_training_cycles
2024_RI,2024,RI,20.098878346212786,21.19871976791852,-0.3,-1.3333333333333333,0,generic_only,Generic ballot only,0.75,0.0,0.0,1,-0.22499999999999998,-0.0,0.0,-0.22499999999999998,20.973719767918517,0.8748414217057316,0.8748414217057316,0.7653475131321058,1,1,generic_only__gb_p0_75__approval_p0_00__midterm_p0_00,2024,generic_only_training_cycles
2024_TN,2024,TN,-30.25187665212592,-23.655540744132708,-0.3,-1.3333333333333333,0,generic_only,Generic ballot only,0.75,0.0,0.0,1,-0.22499999999999998,-0.0,0.0,-0.22499999999999998,-23.88054074413271,6.37133590799321,6.37133590799321,40.59392125248366,0,0,generic_only__gb_p0_75__approval_p0_00__midterm_p0_00,2024,generic_only_training_cycles
2024_TX,2024,TX,-8.705251955409139,-5.661442473559063,-0.3,-1.3333333333333333,0,generic_only,Generic ballot only,0.75,0.0,0.0,1,-0.22499999999999998,-0.0,0.0,-0.22499999999999998,-5.886442473559063,2.818809481850076,2.818809481850076,7.945686894967895,0,0,generic_only__gb_p0_75__approval_p0_00__midterm_p0_00,2024,generic_only_training_cycles
2024_UT,2024,UT,-32.640668786229845,-21.387210243703265,-0.3,-1.3333333333333333,0,generic_only,Generic ballot only,0.75,0.0,0.0,1,-0.22499999999999998,-0.0,0.0,-0.22499999999999998,-21.612210243703267,11.028458542526579,11.028458542526579,121.62689782422747,0,0,generic_only__gb_p0_75__approval_p0_00__midterm_p0_00,2024,generic_only_training_cycles
2024_VA,2024,VA,8.952032284687988,10.309373998799812,-0.3,-1.3333333333333333,0,generic_only,Generic ballot only,0.75,0.0,0.0,1,-0.22499999999999998,-0.0,0.0,-0.22499999999999998,10.084373998799812,1.1323417141118242,1.1323417141118242,1.2821977575177042,1,1,generic_only__gb_p0_75__approval_p0_00__midterm_p0_00,2024,generic_only_training_cycles
2024_VT,2024,VT,32.64053697017699,36.59837310561312,-0.3,-1.3333333333333333,0,generic_only,Generic ballot only,0.75,0.0,0.0,1,-0.22499999999999998,-0.0,0.0,-0.22499999999999998,36.37337310561312,3.7328361354361306,3.7328361354361306,13.934065614017745,1,1,generic_only__gb_p0_75__approval_p0_00__midterm_p0_00,2024,generic_only_training_cycles
2024_WA,2024,WA,18.501674485843935,19.851006369581384,-0.3,-1.3333333333333333,0,generic_only,Generic ballot only,0.75,0.0,0.0,1,-0.22499999999999998,-0.0,0.0,-0.22499999999999998,19.626006369581383,1.1243318837374474,1.1243318837374474,1.264122184788597,1,1,generic_only__gb_p0_75__approval_p0_00__midterm_p0_00,2024,generic_only_training_cycles
2024_WI,2024,WI,0.8677410241822372,0.6381265330679895,-0.3,-1.3333333333333333,0,generic_only,Generic ballot only,0.75,0.0,0.0,1,-0.22499999999999998,-0.0,0.0,-0.22499999999999998,0.4131265330679895,-0.4546144911142477,0.4546144911142477,0.20667433553106637,1,1,generic_only__gb_p0_75__approval_p0_00__midterm_p0_00,2024,generic_only_training_cycles
2024_WV,2024,WV,-42.47776205712924,-39.59706462784405,-0.3,-1.3333333333333333,0,generic_only,Generic ballot only,0.75,0.0,0.0,1,-0.22499999999999998,-0.0,0.0,-0.22499999999999998,-39.82206462784405,2.6556974292851905,2.6556974292851905,7.052728835911969,0,0,generic_only__gb_p0_75__approval_p0_00__midterm_p0_00,2024,generic_only_training_cycles
2024_WY,2024,WY,-51.380342939975975,-44.96086875117019,-0.3,-1.3333333333333333,0,generic_only,Generic ballot only,0.75,0.0,0.0,1,-0.22499999999999998,-0.0,0.0,-0.22499999999999998,-45.18586875117019,6.194474188805785,6.194474188805785,38.371510475781086,0,0,generic_only__gb_p0_75__approval_p0_00__midterm_p0_00,2024,generic_only_training_cycles
