year,state,state_po,dem_candidate,gop_candidate,dem_votes,gop_votes,major_party_votes,totalvotes,dem_vote_share,gop_vote_share,dem_two_party_share,gop_two_party_share,presidential_margin_dem,winner_party,source_dataset,source_doi,source_file,source_status,validation_status
2008,ALASKA,AK,"OBAMA, BARACK H.","MCCAIN, JOHN",123594,193841,317435,326197,37.88937359938932,59.4245195388063,38.9352150834029,61.0647849165971,-22.129569833194196,R,"MIT Election Data and Science Lab, U.S. President 1976-2024",10.7910/DVN/42MVDX,1976-2024-president.csv,authoritative_academic,validated
2008,ALABAMA,AL,"OBAMA, BARACK H.","MCCAIN, JOHN",813479,1266546,2080025,2099819,38.74043429457491,60.31691302917061,39.109097246427325,60.890902753572675,-21.78180550714535,R,"MIT Election Data and Science Lab, U.S. President 1976-2024",10.7910/DVN/42MVDX,1976-2024-president.csv,authoritative_academic,validated
2008,ARKANSAS,AR,"OBAMA, BARACK H.","MCCAIN, JOHN",422310,638017,1060327,1086617,38.86465976512424,58.7159044999296,39.82827938928274,60.17172061071726,-20.343441221434517,R,"MIT Election Data and Science Lab, U.S. President 1976-2024",10.7910/DVN/42MVDX,1976-2024-president.csv,authoritative_academic,validated
2008,ARIZONA,AZ,"OBAMA, BARACK H.","MCCAIN, JOHN",1034707,1230111,2264818,2293475,45.11525087476428,53.635247822627235,45.68609928038368,54.31390071961632,-8.627801439232641,R,"MIT Election Data and Science Lab, U.S. President 1976-2024",10.7910/DVN/42MVDX,1976-2024-president.csv,authoritative_academic,validated
2008,CALIFORNIA,CA,"OBAMA, BARACK H.","MCCAIN, JOHN",8274473,5011781,13286254,13561900,61.01263834713425,36.95485883246448,62.27844959158541,37.72155040841459,24.556899183170813,D,"MIT Election Data and Science Lab, U.S. President 1976-2024",10.7910/DVN/42MVDX,1976-2024-president.csv,authoritative_academic,validated
2008,COLORADO,CO,"OBAMA, BARACK H.","MCCAIN, JOHN",1288576,1073589,2362165,2401361,53.66023684069159,44.70752210933716,54.55063469317342,45.44936530682658,9.101269386346843,D,"MIT Election Data and Science Lab, U.S. President 1976-2024",10.7910/DVN/42MVDX,1976-2024-president.csv,authoritative_academic,validated
2008,CONNECTICUT,CT,"OBAMA, BARACK H.","MCCAIN, JOHN",997772,629428,1627200,1646792,60.58882967612182,38.22146330562694,61.31833824975418,38.68166175024582,22.636676499508354,D,"MIT Election Data and Science Lab, U.S. President 1976-2024",10.7910/DVN/42MVDX,1976-2024-president.csv,authoritative_academic,validated
2008,DELAWARE,DE,"OBAMA, BARACK H.","MCCAIN, JOHN",255459,152374,407833,412412,61.942668981503935,36.9470335489753,62.63813864988856,37.36186135011144,25.27627729977712,D,"MIT Election Data and Science Lab, U.S. President 1976-2024",10.7910/DVN/42MVDX,1976-2024-president.csv,authoritative_academic,validated
2008,FLORIDA,FL,"OBAMA, BARACK H.","MCCAIN, JOHN",4282074,4045624,8327698,8390744,51.03330527066491,48.215319165976226,51.419660030899294,48.580339969100706,2.8393200617985883,D,"MIT Election Data and Science Lab, U.S. President 1976-2024",10.7910/DVN/42MVDX,1976-2024-president.csv,authoritative_academic,validated
2008,GEORGIA,GA,"OBAMA, BARACK H.","MCCAIN, JOHN",1844123,2048759,3892882,3924486,46.99017909606506,52.20451799292952,47.37166448918821,52.62833551081179,-5.256671021623575,R,"MIT Election Data and Science Lab, U.S. President 1976-2024",10.7910/DVN/42MVDX,1976-2024-president.csv,authoritative_academic,validated
2008,HAWAII,HI,"OBAMA, BARACK H.","MCCAIN, JOHN",325871,120566,446437,456064,71.45291011787819,26.436201936570306,72.99372587845542,27.006274121544585,45.987451756910836,D,"MIT Election Data and Science Lab, U.S. President 1976-2024",10.7910/DVN/42MVDX,1976-2024-president.csv,authoritative_academic,validated
2008,IOWA,IA,"OBAMA, BARACK H.","MCCAIN, JOHN",828940,682379,1511319,1537123,53.92802007386527,44.39325935530208,54.84877778946735,45.15122221053265,9.697555578934697,D,"MIT Election Data and Science Lab, U.S. President 1976-2024",10.7910/DVN/42MVDX,1976-2024-president.csv,authoritative_academic,validated
2008,IDAHO,ID,"OBAMA, BARACK H.","MCCAIN, JOHN",236440,403012,639452,655122,36.09098763283785,61.51709147303861,36.97541019497945,63.02458980502055,-26.049179610041094,R,"MIT Election Data and Science Lab, U.S. President 1976-2024",10.7910/DVN/42MVDX,1976-2024-president.csv,authoritative_academic,validated
2008,ILLINOIS,IL,"OBAMA, BARACK H.","MCCAIN, JOHN",3419348,2031179,5450527,5522371,61.91811452001323,36.7809225421472,62.73426404455936,37.26573595544064,25.46852808911872,D,"MIT Election Data and Science Lab, U.S. President 1976-2024",10.7910/DVN/42MVDX,1976-2024-president.csv,authoritative_academic,validated
2008,INDIANA,IN,"OBAMA, BARACK H.","MCCAIN, JOHN",1374039,1345648,2719687,2751054,49.94591163968428,48.91390717884855,50.52195344537809,49.47804655462191,1.0439068907561762,D,"MIT Election Data and Science Lab, U.S. President 1976-2024",10.7910/DVN/42MVDX,1976-2024-president.csv,authoritative_academic,validated
2008,KANSAS,KS,"OBAMA, BARACK H.","MCCAIN, JOHN",514765,699655,1214420,1235872,41.65196719401362,56.612254343491884,42.38772418109056,57.61227581890944,-15.224551637818877,R,"MIT Election Data and Science Lab, U.S. President 1976-2024",10.7910/DVN/42MVDX,1976-2024-president.csv,authoritative_academic,validated
2008,KENTUCKY,KY,"OBAMA, BARACK H.","MCCAIN, JOHN",751985,1048462,1800447,1826620,41.16811378392879,57.39902114287591,41.76657241229539,58.23342758770461,-16.466855175409222,R,"MIT Election Data and Science Lab, U.S. President 1976-2024",10.7910/DVN/42MVDX,1976-2024-president.csv,authoritative_academic,validated
2008,LOUISIANA,LA,"OBAMA, BARACK H.","MCCAIN, JOHN",782989,1148275,1931264,1960761,39.93291380234511,58.56272131075639,40.542825838414636,59.457174161585364,-18.914348323170728,R,"MIT Election Data and Science Lab, U.S. President 1976-2024",10.7910/DVN/42MVDX,1976-2024-president.csv,authoritative_academic,validated
2008,MASSACHUSETTS,MA,"OBAMA, BARACK H.","MCCAIN, JOHN",1904097,1108854,3012951,3102995,61.36319910280229,35.73495928933176,63.19707821335295,36.80292178664705,26.394156426705905,D,"MIT Election Data and Science Lab, U.S. President 1976-2024",10.7910/DVN/42MVDX,1976-2024-president.csv,authoritative_academic,validated
2008,MARYLAND,MD,"OBAMA, BARACK H.","MCCAIN, JOHN",1629467,959862,2589329,2631596,61.919344762645935,36.4745196451127,62.93008729288553,37.06991270711447,25.860174585771063,D,"MIT Election Data and Science Lab, U.S. President 1976-2024",10.7910/DVN/42MVDX,1976-2024-president.csv,authoritative_academic,validated
2008,MAINE,ME,"OBAMA, BARACK H.","MCCAIN, JOHN",421923,295273,717196,731163,57.705737297975965,40.38401833790824,58.8295249834076,41.1704750165924,17.659049966815203,D,"MIT Election Data and Science Lab, U.S. President 1976-2024",10.7910/DVN/42MVDX,1976-2024-president.csv,authoritative_academic,validated
2008,MICHIGAN,MI,"OBAMA, BARACK H.","MCCAIN, JOHN",2872579,2048639,4921218,5001596,57.43324730745946,40.959705661952704,58.37130157615452,41.62869842384548,16.742603152309044,D,"MIT Election Data and Science Lab, U.S. President 1976-2024",10.7910/DVN/42MVDX,1976-2024-president.csv,authoritative_academic,validated
2008,MINNESOTA,MN,"OBAMA, BARACK H.","MCCAIN, JOHN",1573354,1275409,2848763,2910369,54.06029269827984,43.822931044139075,55.22937499539274,44.77062500460726,10.458749990785478,D,"MIT Election Data and Science Lab, U.S. President 1976-2024",10.7910/DVN/42MVDX,1976-2024-president.csv,authoritative_academic,validated
2008,MISSOURI,MO,"OBAMA, BARACK H.","MCCAIN, JOHN",1441911,1445814,2887725,2925205,49.29264786570514,49.42607441187882,49.93242085032335,50.06757914967665,-0.13515829935329293,R,"MIT Election Data and Science Lab, U.S. President 1976-2024",10.7910/DVN/42MVDX,1976-2024-president.csv,authoritative_academic,validated
2008,MISSISSIPPI,MS,"OBAMA, BARACK H.","MCCAIN, JOHN",554662,724597,1279259,1289865,43.00155442623841,56.17618898101739,43.358069007136166,56.641930992863834,-13.283861985727668,R,"MIT Election Data and Science Lab, U.S. President 1976-2024",10.7910/DVN/42MVDX,1976-2024-president.csv,authoritative_academic,validated
2008,MONTANA,MT,"OBAMA, BARACK H.","MCCAIN, JOHN",231667,242763,474430,490109,47.268464770081756,49.5324509445858,48.83059671605927,51.16940328394073,-2.3388065678814627,R,"MIT Election Data and Science Lab, U.S. President 1976-2024",10.7910/DVN/42MVDX,1976-2024-president.csv,authoritative_academic,validated
2008,NORTH CAROLINA,NC,"OBAMA, BARACK H.","MCCAIN, JOHN",2142651,2128474,4271125,4310851,49.70366639904743,49.37479861864861,50.16596330006731,49.83403669993269,0.33192660013462216,D,"MIT Election Data and Science Lab, U.S. President 1976-2024",10.7910/DVN/42MVDX,1976-2024-president.csv,authoritative_academic,validated
2008,NORTH DAKOTA,ND,"OBAMA, BARACK H.","MCCAIN, JOHN",141278,168601,309879,316621,44.62054001471791,53.250100277618984,45.59134371803188,54.40865628196812,-8.817312563936241,R,"MIT Election Data and Science Lab, U.S. President 1976-2024",10.7910/DVN/42MVDX,1976-2024-president.csv,authoritative_academic,validated
2008,NEBRASKA,NE,"OBAMA, BARACK H.","MCCAIN, JOHN",333319,452979,786298,801281,41.5982657769247,56.53185336979162,42.39092557783436,57.60907442216564,-15.218148844331282,R,"MIT Election Data and Science Lab, U.S. President 1976-2024",10.7910/DVN/42MVDX,1976-2024-president.csv,authoritative_academic,validated
2008,NEW HAMPSHIRE,NH,"OBAMA, BARACK H.","MCCAIN, JOHN",384826,316534,701360,710970,54.126897056134574,44.521428470962206,54.868541120109505,45.131458879890495,9.73708224021901,D,"MIT Election Data and Science Lab, U.S. President 1976-2024",10.7910/DVN/42MVDX,1976-2024-president.csv,authoritative_academic,validated
2008,NEW JERSEY,NJ,"OBAMA, BARACK H.","MCCAIN, JOHN",2215422,1613207,3828629,3868237,57.272137151885985,41.70393385927491,57.86462987142395,42.13537012857605,15.729259742847901,D,"MIT Election Data and Science Lab, U.S. President 1976-2024",10.7910/DVN/42MVDX,1976-2024-president.csv,authoritative_academic,validated
2008,NEW MEXICO,NM,"OBAMA, BARACK H.","MCCAIN, JOHN",472422,346832,819254,830158,56.90748026279335,41.77903483433274,57.66490001879759,42.33509998120241,15.329800037595177,D,"MIT Election Data and Science Lab, U.S. President 1976-2024",10.7910/DVN/42MVDX,1976-2024-president.csv,authoritative_academic,validated
2008,NEVADA,NV,"OBAMA, BARACK H.","MCCAIN, JOHN",533736,412827,946563,967848,55.14667592431869,42.65411510898406,56.3867381251961,43.6132618748039,12.773476250392207,D,"MIT Election Data and Science Lab, U.S. President 1976-2024",10.7910/DVN/42MVDX,1976-2024-president.csv,authoritative_academic,validated
2008,NEW YORK,NY,"OBAMA, BARACK H.","MCCAIN, JOHN",4645332,2418323,7063655,7722019,60.15696154075767,31.3172371111752,65.76385737978426,34.23614262021574,31.527714759568518,D,"MIT Election Data and Science Lab, U.S. President 1976-2024",10.7910/DVN/42MVDX,1976-2024-president.csv,authoritative_academic,validated
2008,OHIO,OH,"OBAMA, BARACK H.","MCCAIN, JOHN",2940044,2677820,5617864,5708350,51.50427006052537,46.91057836327485,52.33384076225413,47.66615923774587,4.667681524508254,D,"MIT Election Data and Science Lab, U.S. President 1976-2024",10.7910/DVN/42MVDX,1976-2024-president.csv,authoritative_academic,validated
2008,OKLAHOMA,OK,"OBAMA, BARACK H.","MCCAIN, JOHN",502496,960165,1462661,1462661,34.354918877306496,65.6450811226935,34.354918877306496,65.6450811226935,-31.290162245387002,R,"MIT Election Data and Science Lab, U.S. President 1976-2024",10.7910/DVN/42MVDX,1976-2024-president.csv,authoritative_academic,validated
2008,OREGON,OR,"OBAMA, BARACK H.","MCCAIN, JOHN",1037291,738475,1775766,1827864,56.748806256920645,40.400981692292206,58.41372117722718,41.58627882277282,16.827442354454362,D,"MIT Election Data and Science Lab, U.S. President 1976-2024",10.7910/DVN/42MVDX,1976-2024-president.csv,authoritative_academic,validated
2008,PENNSYLVANIA,PA,"OBAMA, BARACK H.","MCCAIN, JOHN",3276363,2655885,5932248,6013272,54.48552801203737,44.16705247991443,55.22970381548445,44.77029618451555,10.459407630968897,D,"MIT Election Data and Science Lab, U.S. President 1976-2024",10.7910/DVN/42MVDX,1976-2024-president.csv,authoritative_academic,validated
2008,RHODE ISLAND,RI,"OBAMA, BARACK H.","MCCAIN, JOHN",296571,165391,461962,471766,62.86400461245618,35.057846474735356,64.19813750914578,35.80186249085423,28.396275018291554,D,"MIT Election Data and Science Lab, U.S. President 1976-2024",10.7910/DVN/42MVDX,1976-2024-president.csv,authoritative_academic,validated
2008,SOUTH CAROLINA,SC,"OBAMA, BARACK H.","MCCAIN, JOHN",862449,1034896,1897345,1920969,44.896560017366234,53.873643978637865,45.45557081079087,54.54442918920913,-9.088858378418266,R,"MIT Election Data and Science Lab, U.S. President 1976-2024",10.7910/DVN/42MVDX,1976-2024-president.csv,authoritative_academic,validated
2008,SOUTH DAKOTA,SD,"OBAMA, BARACK H.","MCCAIN, JOHN",170924,203054,373978,381975,44.74743111460174,53.158976372799266,45.704292765884624,54.295707234115376,-8.591414468230752,R,"MIT Election Data and Science Lab, U.S. President 1976-2024",10.7910/DVN/42MVDX,1976-2024-president.csv,authoritative_academic,validated
2008,TENNESSEE,TN,"OBAMA, BARACK H.","MCCAIN, JOHN",1087437,1479178,2566615,2599749,41.82853806271298,56.896954282894235,42.36852819764554,57.63147180235446,-15.262943604708923,R,"MIT Election Data and Science Lab, U.S. President 1976-2024",10.7910/DVN/42MVDX,1976-2024-president.csv,authoritative_academic,validated
2008,TEXAS,TX,"OBAMA, BARACK H.","MCCAIN, JOHN",3528633,4479328,8007961,8077795,43.683121445889626,55.45236045232641,44.06406324905928,55.93593675094072,-11.871873501881439,R,"MIT Election Data and Science Lab, U.S. President 1976-2024",10.7910/DVN/42MVDX,1976-2024-president.csv,authoritative_academic,validated
2008,UTAH,UT,"OBAMA, BARACK H.","MCCAIN, JOHN",327670,596030,923700,952370,34.40574566607516,62.583869714501716,35.47363862725993,64.52636137274007,-29.05272274548014,R,"MIT Election Data and Science Lab, U.S. President 1976-2024",10.7910/DVN/42MVDX,1976-2024-president.csv,authoritative_academic,validated
2008,VIRGINIA,VA,"OBAMA, BARACK H.","MCCAIN, JOHN",1959532,1725005,3684537,3723260,52.62946987317566,46.33050069025531,53.18258440612755,46.81741559387245,6.3651688122551064,D,"MIT Election Data and Science Lab, U.S. President 1976-2024",10.7910/DVN/42MVDX,1976-2024-president.csv,authoritative_academic,validated
2008,VERMONT,VT,"OBAMA, BARACK H.","MCCAIN, JOHN",219262,98974,318236,325046,67.45568319560924,30.449228724549755,68.8991817393381,31.1008182606619,37.79836347867621,D,"MIT Election Data and Science Lab, U.S. President 1976-2024",10.7910/DVN/42MVDX,1976-2024-president.csv,authoritative_academic,validated
2008,WASHINGTON,WA,"OBAMA, BARACK H.","MCCAIN, JOHN",1750848,1229216,2980064,3036878,57.65289221364836,40.47630494211489,58.75202680210895,41.24797319789105,17.5040536042179,D,"MIT Election Data and Science Lab, U.S. President 1976-2024",10.7910/DVN/42MVDX,1976-2024-president.csv,authoritative_academic,validated
2008,WISCONSIN,WI,"OBAMA, BARACK H.","MCCAIN, JOHN",1677211,1262393,2939604,2983417,56.21778651794234,42.31366248834809,57.05567824781841,42.94432175218159,14.111356495636826,D,"MIT Election Data and Science Lab, U.S. President 1976-2024",10.7910/DVN/42MVDX,1976-2024-president.csv,authoritative_academic,validated
2008,WEST VIRGINIA,WV,"OBAMA, BARACK H.","MCCAIN, JOHN",303857,397466,701323,713451,42.58975038229675,55.71034310695479,43.32625623286275,56.67374376713725,-13.347487534274507,R,"MIT Election Data and Science Lab, U.S. President 1976-2024",10.7910/DVN/42MVDX,1976-2024-president.csv,authoritative_academic,validated
2008,WYOMING,WY,"OBAMA, BARACK H.","MCCAIN, JOHN",82868,164958,247826,254904,32.50949377020368,64.71377459749553,33.43797664490408,66.56202335509592,-33.124046710191834,R,"MIT Election Data and Science Lab, U.S. President 1976-2024",10.7910/DVN/42MVDX,1976-2024-president.csv,authoritative_academic,validated
2012,ALASKA,AK,"OBAMA, BARACK H.","ROMNEY, MITT",122640,164676,287316,300495,40.81265911246443,54.801577397294466,42.684709518439625,57.315290481560375,-14.63058096312075,R,"MIT Election Data and Science Lab, U.S. President 1976-2024",10.7910/DVN/42MVDX,1976-2024-president.csv,authoritative_academic,validated
2012,ALABAMA,AL,"OBAMA, BARACK H.","ROMNEY, MITT",795696,1255925,2051621,2074338,38.35903309875247,60.54582232982282,38.78377146656229,61.21622853343771,-22.432457066875415,R,"MIT Election Data and Science Lab, U.S. President 1976-2024",10.7910/DVN/42MVDX,1976-2024-president.csv,authoritative_academic,validated
2012,ARKANSAS,AR,"OBAMA, BARACK H.","ROMNEY, MITT",394409,647744,1042153,1069468,36.87899030172011,60.56693608410911,37.84559464877038,62.15440535122962,-24.30881070245924,R,"MIT Election Data and Science Lab, U.S. President 1976-2024",10.7910/DVN/42MVDX,1976-2024-president.csv,authoritative_academic,validated
2012,ARIZONA,AZ,"OBAMA, BARACK H.","ROMNEY, MITT",1025232,1233654,2258886,2299254,44.58976694179938,53.654533165974705,45.38661977629681,54.61338022370319,-9.226760447406377,R,"MIT Election Data and Science Lab, U.S. President 1976-2024",10.7910/DVN/42MVDX,1976-2024-president.csv,authoritative_academic,validated
2012,CALIFORNIA,CA,"OBAMA, BARACK H.","ROMNEY, MITT",7854285,4839958,12694243,13038547,60.23895914168964,37.1203785207048,61.872811163296625,38.127188836703375,23.74562232659325,D,"MIT Election Data and Science Lab, U.S. President 1976-2024",10.7910/DVN/42MVDX,1976-2024-president.csv,authoritative_academic,validated
2012,COLORADO,CO,"OBAMA, BARACK H.","ROMNEY, MITT",1323101,1185243,2508344,2569516,51.49222655161517,46.127091639047975,52.747988314202516,47.252011685797484,5.495976628405032,D,"MIT Election Data and Science Lab, U.S. President 1976-2024",10.7910/DVN/42MVDX,1976-2024-president.csv,authoritative_academic,validated
2012,CONNECTICUT,CT,"OBAMA, BARACK H.","ROMNEY, MITT",905083,634892,1539975,1558204,58.085013258854424,40.74511424691504,58.772577476907095,41.227422523092905,17.54515495381419,D,"MIT Election Data and Science Lab, U.S. President 1976-2024",10.7910/DVN/42MVDX,1976-2024-president.csv,authoritative_academic,validated
2012,DELAWARE,DE,"OBAMA, BARACK H.","ROMNEY, MITT",242584,165484,408068,413890,58.610741984585275,39.98260407354611,59.44695491927816,40.55304508072184,18.893909838556326,D,"MIT Election Data and Science Lab, U.S. President 1976-2024",10.7910/DVN/42MVDX,1976-2024-president.csv,authoritative_academic,validated
2012,FLORIDA,FL,"OBAMA, BARACK H.","ROMNEY, MITT",4237756,4163447,8401203,8474179,50.00786506869869,49.13097776197552,50.44225213936623,49.55774786063377,0.8845042787324644,D,"MIT Election Data and Science Lab, U.S. President 1976-2024",10.7910/DVN/42MVDX,1976-2024-president.csv,authoritative_academic,validated
2012,GEORGIA,GA,"OBAMA, BARACK H.","ROMNEY, MITT",1773827,2078688,3852515,3897839,45.50795966688209,53.32924217752452,46.04335090194328,53.95664909805672,-7.913298196113445,R,"MIT Election Data and Science Lab, U.S. President 1976-2024",10.7910/DVN/42MVDX,1976-2024-president.csv,authoritative_academic,validated
2012,HAWAII,HI,"OBAMA, BARACK H.","ROMNEY, MITT",306658,121015,427673,437159,70.14793244563191,27.682147685395933,71.70384850107442,28.296151498925582,43.407697002148836,D,"MIT Election Data and Science Lab, U.S. President 1976-2024",10.7910/DVN/42MVDX,1976-2024-president.csv,authoritative_academic,validated
2012,IOWA,IA,"OBAMA, BARACK H.","ROMNEY, MITT",822544,730617,1553161,1582180,51.98801653414908,46.17786851053609,52.959351928100176,47.040648071899824,5.918703856200352,D,"MIT Election Data and Science Lab, U.S. President 1976-2024",10.7910/DVN/42MVDX,1976-2024-president.csv,authoritative_academic,validated
2012,IDAHO,ID,"OBAMA, BARACK H.","ROMNEY, MITT",212787,420911,633698,652274,32.62233355920978,64.52978349589283,33.578613156424666,66.42138684357533,-32.84277368715067,R,"MIT Election Data and Science Lab, U.S. President 1976-2024",10.7910/DVN/42MVDX,1976-2024-president.csv,authoritative_academic,validated
2012,ILLINOIS,IL,"OBAMA, BARACK H.","ROMNEY, MITT",3019512,2135216,5154728,5242014,57.60213536247709,40.7327412708169,58.57752339211691,41.42247660788309,17.155046784233818,D,"MIT Election Data and Science Lab, U.S. President 1976-2024",10.7910/DVN/42MVDX,1976-2024-president.csv,authoritative_academic,validated
2012,INDIANA,IN,"OBAMA, BARACK H.","ROMNEY, MITT",1152887,1420543,2573430,2624534,43.92730290405839,54.12553238022445,44.799625402672696,55.200374597327304,-10.400749194654608,R,"MIT Election Data and Science Lab, U.S. President 1976-2024",10.7910/DVN/42MVDX,1976-2024-president.csv,authoritative_academic,validated
2012,KANSAS,KS,"OBAMA, BARACK H.","ROMNEY, MITT",440726,692634,1133360,1159971,37.99457055391902,59.711320369216125,38.886673254746945,61.113326745253055,-22.22665349050611,R,"MIT Election Data and Science Lab, U.S. President 1976-2024",10.7910/DVN/42MVDX,1976-2024-president.csv,authoritative_academic,validated
2012,KENTUCKY,KY,"OBAMA, BARACK H.","ROMNEY, MITT",679370,1087190,1766560,1797212,37.8013278344458,60.49314159932162,38.45722760619509,61.54277239380491,-23.08554478760982,R,"MIT Election Data and Science Lab, U.S. President 1976-2024",10.7910/DVN/42MVDX,1976-2024-president.csv,authoritative_academic,validated
2012,LOUISIANA,LA,"OBAMA, BARACK H.","ROMNEY, MITT",809141,1152262,1961403,1994065,40.57746362330215,57.784575728474245,41.25317438588602,58.74682561411398,-17.49365122822796,R,"MIT Election Data and Science Lab, U.S. President 1976-2024",10.7910/DVN/42MVDX,1976-2024-president.csv,authoritative_academic,validated
2012,MASSACHUSETTS,MA,"OBAMA, BARACK H.","ROMNEY, MITT",1921290,1188314,3109604,3184196,60.33830832021647,37.31912231533486,61.785680749060006,38.214319250939994,23.571361498120012,D,"MIT Election Data and Science Lab, U.S. President 1976-2024",10.7910/DVN/42MVDX,1976-2024-president.csv,authoritative_academic,validated
2012,MARYLAND,MD,"OBAMA, BARACK H.","ROMNEY, MITT",1677844,971869,2649713,2707327,61.97419077931849,35.89773233894539,63.32172578690598,36.67827421309402,26.64345157381196,D,"MIT Election Data and Science Lab, U.S. President 1976-2024",10.7910/DVN/42MVDX,1976-2024-president.csv,authoritative_academic,validated
2012,MAINE,ME,"OBAMA, BARACK H.","ROMNEY, MITT",401306,292276,693582,724758,55.371034193482515,40.32739203982571,57.85992139357711,42.14007860642289,15.71984278715422,D,"MIT Election Data and Science Lab, U.S. President 1976-2024",10.7910/DVN/42MVDX,1976-2024-president.csv,authoritative_academic,validated
2012,MICHIGAN,MI,"OBAMA, BARACK H.","ROMNEY, MITT",2564569,2115256,4679825,4730961,54.20820421051875,44.710916027420225,54.80053207117788,45.19946792882212,9.601064142355753,D,"MIT Election Data and Science Lab, U.S. President 1976-2024",10.7910/DVN/42MVDX,1976-2024-president.csv,authoritative_academic,validated
2012,MINNESOTA,MN,"OBAMA, BARACK H.","ROMNEY, MITT",1546167,1320225,2866392,2936561,52.652303153246265,44.95820110666865,53.94122646169819,46.05877353830181,7.882452923396386,D,"MIT Election Data and Science Lab, U.S. President 1976-2024",10.7910/DVN/42MVDX,1976-2024-president.csv,authoritative_academic,validated
2012,MISSOURI,MO,"OBAMA, BARACK H.","ROMNEY, MITT",1223796,1482440,2706236,2757323,44.38348354545332,53.76374113587708,45.22133324662003,54.77866675337997,-9.557333506759946,R,"MIT Election Data and Science Lab, U.S. President 1976-2024",10.7910/DVN/42MVDX,1976-2024-president.csv,authoritative_academic,validated
2012,MISSISSIPPI,MS,"OBAMA, BARACK H.","ROMNEY, MITT",562949,710746,1273695,1285584,43.78935954398935,55.285846743581125,44.19810080121222,55.80189919878778,-11.60379839757556,R,"MIT Election Data and Science Lab, U.S. President 1976-2024",10.7910/DVN/42MVDX,1976-2024-president.csv,authoritative_academic,validated
2012,MONTANA,MT,"OBAMA, BARACK H.","ROMNEY, MITT",201839,267928,469767,484048,41.6981373748058,55.3515353849205,42.96576813611854,57.03423186388146,-14.068463727762918,R,"MIT Election Data and Science Lab, U.S. President 1976-2024",10.7910/DVN/42MVDX,1976-2024-president.csv,authoritative_academic,validated
2012,NORTH CAROLINA,NC,"OBAMA, BARACK H.","ROMNEY, MITT",2178391,2270395,4448786,4505372,48.350968577067555,50.39306410214295,48.965965096995,51.034034903005,-2.0680698060100013,R,"MIT Election Data and Science Lab, U.S. President 1976-2024",10.7910/DVN/42MVDX,1976-2024-president.csv,authoritative_academic,validated
2012,NORTH DAKOTA,ND,"OBAMA, BARACK H.","ROMNEY, MITT",124966,188320,313286,322932,38.69731088897972,58.31568255855722,39.888791711088274,60.111208288911726,-20.222416577823452,R,"MIT Election Data and Science Lab, U.S. President 1976-2024",10.7910/DVN/42MVDX,1976-2024-president.csv,authoritative_academic,validated
2012,NEBRASKA,NE,"OBAMA, BARACK H.","ROMNEY, MITT",302081,475064,777145,794379,38.02731441792897,59.80319217904804,38.870609731774636,61.129390268225364,-22.25878053645073,R,"MIT Election Data and Science Lab, U.S. President 1976-2024",10.7910/DVN/42MVDX,1976-2024-president.csv,authoritative_academic,validated
2012,NEW HAMPSHIRE,NH,"OBAMA, BARACK H.","ROMNEY, MITT",369561,329918,699479,710972,51.97968415071198,46.40379649268888,52.83375197825811,47.16624802174189,5.667503956516214,D,"MIT Election Data and Science Lab, U.S. President 1976-2024",10.7910/DVN/42MVDX,1976-2024-president.csv,authoritative_academic,validated
2012,NEW JERSEY,NJ,"OBAMA, BARACK H.","ROMNEY, MITT",2122786,1478088,3600874,3638499,58.3423549106376,40.62356482714438,58.951965550585776,41.048034449414224,17.90393110117155,D,"MIT Election Data and Science Lab, U.S. President 1976-2024",10.7910/DVN/42MVDX,1976-2024-president.csv,authoritative_academic,validated
2012,NEW MEXICO,NM,"OBAMA, BARACK H.","ROMNEY, MITT",415335,335788,751123,783758,52.992760520466774,42.84332663909013,55.295204646908694,44.704795353091306,10.590409293817387,D,"MIT Election Data and Science Lab, U.S. President 1976-2024",10.7910/DVN/42MVDX,1976-2024-president.csv,authoritative_academic,validated
2012,NEVADA,NV,"OBAMA, BARACK H.","ROMNEY, MITT",531373,463567,994940,1014918,52.35624947040056,45.67531564126363,53.407542163346534,46.592457836653466,6.815084326693068,D,"MIT Election Data and Science Lab, U.S. President 1976-2024",10.7910/DVN/42MVDX,1976-2024-president.csv,authoritative_academic,validated
2012,NEW YORK,NY,"OBAMA, BARACK H.","ROMNEY, MITT",4324228,2223397,6547625,7116784,60.760984174874494,31.241597328231403,66.04269487027739,33.957305129722606,32.08538974055478,D,"MIT Election Data and Science Lab, U.S. President 1976-2024",10.7910/DVN/42MVDX,1976-2024-president.csv,authoritative_academic,validated
2012,OHIO,OH,"OBAMA, BARACK H.","ROMNEY, MITT",2827621,2661407,5489028,5580822,50.66674765831987,47.68844087842257,51.51405676924949,48.48594323075051,3.0281135384989852,D,"MIT Election Data and Science Lab, U.S. President 1976-2024",10.7910/DVN/42MVDX,1976-2024-president.csv,authoritative_academic,validated
2012,OKLAHOMA,OK,"OBAMA, BARACK H.","ROMNEY, MITT",443547,891325,1334872,1334872,33.22768025698344,66.77231974301655,33.22768025698344,66.77231974301655,-33.54463948603311,R,"MIT Election Data and Science Lab, U.S. President 1976-2024",10.7910/DVN/42MVDX,1976-2024-president.csv,authoritative_academic,validated
2012,OREGON,OR,"OBAMA, BARACK H.","ROMNEY, MITT",970488,754175,1724663,1789270,54.23932665276901,42.14987117651333,56.27116717874738,43.72883282125262,12.542334357494767,D,"MIT Election Data and Science Lab, U.S. President 1976-2024",10.7910/DVN/42MVDX,1976-2024-president.csv,authoritative_academic,validated
2012,PENNSYLVANIA,PA,"OBAMA, BARACK H.","ROMNEY, MITT",2990274,2680434,5670708,5742040,52.0768577021407,46.68086603367444,52.73193400189183,47.26806599810817,5.463868003783659,D,"MIT Election Data and Science Lab, U.S. President 1976-2024",10.7910/DVN/42MVDX,1976-2024-president.csv,authoritative_academic,validated
2012,RHODE ISLAND,RI,"OBAMA, BARACK H.","ROMNEY, MITT",279677,157204,436881,446049,62.7009588632639,35.24366157081397,64.01674597888213,35.98325402111788,28.033491957764248,D,"MIT Election Data and Science Lab, U.S. President 1976-2024",10.7910/DVN/42MVDX,1976-2024-president.csv,authoritative_academic,validated
2012,SOUTH CAROLINA,SC,"OBAMA, BARACK H.","ROMNEY, MITT",865941,1071645,1937586,1964118,44.08803340736147,54.56113125586141,44.69174529543463,55.30825470456537,-10.616509409130742,R,"MIT Election Data and Science Lab, U.S. President 1976-2024",10.7910/DVN/42MVDX,1976-2024-president.csv,authoritative_academic,validated
2012,SOUTH DAKOTA,SD,"OBAMA, BARACK H.","ROMNEY, MITT",145039,210610,355649,363815,39.86614075835246,57.88931187554114,40.78150086180476,59.21849913819524,-18.436998276390483,R,"MIT Election Data and Science Lab, U.S. President 1976-2024",10.7910/DVN/42MVDX,1976-2024-president.csv,authoritative_academic,validated
2012,TENNESSEE,TN,"OBAMA, BARACK H.","ROMNEY, MITT",960709,1462330,2423039,2458577,39.07581499379519,59.47871471993759,39.64892847370595,60.35107152629405,-20.7021430525881,R,"MIT Election Data and Science Lab, U.S. President 1976-2024",10.7910/DVN/42MVDX,1976-2024-president.csv,authoritative_academic,validated
2012,TEXAS,TX,"OBAMA, BARACK H.","ROMNEY, MITT",3308124,4569843,7877967,7993851,41.383358283760856,57.16697746805639,41.99210278489362,58.00789721510638,-16.015794430212765,R,"MIT Election Data and Science Lab, U.S. President 1976-2024",10.7910/DVN/42MVDX,1976-2024-president.csv,authoritative_academic,validated
2012,UTAH,UT,"OBAMA, BARACK H.","ROMNEY, MITT",251813,740600,992413,1017440,24.74966582796037,72.7905331026891,25.373811104852518,74.62618889514748,-49.25237779029496,R,"MIT Election Data and Science Lab, U.S. President 1976-2024",10.7910/DVN/42MVDX,1976-2024-president.csv,authoritative_academic,validated
2012,VIRGINIA,VA,"OBAMA, BARACK H.","ROMNEY, MITT",1971820,1822522,3794342,3854489,51.15645679621864,47.28310289638912,51.96737668876448,48.03262331123552,3.9347533775289634,D,"MIT Election Data and Science Lab, U.S. President 1976-2024",10.7910/DVN/42MVDX,1976-2024-president.csv,authoritative_academic,validated
2012,VERMONT,VT,"OBAMA, BARACK H.","ROMNEY, MITT",199239,92698,291937,299290,66.5705503023823,30.97263523672692,68.24725882639062,31.752741173609376,36.49451765278124,D,"MIT Election Data and Science Lab, U.S. President 1976-2024",10.7910/DVN/42MVDX,1976-2024-president.csv,authoritative_academic,validated
2012,WASHINGTON,WA,"OBAMA, BARACK H.","ROMNEY, MITT",1755396,1290670,3046066,3125516,56.16339829967276,41.29462143210913,57.62829827062185,42.37170172937815,15.256596541243695,D,"MIT Election Data and Science Lab, U.S. President 1976-2024",10.7910/DVN/42MVDX,1976-2024-president.csv,authoritative_academic,validated
2012,WISCONSIN,WI,"OBAMA, BARACK H.","ROMNEY, MITT",1620985,1410966,3031951,3071434,52.77616253515459,45.938346713619765,53.46342998287241,46.53657001712759,6.926859965744825,D,"MIT Election Data and Science Lab, U.S. President 1976-2024",10.7910/DVN/42MVDX,1976-2024-president.csv,authoritative_academic,validated
2012,WEST VIRGINIA,WV,"OBAMA, BARACK H.","ROMNEY, MITT",238269,417655,655924,670438,35.53930415638732,62.295842419433264,36.32570236795726,63.67429763204274,-27.348595264085475,R,"MIT Election Data and Science Lab, U.S. President 1976-2024",10.7910/DVN/42MVDX,1976-2024-president.csv,authoritative_academic,validated
2012,WYOMING,WY,"OBAMA, BARACK H.","ROMNEY, MITT",69286,170962,240248,250701,27.63690611525283,68.19358518713527,28.839365988478573,71.16063401152142,-42.32126802304285,R,"MIT Election Data and Science Lab, U.S. President 1976-2024",10.7910/DVN/42MVDX,1976-2024-president.csv,authoritative_academic,validated
2016,ALASKA,AK,"CLINTON, HILLARY","TRUMP, DONALD J.",116454,163387,279841,318608,36.550871290111985,51.281512077537286,41.61434528893193,58.38565471106807,-16.77130942213614,R,"MIT Election Data and Science Lab, U.S. President 1976-2024",10.7910/DVN/42MVDX,1976-2024-president.csv,authoritative_academic,validated
2016,ALABAMA,AL,"CLINTON, HILLARY","TRUMP, DONALD J.",729547,1318255,2047802,2123372,34.35794575797364,62.08309236440906,35.625856406039254,64.37414359396074,-28.748287187921484,R,"MIT Election Data and Science Lab, U.S. President 1976-2024",10.7910/DVN/42MVDX,1976-2024-president.csv,authoritative_academic,validated
2016,ARKANSAS,AR,"CLINTON, HILLARY","TRUMP, DONALD J.",380494,684872,1065366,1130635,33.65312412936093,60.57410216382829,35.714862310229535,64.28513768977047,-28.57027537954093,R,"MIT Election Data and Science Lab, U.S. President 1976-2024",10.7910/DVN/42MVDX,1976-2024-president.csv,authoritative_academic,validated
2016,ARIZONA,AZ,"CLINTON, HILLARY","TRUMP, DONALD J.",1161209,1252401,2413610,2573165,45.127654075817134,48.671616472321055,48.1108795538633,51.8891204461367,-3.778240892273402,R,"MIT Election Data and Science Lab, U.S. President 1976-2024",10.7910/DVN/42MVDX,1976-2024-president.csv,authoritative_academic,validated
2016,CALIFORNIA,CA,"CLINTON, HILLARY","TRUMP, DONALD J.",8753788,4483810,13237598,14181595,61.726399604557876,31.617106538439437,66.12822054272988,33.871779457270115,32.25644108545976,D,"MIT Election Data and Science Lab, U.S. President 1976-2024",10.7910/DVN/42MVDX,1976-2024-president.csv,authoritative_academic,validated
2016,COLORADO,CO,"CLINTON, HILLARY","TRUMP, DONALD J.",1338870,1202484,2541354,2780220,48.1569803828474,43.25139737143104,52.68333337268243,47.31666662731757,5.366666745364867,D,"MIT Election Data and Science Lab, U.S. President 1976-2024",10.7910/DVN/42MVDX,1976-2024-president.csv,authoritative_academic,validated
2016,CONNECTICUT,CT,"CLINTON, HILLARY","TRUMP, DONALD J.",897572,673215,1570787,1644920,54.56630109670987,40.92691437881478,57.14154751726364,42.85845248273636,14.283095034527278,D,"MIT Election Data and Science Lab, U.S. President 1976-2024",10.7910/DVN/42MVDX,1976-2024-president.csv,authoritative_academic,validated
2016,DELAWARE,DE,"CLINTON, HILLARY","TRUMP, DONALD J.",235603,185127,420730,441590,53.353336805634186,41.92282433931928,55.99862144368122,44.00137855631878,11.997242887362447,D,"MIT Election Data and Science Lab, U.S. President 1976-2024",10.7910/DVN/42MVDX,1976-2024-president.csv,authoritative_academic,validated
2016,FLORIDA,FL,"CLINTON, HILLARY","TRUMP, DONALD J.",4504975,4617886,9122861,9420039,47.82331580580505,49.021941416590735,49.38116452722452,50.61883547277548,-1.2376709455509598,R,"MIT Election Data and Science Lab, U.S. President 1976-2024",10.7910/DVN/42MVDX,1976-2024-president.csv,authoritative_academic,validated
2016,GEORGIA,GA,"CLINTON, HILLARY","TRUMP, DONALD J.",1877963,2089104,3967067,4114732,45.63998335736082,50.771326054771,47.338827400696786,52.661172599303214,-5.322345198606428,R,"MIT Election Data and Science Lab, U.S. President 1976-2024",10.7910/DVN/42MVDX,1976-2024-president.csv,authoritative_academic,validated
2016,HAWAII,HI,"CLINTON, HILLARY","TRUMP, DONALD J.",266891,128847,395738,437664,60.98079805512905,29.439707172625575,67.44133745053546,32.55866254946454,34.882674901070914,D,"MIT Election Data and Science Lab, U.S. President 1976-2024",10.7910/DVN/42MVDX,1976-2024-president.csv,authoritative_academic,validated
2016,IOWA,IA,"CLINTON, HILLARY","TRUMP, DONALD J.",653669,800983,1454652,1565580,41.75251344549624,51.16206134467737,44.93645215487965,55.06354784512035,-10.127095690240694,R,"MIT Election Data and Science Lab, U.S. President 1976-2024",10.7910/DVN/42MVDX,1976-2024-president.csv,authoritative_academic,validated
2016,IDAHO,ID,"CLINTON, HILLARY","TRUMP, DONALD J.",189765,409055,598820,690255,27.492013820979203,59.26143236919689,31.689823319194417,68.31017668080558,-36.620353361611166,R,"MIT Election Data and Science Lab, U.S. President 1976-2024",10.7910/DVN/42MVDX,1976-2024-president.csv,authoritative_academic,validated
2016,ILLINOIS,IL,"CLINTON, HILLARY","TRUMP, DONALD J.",3090729,2146015,5236744,5536424,55.8253666987933,38.76175307382527,59.02005139071148,40.97994860928852,18.04010278142296,D,"MIT Election Data and Science Lab, U.S. President 1976-2024",10.7910/DVN/42MVDX,1976-2024-president.csv,authoritative_academic,validated
2016,INDIANA,IN,"CLINTON, HILLARY","TRUMP, DONALD J.",1033126,1557286,2590412,2734958,37.774839686752046,56.94003344841127,39.88269047549193,60.11730952450807,-20.234619049016146,R,"MIT Election Data and Science Lab, U.S. President 1976-2024",10.7910/DVN/42MVDX,1976-2024-president.csv,authoritative_academic,validated
2016,KANSAS,KS,"CLINTON, HILLARY","TRUMP, DONALD J.",427005,671018,1098023,1184402,36.05237073223449,56.65458180583957,38.888529657393335,61.111470342606665,-22.22294068521333,R,"MIT Election Data and Science Lab, U.S. President 1976-2024",10.7910/DVN/42MVDX,1976-2024-president.csv,authoritative_academic,validated
2016,KENTUCKY,KY,"CLINTON, HILLARY","TRUMP, DONALD J.",628854,1202971,1831825,1924149,32.68218833364776,62.51963855190009,34.32937098249014,65.67062901750987,-31.341258035019727,R,"MIT Election Data and Science Lab, U.S. President 1976-2024",10.7910/DVN/42MVDX,1976-2024-president.csv,authoritative_academic,validated
2016,LOUISIANA,LA,"CLINTON, HILLARY","TRUMP, DONALD J.",780154,1178638,1958792,2029032,38.44956609851397,58.0886846535688,39.82832276219221,60.17167723780779,-20.343354475615584,R,"MIT Election Data and Science Lab, U.S. President 1976-2024",10.7910/DVN/42MVDX,1976-2024-president.csv,authoritative_academic,validated
2016,MASSACHUSETTS,MA,"CLINTON, HILLARY","TRUMP, DONALD J.",1995196,1090893,3086089,3378821,59.0500650966713,32.28620279085516,64.65127868962949,35.34872131037051,29.302557379258985,D,"MIT Election Data and Science Lab, U.S. President 1976-2024",10.7910/DVN/42MVDX,1976-2024-president.csv,authoritative_academic,validated
2016,MARYLAND,MD,"CLINTON, HILLARY","TRUMP, DONALD J.",1678006,943428,2621434,2781446,60.328548531950645,33.91861643188471,64.01099550856516,35.98900449143484,28.02199101713032,D,"MIT Election Data and Science Lab, U.S. President 1976-2024",10.7910/DVN/42MVDX,1976-2024-president.csv,authoritative_academic,validated
2016,MAINE,ME,"CLINTON, HILLARY","TRUMP, DONALD J.",357735,335593,693328,771892,46.34521409730895,43.476678084498865,51.59679112916253,48.40320887083747,3.1935822583250655,D,"MIT Election Data and Science Lab, U.S. President 1976-2024",10.7910/DVN/42MVDX,1976-2024-president.csv,authoritative_academic,validated
2016,MICHIGAN,MI,"CLINTON, HILLARY","TRUMP, DONALD J.",2268839,2279543,4548382,4799284,47.27453095086684,47.49756421999615,49.88233178303845,50.11766821696155,-0.235336433923095,R,"MIT Election Data and Science Lab, U.S. President 1976-2024",10.7910/DVN/42MVDX,1976-2024-president.csv,authoritative_academic,validated
2016,MINNESOTA,MN,"CLINTON, HILLARY","TRUMP, DONALD J.",1367705,1322949,2690654,2944782,46.445033961766946,44.92519310427733,50.831693707180484,49.168306292819516,1.6633874143609688,D,"MIT Election Data and Science Lab, U.S. President 1976-2024",10.7910/DVN/42MVDX,1976-2024-president.csv,authoritative_academic,validated
2016,MISSOURI,MO,"CLINTON, HILLARY","TRUMP, DONALD J.",1071068,1594511,2665579,2808605,38.13523083523671,56.77234783816165,40.18143900443393,59.81856099556607,-19.637121991132133,R,"MIT Election Data and Science Lab, U.S. President 1976-2024",10.7910/DVN/42MVDX,1976-2024-president.csv,authoritative_academic,validated
2016,MISSISSIPPI,MS,"CLINTON, HILLARY","TRUMP, DONALD J.",485131,700714,1185845,1209357,40.1147882717841,57.94103808883564,40.91015267593994,59.08984732406006,-18.17969464812012,R,"MIT Election Data and Science Lab, U.S. President 1976-2024",10.7910/DVN/42MVDX,1976-2024-president.csv,authoritative_academic,validated
2016,MONTANA,MT,"CLINTON, HILLARY","TRUMP, DONALD J.",177709,279240,456949,494526,35.93521877515035,56.466191868577184,38.89033568297556,61.10966431702444,-22.21932863404888,R,"MIT Election Data and Science Lab, U.S. President 1976-2024",10.7910/DVN/42MVDX,1976-2024-president.csv,authoritative_academic,validated
2016,NORTH CAROLINA,NC,"CLINTON, HILLARY","TRUMP, DONALD J.",2189316,2362631,4551947,4741564,46.172866168209474,49.828094696180415,48.096254196281286,51.903745803718714,-3.807491607437427,R,"MIT Election Data and Science Lab, U.S. President 1976-2024",10.7910/DVN/42MVDX,1976-2024-president.csv,authoritative_academic,validated
2016,NORTH DAKOTA,ND,"CLINTON, HILLARY","TRUMP, DONALD J.",93758,216794,310552,344360,27.226739458706007,62.9556278313393,30.190757103480255,69.80924289651975,-39.6184857930395,R,"MIT Election Data and Science Lab, U.S. President 1976-2024",10.7910/DVN/42MVDX,1976-2024-president.csv,authoritative_academic,validated
2016,NEBRASKA,NE,"CLINTON, HILLARY","TRUMP, DONALD J.",284494,495961,780455,844227,33.69875637713553,58.74735112712576,36.45232588682243,63.54767411317757,-27.095348226355142,R,"MIT Election Data and Science Lab, U.S. President 1976-2024",10.7910/DVN/42MVDX,1976-2024-president.csv,authoritative_academic,validated
2016,NEW HAMPSHIRE,NH,"CLINTON, HILLARY","TRUMP, DONALD J.",348526,345790,694316,744296,46.82626266969055,46.458666981953414,50.197028442380706,49.802971557619294,0.39405688476141165,D,"MIT Election Data and Science Lab, U.S. President 1976-2024",10.7910/DVN/42MVDX,1976-2024-president.csv,authoritative_academic,validated
2016,NEW JERSEY,NJ,"CLINTON, HILLARY","TRUMP, DONALD J.",2148278,1601933,3750211,3874046,55.453084449694195,41.35038665002945,57.284190142901295,42.715809857098705,14.56838028580259,D,"MIT Election Data and Science Lab, U.S. President 1976-2024",10.7910/DVN/42MVDX,1976-2024-president.csv,authoritative_academic,validated
2016,NEW MEXICO,NM,"CLINTON, HILLARY","TRUMP, DONALD J.",385234,319667,704901,798319,48.255647178634106,40.04251433324273,54.65079493432411,45.34920506567589,9.301589868648222,D,"MIT Election Data and Science Lab, U.S. President 1976-2024",10.7910/DVN/42MVDX,1976-2024-president.csv,authoritative_academic,validated
2016,NEVADA,NV,"CLINTON, HILLARY","TRUMP, DONALD J.",539260,512058,1051318,1125385,47.91782367811904,45.50069531760242,51.2937094199852,48.7062905800148,2.587418839970397,D,"MIT Election Data and Science Lab, U.S. President 1976-2024",10.7910/DVN/42MVDX,1976-2024-president.csv,authoritative_academic,validated
2016,NEW YORK,NY,"CLINTON, HILLARY","TRUMP, DONALD J.",4379789,2527142,6906931,7802084,56.13614259984897,32.390602305742924,63.41150649977537,36.58849350022463,26.82301299955074,D,"MIT Election Data and Science Lab, U.S. President 1976-2024",10.7910/DVN/42MVDX,1976-2024-president.csv,authoritative_academic,validated
2016,OHIO,OH,"CLINTON, HILLARY","TRUMP, DONALD J.",2394164,2841005,5235169,5496487,43.55807627672002,51.68765067578619,45.7323154228641,54.2676845771359,-8.535369154271805,R,"MIT Election Data and Science Lab, U.S. President 1976-2024",10.7910/DVN/42MVDX,1976-2024-president.csv,authoritative_academic,validated
2016,OKLAHOMA,OK,"CLINTON, HILLARY","TRUMP, DONALD J.",420375,949136,1369511,1452992,28.931680284543894,65.32286481962736,30.695262761671867,69.30473723832813,-38.60947447665626,R,"MIT Election Data and Science Lab, U.S. President 1976-2024",10.7910/DVN/42MVDX,1976-2024-president.csv,authoritative_academic,validated
2016,OREGON,OR,"CLINTON, HILLARY","TRUMP, DONALD J.",1002106,782403,1784509,2001336,50.07185200286209,39.094035184496754,56.155838945054356,43.844161054945644,12.311677890108712,D,"MIT Election Data and Science Lab, U.S. President 1976-2024",10.7910/DVN/42MVDX,1976-2024-president.csv,authoritative_academic,validated
2016,PENNSYLVANIA,PA,"CLINTON, HILLARY","TRUMP, DONALD J.",2926441,2970733,5897174,6115402,47.85361616456285,48.577885803746014,49.62446419250983,50.37553580749017,-0.7510716149803329,R,"MIT Election Data and Science Lab, U.S. President 1976-2024",10.7910/DVN/42MVDX,1976-2024-president.csv,authoritative_academic,validated
2016,RHODE ISLAND,RI,"CLINTON, HILLARY","TRUMP, DONALD J.",252525,180543,433068,464144,54.40660657037471,38.89805749939674,58.31070409265981,41.68929590734019,16.621408185319623,D,"MIT Election Data and Science Lab, U.S. President 1976-2024",10.7910/DVN/42MVDX,1976-2024-president.csv,authoritative_academic,validated
2016,SOUTH CAROLINA,SC,"CLINTON, HILLARY","TRUMP, DONALD J.",855373,1155389,2010762,2103027,40.67341978966509,54.939332685695426,42.53974363947598,57.46025636052402,-14.920512721048041,R,"MIT Election Data and Science Lab, U.S. President 1976-2024",10.7910/DVN/42MVDX,1976-2024-president.csv,authoritative_academic,validated
2016,SOUTH DAKOTA,SD,"CLINTON, HILLARY","TRUMP, DONALD J.",117458,227721,345179,370093,31.737428159948987,61.5307503789588,34.02814192056875,65.97185807943126,-31.943716158862507,R,"MIT Election Data and Science Lab, U.S. President 1976-2024",10.7910/DVN/42MVDX,1976-2024-president.csv,authoritative_academic,validated
2016,TENNESSEE,TN,"CLINTON, HILLARY","TRUMP, DONALD J.",870695,1522925,2393620,2508027,34.71633279865009,60.722033694214616,36.37565695473801,63.62434304526199,-27.248686090523975,R,"MIT Election Data and Science Lab, U.S. President 1976-2024",10.7910/DVN/42MVDX,1976-2024-president.csv,authoritative_academic,validated
2016,TEXAS,TX,"CLINTON, HILLARY","TRUMP, DONALD J.",3877868,4685047,8562915,8969226,43.23525798101196,52.234685579335384,45.28677442202801,54.71322557797199,-9.42645115594398,R,"MIT Election Data and Science Lab, U.S. President 1976-2024",10.7910/DVN/42MVDX,1976-2024-president.csv,authoritative_academic,validated
2016,UTAH,UT,"CLINTON, HILLARY","TRUMP, DONALD J.",310674,515211,825885,1131317,27.46126859226901,45.54081658810042,37.617101654588716,62.382898345411284,-24.76579669082257,R,"MIT Election Data and Science Lab, U.S. President 1976-2024",10.7910/DVN/42MVDX,1976-2024-president.csv,authoritative_academic,validated
2016,VIRGINIA,VA,"CLINTON, HILLARY","TRUMP, DONALD J.",1981473,1769443,3750916,3982752,49.7513528334177,44.42764701392404,52.8263762771547,47.1736237228453,5.6527525543094015,D,"MIT Election Data and Science Lab, U.S. President 1976-2024",10.7910/DVN/42MVDX,1976-2024-president.csv,authoritative_academic,validated
2016,VERMONT,VT,"CLINTON, HILLARY","TRUMP, DONALD J.",178573,95369,273942,320467,55.72274212321393,29.75938240130809,65.18642632382037,34.81357367617963,30.37285264764074,D,"MIT Election Data and Science Lab, U.S. President 1976-2024",10.7910/DVN/42MVDX,1976-2024-president.csv,authoritative_academic,validated
2016,WASHINGTON,WA,"CLINTON, HILLARY","TRUMP, DONALD J.",1742718,1221747,2964465,3317019,52.5386800618266,36.83268018663746,58.786931200064764,41.213068799935236,17.573862400129528,D,"MIT Election Data and Science Lab, U.S. President 1976-2024",10.7910/DVN/42MVDX,1976-2024-president.csv,authoritative_academic,validated
2016,WISCONSIN,WI,"CLINTON, HILLARY","TRUMP, DONALD J.",1382536,1405284,2787820,2976150,46.453841372242664,47.21818456731012,49.59201096197029,50.40798903802971,-0.8159780760594231,R,"MIT Election Data and Science Lab, U.S. President 1976-2024",10.7910/DVN/42MVDX,1976-2024-president.csv,authoritative_academic,validated
2016,WEST VIRGINIA,WV,"CLINTON, HILLARY","TRUMP, DONALD J.",188794,489371,678165,713051,26.47692801777152,68.63057481161937,27.838947748704225,72.16105225129577,-44.32210450259154,R,"MIT Election Data and Science Lab, U.S. President 1976-2024",10.7910/DVN/42MVDX,1976-2024-president.csv,authoritative_academic,validated
2016,WYOMING,WY,"CLINTON, HILLARY","TRUMP, DONALD J.",55973,174419,230392,258788,21.628900876393033,67.3984110546084,24.29468037084621,75.70531962915379,-51.41063925830758,R,"MIT Election Data and Science Lab, U.S. President 1976-2024",10.7910/DVN/42MVDX,1976-2024-president.csv,authoritative_academic,validated
2020,ALASKA,AK,"BIDEN, JOSEPH R. JR","TRUMP, DONALD J.",153778,189951,343729,359530,42.771952271020496,52.83314327038077,44.73815127615069,55.26184872384931,-10.523697447698623,R,"MIT Election Data and Science Lab, U.S. President 1976-2024",10.7910/DVN/42MVDX,1976-2024-president.csv,authoritative_academic,validated
2020,ALABAMA,AL,"BIDEN, JOSEPH R. JR","TRUMP, DONALD J.",849624,1441170,2290794,2323282,36.569990212122335,62.031643166864804,37.08862516664528,62.91137483335472,-25.82274966670944,R,"MIT Election Data and Science Lab, U.S. President 1976-2024",10.7910/DVN/42MVDX,1976-2024-president.csv,authoritative_academic,validated
2020,ARKANSAS,AR,"BIDEN, JOSEPH R. JR","TRUMP, DONALD J.",423932,760647,1184579,1219069,34.77506195301496,62.39572985614432,35.78756672201685,64.21243327798315,-28.424866555966304,R,"MIT Election Data and Science Lab, U.S. President 1976-2024",10.7910/DVN/42MVDX,1976-2024-president.csv,authoritative_academic,validated
2020,ARIZONA,AZ,"BIDEN, JOSEPH R. JR","TRUMP, DONALD J.",1672143,1661686,3333829,3387326,49.364690614366616,49.055981030464736,50.15683167912931,49.84316832087069,0.3136633582586228,D,"MIT Election Data and Science Lab, U.S. President 1976-2024",10.7910/DVN/42MVDX,1976-2024-president.csv,authoritative_academic,validated
2020,CALIFORNIA,CA,"BIDEN, JOSEPH R. JR","TRUMP, DONALD J.",11110250,6006429,17116679,17500881,63.483946893873515,34.32072362528492,64.90891136066757,35.09108863933243,29.81782272133514,D,"MIT Election Data and Science Lab, U.S. President 1976-2024",10.7910/DVN/42MVDX,1976-2024-president.csv,authoritative_academic,validated
2020,COLORADO,CO,"BIDEN, JOSEPH R. JR","TRUMP, DONALD J.",1804352,1364607,3168959,3279980,55.011067140653296,41.60412563491241,56.93831949230015,43.06168050769985,13.876638984600305,D,"MIT Election Data and Science Lab, U.S. President 1976-2024",10.7910/DVN/42MVDX,1976-2024-president.csv,authoritative_academic,validated
2020,CONNECTICUT,CT,"BIDEN, JOSEPH R. JR","TRUMP, DONALD J.",1080831,714717,1795548,1823857,59.260731515683524,39.187118288330716,60.195049088077845,39.804950911922155,20.39009817615569,D,"MIT Election Data and Science Lab, U.S. President 1976-2024",10.7910/DVN/42MVDX,1976-2024-president.csv,authoritative_academic,validated
2020,DELAWARE,DE,"BIDEN, JOSEPH R. JR","TRUMP, DONALD J.",296268,200603,496871,504346,58.743005793641665,39.77487677110555,59.62674416498447,40.37325583501553,19.253488329968945,D,"MIT Election Data and Science Lab, U.S. President 1976-2024",10.7910/DVN/42MVDX,1976-2024-president.csv,authoritative_academic,validated
2020,FLORIDA,FL,"BIDEN, JOSEPH R. JR","TRUMP, DONALD J.",5297045,5668731,10965776,11067456,47.86145072544223,51.21981962250403,48.305245337858445,51.694754662141555,-3.389509324283111,R,"MIT Election Data and Science Lab, U.S. President 1976-2024",10.7910/DVN/42MVDX,1976-2024-president.csv,authoritative_academic,validated
2020,GEORGIA,GA,"BIDEN, JOSEPH R. JR","TRUMP, DONALD J.",2473633,2461854,4935487,4999960,49.473055784446274,49.2374738997912,50.11932966290865,49.88067033709135,0.2386593258172951,D,"MIT Election Data and Science Lab, U.S. President 1976-2024",10.7910/DVN/42MVDX,1976-2024-president.csv,authoritative_academic,validated
2020,HAWAII,HI,"BIDEN, JOSEPH R. JR","TRUMP, DONALD J.",366130,196864,562994,579784,63.14937976901743,33.954714169414814,65.03266464651489,34.96733535348512,30.06532929302977,D,"MIT Election Data and Science Lab, U.S. President 1976-2024",10.7910/DVN/42MVDX,1976-2024-president.csv,authoritative_academic,validated
2020,IOWA,IA,"BIDEN, JOSEPH R. JR","TRUMP, DONALD J.",759061,897672,1656733,1700130,44.64723285866375,52.80019763194579,45.816736915362945,54.183263084637055,-8.36652616927411,R,"MIT Election Data and Science Lab, U.S. President 1976-2024",10.7910/DVN/42MVDX,1976-2024-president.csv,authoritative_academic,validated
2020,IDAHO,ID,"BIDEN, JOSEPH R. JR","TRUMP, DONALD J.",287021,554119,841140,868014,33.06640215480395,63.837564831903634,34.12285707492213,65.87714292507788,-31.754285850155746,R,"MIT Election Data and Science Lab, U.S. President 1976-2024",10.7910/DVN/42MVDX,1976-2024-president.csv,authoritative_academic,validated
2020,ILLINOIS,IL,"BIDEN, JOSEPH R. JR","TRUMP, DONALD J.",3471915,2446891,5918806,6033743,57.5416453766758,40.55345081817373,58.65904373280692,41.34095626719308,17.318087465613843,D,"MIT Election Data and Science Lab, U.S. President 1976-2024",10.7910/DVN/42MVDX,1976-2024-president.csv,authoritative_academic,validated
2020,INDIANA,IN,"BIDEN, JOSEPH R. JR","TRUMP, DONALD J.",1242416,1729519,2971935,3033118,40.96167705971215,57.02115776570513,41.80495199255704,58.19504800744296,-16.390096014885927,R,"MIT Election Data and Science Lab, U.S. President 1976-2024",10.7910/DVN/42MVDX,1976-2024-president.csv,authoritative_academic,validated
2020,KANSAS,KS,"BIDEN, JOSEPH R. JR","TRUMP, DONALD J.",570323,771406,1341729,1372303,41.55955353883217,56.212512834264736,42.50657174436865,57.49342825563135,-14.986856511262701,R,"MIT Election Data and Science Lab, U.S. President 1976-2024",10.7910/DVN/42MVDX,1976-2024-president.csv,authoritative_academic,validated
2020,KENTUCKY,KY,"BIDEN, JOSEPH R. JR","TRUMP, DONALD J.",772474,1326646,2099120,2136768,36.151514811154044,62.086571869290445,36.79989709973703,63.20010290026297,-26.40020580052594,R,"MIT Election Data and Science Lab, U.S. President 1976-2024",10.7910/DVN/42MVDX,1976-2024-president.csv,authoritative_academic,validated
2020,LOUISIANA,LA,"BIDEN, JOSEPH R. JR","TRUMP, DONALD J.",856034,1255776,2111810,2148062,39.85145680152621,58.46088241400854,40.53555954370895,59.46444045629105,-18.928880912582102,R,"MIT Election Data and Science Lab, U.S. President 1976-2024",10.7910/DVN/42MVDX,1976-2024-president.csv,authoritative_academic,validated
2020,MASSACHUSETTS,MA,"BIDEN, JOSEPH R. JR","TRUMP, DONALD J.",2382202,1167202,3549404,3658005,65.12298370286535,31.90815758863096,67.11554954014815,32.88445045985185,34.2310990802963,D,"MIT Election Data and Science Lab, U.S. President 1976-2024",10.7910/DVN/42MVDX,1976-2024-president.csv,authoritative_academic,validated
2020,MARYLAND,MD,"BIDEN, JOSEPH R. JR","TRUMP, DONALD J.",1985023,976414,2961437,3037030,65.36066486007711,32.15029156774875,67.02904704709233,32.97095295290766,34.058094094184675,D,"MIT Election Data and Science Lab, U.S. President 1976-2024",10.7910/DVN/42MVDX,1976-2024-president.csv,authoritative_academic,validated
2020,MAINE,ME,"BIDEN, JOSEPH R. JR","TRUMP, DONALD J.",435072,360737,795809,828305,52.52557934577239,43.551228110418265,54.670404582003975,45.329595417996025,9.34080916400795,D,"MIT Election Data and Science Lab, U.S. President 1976-2024",10.7910/DVN/42MVDX,1976-2024-president.csv,authoritative_academic,validated
2020,MICHIGAN,MI,"BIDEN, JOSEPH R. JR","TRUMP, DONALD J.",2804040,2649852,5453892,5539302,50.62081829082437,47.83729069113762,51.41355934440946,48.58644065559054,2.8271186888189135,D,"MIT Election Data and Science Lab, U.S. President 1976-2024",10.7910/DVN/42MVDX,1976-2024-president.csv,authoritative_academic,validated
2020,MINNESOTA,MN,"BIDEN, JOSEPH R. JR","TRUMP, DONALD J.",1717077,1484065,3201142,3277171,52.39509930974002,45.284942409169375,53.63951364856667,46.36048635143333,7.279027297133339,D,"MIT Election Data and Science Lab, U.S. President 1976-2024",10.7910/DVN/42MVDX,1976-2024-president.csv,authoritative_academic,validated
2020,MISSOURI,MO,"BIDEN, JOSEPH R. JR","TRUMP, DONALD J.",1253014,1718736,2971750,3025962,41.40878173618836,56.79965577888949,42.164179355598556,57.835820644401444,-15.671641288802888,R,"MIT Election Data and Science Lab, U.S. President 1976-2024",10.7910/DVN/42MVDX,1976-2024-president.csv,authoritative_academic,validated
2020,MISSISSIPPI,MS,"BIDEN, JOSEPH R. JR","TRUMP, DONALD J.",539398,756764,1296162,1313759,41.05760645597861,57.60295457538255,41.61501417261114,58.38498582738886,-16.76997165477772,R,"MIT Election Data and Science Lab, U.S. President 1976-2024",10.7910/DVN/42MVDX,1976-2024-president.csv,authoritative_academic,validated
2020,MONTANA,MT,"BIDEN, JOSEPH R. JR","TRUMP, DONALD J.",244786,343602,588388,603674,40.54936936160908,56.91846924002028,41.6028199079519,58.3971800920481,-16.794360184096206,R,"MIT Election Data and Science Lab, U.S. President 1976-2024",10.7910/DVN/42MVDX,1976-2024-president.csv,authoritative_academic,validated
2020,NORTH CAROLINA,NC,"BIDEN, JOSEPH R. JR","TRUMP, DONALD J.",2684292,2758773,5443065,5524802,48.586211777363246,49.93433248829551,49.31581746681328,50.68418253318672,-1.3683650663734426,R,"MIT Election Data and Science Lab, U.S. President 1976-2024",10.7910/DVN/42MVDX,1976-2024-president.csv,authoritative_academic,validated
2020,NORTH DAKOTA,ND,"BIDEN, JOSEPH R. JR","TRUMP, DONALD J.",114902,235595,350497,361819,31.756762359080092,65.11404873707572,32.78259157710337,67.21740842289663,-34.43481684579326,R,"MIT Election Data and Science Lab, U.S. President 1976-2024",10.7910/DVN/42MVDX,1976-2024-president.csv,authoritative_academic,validated
2020,NEBRASKA,NE,"BIDEN, JOSEPH R. JR","TRUMP, DONALD J.",374583,556846,931429,956383,39.166630941787965,58.22416333205421,40.215947753398275,59.784052246601725,-19.56810449320345,R,"MIT Election Data and Science Lab, U.S. President 1976-2024",10.7910/DVN/42MVDX,1976-2024-president.csv,authoritative_academic,validated
2020,NEW HAMPSHIRE,NH,"BIDEN, JOSEPH R. JR","TRUMP, DONALD J.",424921,365654,790575,806182,52.70782528014766,45.3562595046776,53.74834772159504,46.25165227840496,7.496695443190077,D,"MIT Election Data and Science Lab, U.S. President 1976-2024",10.7910/DVN/42MVDX,1976-2024-president.csv,authoritative_academic,validated
2020,NEW JERSEY,NJ,"BIDEN, JOSEPH R. JR","TRUMP, DONALD J.",2608335,1883274,4491609,4549353,57.334196752812986,41.396523857348505,58.07128358679484,41.92871641320516,16.142567173589683,D,"MIT Election Data and Science Lab, U.S. President 1976-2024",10.7910/DVN/42MVDX,1976-2024-president.csv,authoritative_academic,validated
2020,NEW MEXICO,NM,"BIDEN, JOSEPH R. JR","TRUMP, DONALD J.",501614,401894,903508,923965,54.289285849572224,43.49666924612945,55.51849015171974,44.48150984828026,11.036980303439478,D,"MIT Election Data and Science Lab, U.S. President 1976-2024",10.7910/DVN/42MVDX,1976-2024-president.csv,authoritative_academic,validated
2020,NEVADA,NV,"BIDEN, JOSEPH R. JR","TRUMP, DONALD J.",703486,669890,1373376,1405376,50.05678195728403,47.66624732455941,51.22311734004381,48.77688265995619,2.4462346800876134,D,"MIT Election Data and Science Lab, U.S. President 1976-2024",10.7910/DVN/42MVDX,1976-2024-president.csv,authoritative_academic,validated
2020,NEW YORK,NY,"BIDEN, JOSEPH R. JR","TRUMP, DONALD J.",5230985,3244798,8475783,8661735,60.39188453583491,37.46129384009093,61.71683489301225,38.28316510698775,23.433669786024495,D,"MIT Election Data and Science Lab, U.S. President 1976-2024",10.7910/DVN/42MVDX,1976-2024-president.csv,authoritative_academic,validated
2020,OHIO,OH,"BIDEN, JOSEPH R. JR","TRUMP, DONALD J.",2679165,3154834,5833999,5922202,45.239338340705025,53.27130010087464,45.923302352297284,54.076697647702716,-8.153395295405431,R,"MIT Election Data and Science Lab, U.S. President 1976-2024",10.7910/DVN/42MVDX,1976-2024-president.csv,authoritative_academic,validated
2020,OKLAHOMA,OK,"BIDEN, JOSEPH R. JR","TRUMP, DONALD J.",503890,1020280,1524170,1560699,32.28617433598663,65.37327184806296,33.059960503093485,66.94003949690651,-33.88007899381302,R,"MIT Election Data and Science Lab, U.S. President 1976-2024",10.7910/DVN/42MVDX,1976-2024-president.csv,authoritative_academic,validated
2020,OREGON,OR,"BIDEN, JOSEPH R. JR","TRUMP, DONALD J.",1340383,958448,2298831,2374321,56.453318654048886,40.367246046343354,58.30715698544173,41.69284301455827,16.614313970883458,D,"MIT Election Data and Science Lab, U.S. President 1976-2024",10.7910/DVN/42MVDX,1976-2024-president.csv,authoritative_academic,validated
2020,PENNSYLVANIA,PA,"BIDEN, JOSEPH R. JR","TRUMP, DONALD J.",3458229,3377674,6835903,6915283,50.00849567544813,48.843612040172474,50.58920525934906,49.41079474065094,1.178410518698115,D,"MIT Election Data and Science Lab, U.S. President 1976-2024",10.7910/DVN/42MVDX,1976-2024-president.csv,authoritative_academic,validated
2020,RHODE ISLAND,RI,"BIDEN, JOSEPH R. JR","TRUMP, DONALD J.",307486,199922,507408,516990,59.476198765933574,38.670380471575854,60.59935988395926,39.40064011604074,21.19871976791852,D,"MIT Election Data and Science Lab, U.S. President 1976-2024",10.7910/DVN/42MVDX,1976-2024-president.csv,authoritative_academic,validated
2020,SOUTH CAROLINA,SC,"BIDEN, JOSEPH R. JR","TRUMP, DONALD J.",1091541,1385103,2476644,2514096,43.41683849781393,55.09348091719648,44.073391250417906,55.926608749582094,-11.853217499164188,R,"MIT Election Data and Science Lab, U.S. President 1976-2024",10.7910/DVN/42MVDX,1976-2024-president.csv,authoritative_academic,validated
2020,SOUTH DAKOTA,SD,"BIDEN, JOSEPH R. JR","TRUMP, DONALD J.",150471,261043,411514,422609,35.60525213613529,61.769389672250234,36.5652201383185,63.4347798616815,-26.869559723362997,R,"MIT Election Data and Science Lab, U.S. President 1976-2024",10.7910/DVN/42MVDX,1976-2024-president.csv,authoritative_academic,validated
2020,TENNESSEE,TN,"BIDEN, JOSEPH R. JR","TRUMP, DONALD J.",1143711,1852475,2996186,3053851,37.4514342710237,60.66029416628382,38.172229627933646,61.827770372066354,-23.655540744132708,R,"MIT Election Data and Science Lab, U.S. President 1976-2024",10.7910/DVN/42MVDX,1976-2024-president.csv,authoritative_academic,validated
2020,TEXAS,TX,"BIDEN, JOSEPH R. JR","TRUMP, DONALD J.",5259126,5890347,11149473,11315056,46.47900991387051,52.05760360355265,47.16927876322047,52.83072123677953,-5.661442473559063,R,"MIT Election Data and Science Lab, U.S. President 1976-2024",10.7910/DVN/42MVDX,1976-2024-president.csv,authoritative_academic,validated
2020,UTAH,UT,"BIDEN, JOSEPH R. JR","TRUMP, DONALD J.",560282,865140,1425422,1488289,37.64604858330606,58.129839029919594,39.30639487814837,60.69360512185163,-21.387210243703265,R,"MIT Election Data and Science Lab, U.S. President 1976-2024",10.7910/DVN/42MVDX,1976-2024-president.csv,authoritative_academic,validated
2020,VIRGINIA,VA,"BIDEN, JOSEPH R. JR","TRUMP, DONALD J.",2413568,1962430,4375998,4460524,54.10951717780243,43.99550366728214,55.15468699939991,44.84531300060009,10.309373998799813,D,"MIT Election Data and Science Lab, U.S. President 1976-2024",10.7910/DVN/42MVDX,1976-2024-president.csv,authoritative_academic,validated
2020,VERMONT,VT,"BIDEN, JOSEPH R. JR","TRUMP, DONALD J.",242820,112704,355524,370968,65.45578055250049,30.38105712622113,68.29918655280656,31.70081344719344,36.59837310561312,D,"MIT Election Data and Science Lab, U.S. President 1976-2024",10.7910/DVN/42MVDX,1976-2024-president.csv,authoritative_academic,validated
2020,WASHINGTON,WA,"BIDEN, JOSEPH R. JR","TRUMP, DONALD J.",2369612,1584651,3954263,4087631,57.97030113530307,38.76697774334327,59.92550318479069,40.07449681520931,19.851006369581384,D,"MIT Election Data and Science Lab, U.S. President 1976-2024",10.7910/DVN/42MVDX,1976-2024-president.csv,authoritative_academic,validated
2020,WISCONSIN,WI,"BIDEN, JOSEPH R. JR","TRUMP, DONALD J.",1630866,1610184,3241050,3298041,49.44953686142774,48.822437319608824,50.319063266533995,49.680936733466005,0.6381265330679895,D,"MIT Election Data and Science Lab, U.S. President 1976-2024",10.7910/DVN/42MVDX,1976-2024-president.csv,authoritative_academic,validated
2020,WEST VIRGINIA,WV,"BIDEN, JOSEPH R. JR","TRUMP, DONALD J.",235984,545382,781366,794652,29.696521244519612,68.63155192461606,30.201467686077972,69.79853231392202,-39.59706462784405,R,"MIT Election Data and Science Lab, U.S. President 1976-2024",10.7910/DVN/42MVDX,1976-2024-president.csv,authoritative_academic,validated
2020,WYOMING,WY,"BIDEN, JOSEPH R. JR","TRUMP, DONALD J.",73491,193559,267050,278503,26.3878665579904,69.49978994840271,27.519565624414902,72.48043437558509,-44.96086875117019,R,"MIT Election Data and Science Lab, U.S. President 1976-2024",10.7910/DVN/42MVDX,1976-2024-president.csv,authoritative_academic,validated
2024,ALASKA,AK,"HARRIS, KAMALA D.","TRUMP, DONALD J.",140026,184458,324484,338177,41.40612756041954,54.544809374972274,43.15343745762503,56.84656254237497,-13.693125084749937,R,"MIT Election Data and Science Lab, U.S. President 1976-2024",10.7910/DVN/42MVDX,1976-2024-president.csv,authoritative_academic,validated
2024,ALABAMA,AL,"HARRIS, KAMALA D.","TRUMP, DONALD J.",772412,1462616,2235028,2265090,34.10072005968858,64.57209205815221,34.559388070306056,65.44061192969394,-30.881223859387887,R,"MIT Election Data and Science Lab, U.S. President 1976-2024",10.7910/DVN/42MVDX,1976-2024-president.csv,authoritative_academic,validated
2024,ARKANSAS,AR,"HARRIS, KAMALA D.","TRUMP, DONALD J.",396905,759241,1156146,1182676,33.55990989924544,64.19687217800987,34.33000676385162,65.66999323614837,-31.33998647229675,R,"MIT Election Data and Science Lab, U.S. President 1976-2024",10.7910/DVN/42MVDX,1976-2024-president.csv,authoritative_academic,validated
2024,ARIZONA,AZ,"HARRIS, KAMALA D.","TRUMP, DONALD J.",1582860,1770242,3353102,3389319,46.70141701031977,52.23002024890546,47.20584103913332,52.79415896086668,-5.588317921733363,R,"MIT Election Data and Science Lab, U.S. President 1976-2024",10.7910/DVN/42MVDX,1976-2024-president.csv,authoritative_academic,validated
2024,CALIFORNIA,CA,"HARRIS, KAMALA D.","TRUMP, DONALD J.",9276179,6081697,15357876,15865475,58.467704244594,38.33290210346681,60.40014257179834,39.59985742820166,20.800285143596682,D,"MIT Election Data and Science Lab, U.S. President 1976-2024",10.7910/DVN/42MVDX,1976-2024-president.csv,authoritative_academic,validated
2024,COLORADO,CO,"HARRIS, KAMALA D.","TRUMP, DONALD J.",1728159,1377441,3105600,3192745,54.12768636392822,43.14284416700989,55.64654173106646,44.35345826893354,11.293083462132927,D,"MIT Election Data and Science Lab, U.S. President 1976-2024",10.7910/DVN/42MVDX,1976-2024-president.csv,authoritative_academic,validated
2024,CONNECTICUT,CT,"HARRIS, KAMALA D.","TRUMP, DONALD J.",992053,736918,1728971,1759010,56.39837181141665,41.893906231346044,57.378232486259165,42.621767513740835,14.75646497251833,D,"MIT Election Data and Science Lab, U.S. President 1976-2024",10.7910/DVN/42MVDX,1976-2024-president.csv,authoritative_academic,validated
2024,DELAWARE,DE,"HARRIS, KAMALA D.","TRUMP, DONALD J.",289758,214351,504109,512913,56.49262155570243,41.79090800974044,57.47923564149817,42.52076435850183,14.958471282996342,D,"MIT Election Data and Science Lab, U.S. President 1976-2024",10.7910/DVN/42MVDX,1976-2024-president.csv,authoritative_academic,validated
2024,FLORIDA,FL,"HARRIS, KAMALA D.","TRUMP, DONALD J.",4683038,6110125,10793163,10893752,42.98829273881028,56.08834311631107,43.3889305665077,56.6110694334923,-13.222138866984594,R,"MIT Election Data and Science Lab, U.S. President 1976-2024",10.7910/DVN/42MVDX,1976-2024-president.csv,authoritative_academic,validated
2024,GEORGIA,GA,"HARRIS, KAMALA D.","TRUMP, DONALD J.",2548017,2663117,5211134,5250905,48.52529230675474,50.717295399554935,48.89563384860186,51.10436615139814,-2.208732302796278,R,"MIT Election Data and Science Lab, U.S. President 1976-2024",10.7910/DVN/42MVDX,1976-2024-president.csv,authoritative_academic,validated
2024,HAWAII,HI,"HARRIS, KAMALA D.","TRUMP, DONALD J.",313044,193661,506705,522236,59.94301426941077,37.08304291546351,61.7803258306115,38.2196741693885,23.560651661223005,D,"MIT Election Data and Science Lab, U.S. President 1976-2024",10.7910/DVN/42MVDX,1976-2024-president.csv,authoritative_academic,validated
2024,IOWA,IA,"HARRIS, KAMALA D.","TRUMP, DONALD J.",707278,927019,1634297,1663506,42.5173098263547,55.72682034209675,43.27720114520188,56.72279885479812,-13.445597709596242,R,"MIT Election Data and Science Lab, U.S. President 1976-2024",10.7910/DVN/42MVDX,1976-2024-president.csv,authoritative_academic,validated
2024,IDAHO,ID,"HARRIS, KAMALA D.","TRUMP, DONALD J.",274972,605246,880218,917466,29.97081090743417,65.96931112433595,31.23907940987346,68.76092059012653,-37.52184118025307,R,"MIT Election Data and Science Lab, U.S. President 1976-2024",10.7910/DVN/42MVDX,1976-2024-president.csv,authoritative_academic,validated
2024,ILLINOIS,IL,"HARRIS, KAMALA D.","TRUMP, DONALD J.",3062863,2449079,5511942,5633310,54.37057431598829,43.47495522170802,55.56776540827171,44.43223459172829,11.135530816543422,D,"MIT Election Data and Science Lab, U.S. President 1976-2024",10.7910/DVN/42MVDX,1976-2024-president.csv,authoritative_academic,validated
2024,INDIANA,IN,"HARRIS, KAMALA D.","TRUMP, DONALD J.",1163603,1720347,2883950,2936677,39.623118238744,58.58141702339072,40.34754416685449,59.65245583314551,-19.30491166629102,R,"MIT Election Data and Science Lab, U.S. President 1976-2024",10.7910/DVN/42MVDX,1976-2024-president.csv,authoritative_academic,validated
2024,KANSAS,KS,"HARRIS, KAMALA D.","TRUMP, DONALD J.",544853,758802,1303655,1327591,41.04072715166041,57.15630792917397,41.79426305272484,58.20573694727516,-16.411473894550326,R,"MIT Election Data and Science Lab, U.S. President 1976-2024",10.7910/DVN/42MVDX,1976-2024-president.csv,authoritative_academic,validated
2024,KENTUCKY,KY,"HARRIS, KAMALA D.","TRUMP, DONALD J.",704043,1337494,2041537,2074530,33.937470173967114,64.47214549801642,34.485928983897914,65.51407101610208,-31.028142032204165,R,"MIT Election Data and Science Lab, U.S. President 1976-2024",10.7910/DVN/42MVDX,1976-2024-president.csv,authoritative_academic,validated
2024,LOUISIANA,LA,"HARRIS, KAMALA D.","TRUMP, DONALD J.",766870,1208505,1975375,2006975,38.210241781786024,60.215249318003465,38.821489590584065,61.178510409415935,-22.35702081883187,R,"MIT Election Data and Science Lab, U.S. President 1976-2024",10.7910/DVN/42MVDX,1976-2024-president.csv,authoritative_academic,validated
2024,MASSACHUSETTS,MA,"HARRIS, KAMALA D.","TRUMP, DONALD J.",2126518,1251303,3377821,3512930,60.53402715112456,35.619924108934704,62.95531942041926,37.04468057958074,25.910638840838516,D,"MIT Election Data and Science Lab, U.S. President 1976-2024",10.7910/DVN/42MVDX,1976-2024-president.csv,authoritative_academic,validated
2024,MARYLAND,MD,"HARRIS, KAMALA D.","TRUMP, DONALD J.",1902577,1035550,2938127,3038334,62.61908664419382,34.08282302077389,64.75475702718091,35.24524297281908,29.509514054361837,D,"MIT Election Data and Science Lab, U.S. President 1976-2024",10.7910/DVN/42MVDX,1976-2024-president.csv,authoritative_academic,validated
2024,MAINE,ME,"HARRIS, KAMALA D.","TRUMP, DONALD J.",435652,377977,813629,842447,51.71268934425549,44.86656133857679,53.54430581997446,46.45569418002554,7.0886116399489225,D,"MIT Election Data and Science Lab, U.S. President 1976-2024",10.7910/DVN/42MVDX,1976-2024-president.csv,authoritative_academic,validated
2024,MICHIGAN,MI,"HARRIS, KAMALA D.","TRUMP, DONALD J.",2736533,2816636,5553169,5664186,48.31290850971349,49.72710995013229,49.278763171083035,50.721236828916965,-1.4424736578339292,R,"MIT Election Data and Science Lab, U.S. President 1976-2024",10.7910/DVN/42MVDX,1976-2024-president.csv,authoritative_academic,validated
2024,MINNESOTA,MN,"HARRIS, KAMALA D.","TRUMP, DONALD J.",1656979,1519032,3176011,3253920,50.922548802674925,46.68313910606284,52.17170217609448,47.82829782390552,4.343404352188955,D,"MIT Election Data and Science Lab, U.S. President 1976-2024",10.7910/DVN/42MVDX,1976-2024-president.csv,authoritative_academic,validated
2024,MISSOURI,MO,"HARRIS, KAMALA D.","TRUMP, DONALD J.",1200599,1751986,2952585,2995327,40.08240168769554,58.49064225708913,40.66263968691841,59.33736031308159,-18.67472062616318,R,"MIT Election Data and Science Lab, U.S. President 1976-2024",10.7910/DVN/42MVDX,1976-2024-president.csv,authoritative_academic,validated
2024,MISSISSIPPI,MS,"HARRIS, KAMALA D.","TRUMP, DONALD J.",466668,747744,1214412,1228008,38.00203256004847,60.89080852893466,38.42748589440816,61.57251410559184,-23.145028211183686,R,"MIT Election Data and Science Lab, U.S. President 1976-2024",10.7910/DVN/42MVDX,1976-2024-president.csv,authoritative_academic,validated
2024,MONTANA,MT,"HARRIS, KAMALA D.","TRUMP, DONALD J.",231906,352079,583985,602963,38.46106643359543,58.391476757280294,39.71095147991815,60.28904852008185,-20.578097040163698,R,"MIT Election Data and Science Lab, U.S. President 1976-2024",10.7910/DVN/42MVDX,1976-2024-president.csv,authoritative_academic,validated
2024,NORTH CAROLINA,NC,"HARRIS, KAMALA D.","TRUMP, DONALD J.",2715375,2898423,5613798,5699141,47.64533813078146,50.85719058363357,48.369659898699595,51.630340101300405,-3.2606802026008097,R,"MIT Election Data and Science Lab, U.S. President 1976-2024",10.7910/DVN/42MVDX,1976-2024-president.csv,authoritative_academic,validated
2024,NORTH DAKOTA,ND,"HARRIS, KAMALA D.","TRUMP, DONALD J.",112327,246505,358832,368155,30.51079029213239,66.95685241270661,31.303506933606812,68.69649306639319,-37.392986132786376,R,"MIT Election Data and Science Lab, U.S. President 1976-2024",10.7910/DVN/42MVDX,1976-2024-president.csv,authoritative_academic,validated
2024,NEBRASKA,NE,"HARRIS, KAMALA D.","TRUMP, DONALD J.",369995,564816,934811,952182,38.857592351042136,59.318071545145784,39.579658348051105,60.420341651948895,-20.84068330389779,R,"MIT Election Data and Science Lab, U.S. President 1976-2024",10.7910/DVN/42MVDX,1976-2024-president.csv,authoritative_academic,validated
2024,NEW HAMPSHIRE,NH,"HARRIS, KAMALA D.","TRUMP, DONALD J.",418488,395523,814011,831033,50.35756702802416,47.59413886091166,51.410607473363385,48.589392526636615,2.8212149467267693,D,"MIT Election Data and Science Lab, U.S. President 1976-2024",10.7910/DVN/42MVDX,1976-2024-president.csv,authoritative_academic,validated
2024,NEW JERSEY,NJ,"HARRIS, KAMALA D.","TRUMP, DONALD J.",2220713,1968215,4188928,4272725,51.97416168838388,46.06463088544196,53.01387371661676,46.98612628338324,6.027747433233515,D,"MIT Election Data and Science Lab, U.S. President 1976-2024",10.7910/DVN/42MVDX,1976-2024-president.csv,authoritative_academic,validated
2024,NEW MEXICO,NM,"HARRIS, KAMALA D.","TRUMP, DONALD J.",478802,423391,902193,923403,51.85189998299767,45.85116141056505,53.070906114323655,46.929093885676345,6.141812228647311,D,"MIT Election Data and Science Lab, U.S. President 1976-2024",10.7910/DVN/42MVDX,1976-2024-president.csv,authoritative_academic,validated
2024,NEVADA,NV,"HARRIS, KAMALA D.","TRUMP, DONALD J.",705197,751205,1456402,1484840,47.49313057299103,50.5916462379785,48.42049104574149,51.57950895425851,-3.159017908517015,R,"MIT Election Data and Science Lab, U.S. President 1976-2024",10.7910/DVN/42MVDX,1976-2024-president.csv,authoritative_academic,validated
2024,NEW YORK,NY,"HARRIS, KAMALA D.","TRUMP, DONALD J.",4619195,3578899,8198094,8381429,55.112260689674756,42.700343819651756,56.34474305856947,43.65525694143053,12.68948611713894,D,"MIT Election Data and Science Lab, U.S. President 1976-2024",10.7910/DVN/42MVDX,1976-2024-president.csv,authoritative_academic,validated
2024,OHIO,OH,"HARRIS, KAMALA D.","TRUMP, DONALD J.",2533699,3180116,5713815,5767788,43.92843495634722,55.13579902728741,44.34338528636297,55.65661471363703,-11.313229427274067,R,"MIT Election Data and Science Lab, U.S. President 1976-2024",10.7910/DVN/42MVDX,1976-2024-president.csv,authoritative_academic,validated
2024,OKLAHOMA,OK,"HARRIS, KAMALA D.","TRUMP, DONALD J.",499599,1036213,1535812,1566173,31.899349560999966,66.16210342024796,32.529958093829194,67.4700419061708,-34.94008381234161,R,"MIT Election Data and Science Lab, U.S. President 1976-2024",10.7910/DVN/42MVDX,1976-2024-president.csv,authoritative_academic,validated
2024,OREGON,OR,"HARRIS, KAMALA D.","TRUMP, DONALD J.",1240600,919480,2160080,2244493,55.273061666933245,40.96604444745428,57.433058034887594,42.566941965112406,14.866116069775188,D,"MIT Election Data and Science Lab, U.S. President 1976-2024",10.7910/DVN/42MVDX,1976-2024-president.csv,authoritative_academic,validated
2024,PENNSYLVANIA,PA,"HARRIS, KAMALA D.","TRUMP, DONALD J.",3423042,3543308,6966350,7034206,48.66280572391539,50.37253671558666,49.13680765393642,50.86319234606358,-1.726384692127155,R,"MIT Election Data and Science Lab, U.S. President 1976-2024",10.7910/DVN/42MVDX,1976-2024-president.csv,authoritative_academic,validated
2024,RHODE ISLAND,RI,"HARRIS, KAMALA D.","TRUMP, DONALD J.",285156,214406,499562,513086,55.57664796934627,41.78753659230616,57.08120313394534,42.91879686605466,14.162406267890674,D,"MIT Election Data and Science Lab, U.S. President 1976-2024",10.7910/DVN/42MVDX,1976-2024-president.csv,authoritative_academic,validated
2024,SOUTH CAROLINA,SC,"HARRIS, KAMALA D.","TRUMP, DONALD J.",1028452,1483747,2512199,2548140,40.36089068889464,58.2286295101525,40.938317386480925,59.061682613519075,-18.12336522703815,R,"MIT Election Data and Science Lab, U.S. President 1976-2024",10.7910/DVN/42MVDX,1976-2024-president.csv,authoritative_academic,validated
2024,SOUTH DAKOTA,SD,"HARRIS, KAMALA D.","TRUMP, DONALD J.",146859,272081,418940,428922,34.23909242239848,63.43367791812964,35.05490046307347,64.94509953692653,-29.89019907385306,R,"MIT Election Data and Science Lab, U.S. President 1976-2024",10.7910/DVN/42MVDX,1976-2024-president.csv,authoritative_academic,validated
2024,TENNESSEE,TN,"HARRIS, KAMALA D.","TRUMP, DONALD J.",1056265,1966865,3023130,3063942,34.47405336001791,64.19393709149847,34.939450172503335,65.06054982749667,-30.121099654993337,R,"MIT Election Data and Science Lab, U.S. President 1976-2024",10.7910/DVN/42MVDX,1976-2024-president.csv,authoritative_academic,validated
2024,TEXAS,TX,"HARRIS, KAMALA D.","TRUMP, DONALD J.",4835250,6393597,11228847,11388674,42.456654743124616,56.1399597529967,43.06096609919077,56.93903390080923,-13.878067801618457,R,"MIT Election Data and Science Lab, U.S. President 1976-2024",10.7910/DVN/42MVDX,1976-2024-president.csv,authoritative_academic,validated
2024,UTAH,UT,"HARRIS, KAMALA D.","TRUMP, DONALD J.",562566,883818,1446384,1488494,37.79430753499846,59.376658555560184,38.8946503833007,61.1053496166993,-22.2106992333986,R,"MIT Election Data and Science Lab, U.S. President 1976-2024",10.7910/DVN/42MVDX,1976-2024-president.csv,authoritative_academic,validated
2024,VIRGINIA,VA,"HARRIS, KAMALA D.","TRUMP, DONALD J.",2333778,2074097,4407875,4503288,51.82386736091496,46.05739184347082,52.9456484133511,47.0543515866489,5.891296826702202,D,"MIT Election Data and Science Lab, U.S. President 1976-2024",10.7910/DVN/42MVDX,1976-2024-president.csv,authoritative_academic,validated
2024,VERMONT,VT,"HARRIS, KAMALA D.","TRUMP, DONALD J.",235791,119395,355186,372885,63.23424111991633,32.01925526636899,66.38521788584009,33.61478211415991,32.770435771680184,D,"MIT Election Data and Science Lab, U.S. President 1976-2024",10.7910/DVN/42MVDX,1976-2024-president.csv,authoritative_academic,validated
2024,WASHINGTON,WA,"HARRIS, KAMALA D.","TRUMP, DONALD J.",2245849,1530923,3776772,3924243,57.23012056083173,39.01193172797913,59.46477573970576,40.53522426029424,18.929551479411515,D,"MIT Election Data and Science Lab, U.S. President 1976-2024",10.7910/DVN/42MVDX,1976-2024-president.csv,authoritative_academic,validated
2024,WISCONSIN,WI,"HARRIS, KAMALA D.","TRUMP, DONALD J.",1668229,1697626,3365855,3422918,48.73704248830968,49.5958711251628,49.56330560882748,50.43669439117252,-0.8733887823450459,R,"MIT Election Data and Science Lab, U.S. President 1976-2024",10.7910/DVN/42MVDX,1976-2024-president.csv,authoritative_academic,validated
2024,WEST VIRGINIA,WV,"HARRIS, KAMALA D.","TRUMP, DONALD J.",214309,533556,747865,762584,28.103002423339593,69.96684955362295,28.656107719976198,71.3438922800238,-42.6877845600476,R,"MIT Election Data and Science Lab, U.S. President 1976-2024",10.7910/DVN/42MVDX,1976-2024-president.csv,authoritative_academic,validated
2024,WYOMING,WY,"HARRIS, KAMALA D.","TRUMP, DONALD J.",69527,192633,262160,271123,25.644080362049696,71.05004001873688,26.520826975892586,73.47917302410741,-46.95834604821482,R,"MIT Election Data and Science Lab, U.S. President 1976-2024",10.7910/DVN/42MVDX,1976-2024-president.csv,authoritative_academic,validated
