seat_id,state,senate_class,previous_race_id,current_race_id,previous_cycle,current_cycle,cycle_gap,previous_margin_dem,current_margin_dem,seat_swing_dem,previous_generic_ballot_margin_dem,current_generic_ballot_margin_dem,national_swing_dem
AZ_CLASS_1,AZ,1,2012_AZ,2018_AZ,2012,2018,6,-3.1721173153280375,2.402957486136785,5.575074801464822,-0.2,7.3,7.5
CT_CLASS_1,CT,1,2012_CT,2018_CT,2012,2018,6,12.00608169746934,20.408576995776254,8.402495298306915,-0.2,7.3,7.5
DE_CLASS_1,DE,1,2012_DE,2018_DE,2012,2018,6,39.28341839077444,22.639007988446096,-16.644410402328347,-0.2,7.3,7.5
FL_CLASS_1,FL,1,2012_FL,2018_FL,2012,2018,6,13.345297340747948,-0.1225183560779328,-13.46781569682588,-0.2,7.3,7.5
HI_CLASS_1,HI,1,2012_HI,2018_HI,2012,2018,6,25.203085836142193,42.30219569410147,17.099109857959277,-0.2,7.3,7.5
IN_CLASS_1,IN,1,2012_IN,2018_IN,2012,2018,6,6.110645924593399,-6.162903216195062,-12.273549140788461,-0.2,7.3,7.5
MA_CLASS_1,MA,1,2012_MA,2018_MA,2012,2018,6,7.554477975801376,25.038879177334593,17.484401201533217,-0.2,7.3,7.5
MD_CLASS_1,MD,1,2012_MD,2018_MD,2012,2018,6,36.02316963954084,36.30566322052462,0.2824935809837825,-0.2,7.3,7.5
MI_CLASS_1,MI,1,2012_MI,2018_MI,2012,2018,6,21.50553871325623,6.6371383113556135,-14.868400401900615,-0.2,7.3,7.5
MN_CLASS_1,MN,1,2012_MN,2018_MN_REGULAR,2012,2018,6,36.23860405374484,24.963466608899424,-11.275137444845413,-0.2,7.3,7.5
MO_CLASS_1,MO,1,2012_MO,2018_MO,2012,2018,6,16.71556749173139,-5.996633249741748,-22.71220074147314,-0.2,7.3,7.5
MS_CLASS_1,MS,1,2012_MS,2018_MS_REGULAR,2012,2018,6,-16.99449259042794,-19.41285627996939,-2.418363689541451,-0.2,7.3,7.5
MT_CLASS_1,MT,1,2012_MT,2018_MT,2012,2018,6,3.979091713748474,3.6569158437772415,-0.3221758699712325,-0.2,7.3,7.5
ND_CLASS_1,ND,1,2012_ND,2018_ND,2012,2018,6,0.9182518186765378,-10.905410742496043,-11.823662561172581,-0.2,7.3,7.5
NE_CLASS_1,NE,1,2012_NE,2018_NE,2012,2018,6,-15.548865544300329,-19.79502813980163,-4.246162595501302,-0.2,7.3,7.5
NJ_CLASS_1,NJ,1,2012_NJ,2018_NJ,2012,2018,6,19.840323838015877,11.544410589867937,-8.29591324814794,-0.2,7.3,7.5
NM_CLASS_1,NM,1,2012_NM,2018_NM,2012,2018,6,5.95158887087554,27.83688334059555,21.88529446972001,-0.2,7.3,7.5
NV_CLASS_1,NV,1,2012_NV,2018_NV,2012,2018,6,-1.2809050430656723,5.247548248472796,6.528453291538469,-0.2,7.3,7.5
NY_CLASS_1,NY,1,2012_NY,2018_NY,2012,2018,6,46.51511255351639,33.99933379035469,-12.515778763161698,-0.2,7.3,7.5
OH_CLASS_1,OH,1,2012_OH,2018_OH,2012,2018,6,6.2899714181396575,6.847342539013482,0.5573711208738246,-0.2,7.3,7.5
PA_CLASS_1,PA,1,2012_PA,2018_PA,2012,2018,6,9.261954081514574,13.085564092459125,3.8236100109445506,-0.2,7.3,7.5
RI_CLASS_1,RI,1,2012_RI,2018_RI,2012,2018,6,29.912571658646016,23.159474112658216,-6.753097545987799,-0.2,7.3,7.5
TN_CLASS_1,TN,1,2012_TN,2018_TN,2012,2018,6,-36.186410224537525,-10.937204153944108,25.249206070593416,-0.2,7.3,7.5
TX_CLASS_1,TX,1,2012_TX,2018_TX,2012,2018,6,-16.309097081569973,-2.5874814972216456,13.721615584348328,-0.2,7.3,7.5
UT_CLASS_1,UT,1,2012_UT,2018_UT,2012,2018,6,-37.07577325658352,-33.878940101996875,3.196833154586642,-0.2,7.3,7.5
VA_CLASS_1,VA,1,2012_VA,2018_VA,2012,2018,6,5.9153880181019645,16.319900580969303,10.404512562867339,-0.2,7.3,7.5
VT_CLASS_1,VT,1,2012_VT,2018_VT,2012,2018,6,48.06836072464077,42.16474561566585,-5.903615108974918,-0.2,7.3,7.5
WA_CLASS_1,WA,1,2012_WA,2018_WA,2012,2018,6,20.901982363426015,16.867519849859107,-4.034462513566908,-0.2,7.3,7.5
WI_CLASS_1,WI,1,2012_WI,2018_WI,2012,2018,6,5.704300652835613,10.83712500456204,5.132824351726427,-0.2,7.3,7.5
WV_CLASS_1,WV,1,2012_WV,2018_WV,2012,2018,6,24.834513060240212,3.3894179136536167,-21.445095146586596,-0.2,7.3,7.5
WY_CLASS_1,WY,1,2012_WY,2018_WY,2012,2018,6,-55.496518640696024,-37.97819051140363,17.518328129292392,-0.2,7.3,7.5
AK_CLASS_2,AK,2,2014_AK,2020_AK,2014,2020,6,-2.2704963832132705,-13.359036716293971,-11.0885403330807,-2.4,6.8,9.2
CO_CLASS_2,CO,2,2014_CO,2020_CO,2014,2020,6,-2.0584058661040388,9.543169885775072,11.60157575187911,-2.4,6.8,9.2
DE_CLASS_2,DE,2,2014_DE,2020_DE,2014,2020,6,13.871482233591024,22.130005147972824,8.2585229143818,-2.4,6.8,9.2
GA_CLASS_2,GA,2,2014_GA,2020_GA_REGULAR,2014,2020,6,-7.831874164069305,-1.8212843302317765,6.010589833837528,-2.4,6.8,9.2
IA_CLASS_2,IA,2,2014_IA,2020_IA,2014,2020,6,-8.698964398007291,-6.799246352762225,1.8997180452450664,-2.4,6.8,9.2
ID_CLASS_2,ID,2,2014_ID,2020_ID,2014,2020,6,-30.65672392890638,-30.641627543035987,0.015096385870393192,-2.4,6.8,9.2
IL_CLASS_2,IL,2,2014_IL,2020_IL,2014,2020,6,11.27730879697269,17.129742087590202,5.852433290617512,-2.4,6.8,9.2
KS_CLASS_2,KS,2,2014_KS,2020_KS,2014,2020,6,-11.098776187913444,-12.0379348237619,-0.9391586358484556,-2.4,6.8,9.2
KY_CLASS_2,KY,2,2014_KY,2020_KY,2014,2020,6,-15.960574494155525,-20.348541061255716,-4.387966567100191,-2.4,6.8,9.2
LA_CLASS_2,LA,2,2014_LA,2020_LA,2014,2020,6,-4.61783687567376,-51.44061118070289,-46.82277430502913,-2.4,6.8,9.2
MA_CLASS_2,MA,2,2014_MA,2020_MA,2014,2020,6,23.920238014039143,33.37630608212415,9.45606806808501,-2.4,6.8,9.2
ME_CLASS_2,ME,2,2014_ME,2020_ME,2014,2020,6,-36.97684009679358,-9.20707886851065,27.76976122828293,-2.4,6.8,9.2
MI_CLASS_2,MI,2,2014_MI,2020_MI,2014,2020,6,13.847021920547816,1.7172850548123364,-12.12973686573548,-2.4,6.8,9.2
MN_CLASS_2,MN,2,2014_MN,2020_MN,2014,2020,6,10.663790458498127,5.679457423042791,-4.984333035455336,-2.4,6.8,9.2
MS_CLASS_2,MS,2,2014_MS,2020_MS,2014,2020,6,-22.50161833247023,-10.155239628567571,12.346378703902658,-2.4,6.8,9.2
MT_CLASS_2,MT,2,2014_MT,2020_MT,2014,2020,6,-18.106180556131235,-10.024321499512084,8.081859056619152,-2.4,6.8,9.2
NC_CLASS_2,NC,2,2014_NC,2020_NC,2014,2020,6,-1.6283279362778558,-1.826603939251612,-0.19827600297375625,-2.4,6.8,9.2
NE_CLASS_2,NE,2,2014_NE,2020_NE,2014,2020,6,-34.283832564319965,-43.95175515420045,-9.667922589880483,-2.4,6.8,9.2
NH_CLASS_2,NH,2,2014_NH,2020_NH,2014,2020,6,3.255085493010725,16.02932792111268,12.774242428101957,-2.4,6.8,9.2
NJ_CLASS_2,NJ,2,2014_NJ,2020_NJ,2014,2020,6,13.76275567892334,16.615139632373698,2.8523839534503583,-2.4,6.8,9.2
NM_CLASS_2,NM,2,2014_NM,2020_NM,2014,2020,6,11.11762035747401,6.27123541097869,-4.84638494649532,-2.4,6.8,9.2
OK_CLASS_2,OK,2,2014_OK_REGULAR,2020_OK,2014,2020,6,-40.86688126914103,-31.525022113596386,9.341859155544647,-2.4,6.8,9.2
OR_CLASS_2,OR,2,2014_OR,2020_OR,2014,2020,6,20.370419629609927,18.274771796454655,-2.0956478331552724,-2.4,6.8,9.2
RI_CLASS_2,RI,2,2014_RI,2020_RI,2014,2020,6,41.40580795867984,33.17984958322271,-8.225958375457125,-2.4,6.8,9.2
SC_CLASS_2,SC,2,2014_SC_REGULAR,2020_SC,2014,2020,6,-16.640291747625824,-10.415832481506795,6.2244592661190286,-2.4,6.8,9.2
SD_CLASS_2,SD,2,2014_SD,2020_SD,2014,2020,6,-26.113702245101862,-31.470495146578337,-5.356792901476474,-2.4,6.8,9.2
TN_CLASS_2,TN,2,2014_TN,2020_TN,2014,2020,6,-32.00774883825659,-27.770345608038824,4.237403230217765,-2.4,6.8,9.2
TX_CLASS_2,TX,2,2014_TX,2020_TX,2014,2020,6,-28.350913831561822,-9.899042062075353,18.45187176948647,-2.4,6.8,9.2
VA_CLASS_2,VA,2,2014_VA,2020_VA,2014,2020,6,0.8324071060998648,12.09582841271353,11.263421306613665,-2.4,6.8,9.2
WV_CLASS_2,WV,2,2014_WV,2020_WV,2014,2020,6,-28.63206901273449,-44.49214332185656,-15.86007430912207,-2.4,6.8,9.2
WY_CLASS_2,WY,2,2014_WY,2020_WY,2014,2020,6,-61.07227806083574,-46.2715881653659,14.800689895469844,-2.4,6.8,9.2
AL_CLASS_3,AL,3,2016_AL,2022_AL,2016,2022,6,-28.14048093566937,-36.652984262818194,-8.512503327148824,0.6,-1.2,-1.7999999999999998
AR_CLASS_3,AR,3,2016_AR,2022_AR,2016,2022,6,-24.598667778419824,-35.782880140816665,-11.184212362396842,0.6,-1.2,-1.7999999999999998
AZ_CLASS_3,AZ,3,2016_AZ,2022_AZ,2016,2022,6,-13.721830302462408,4.992147589578039,18.713977892040447,0.6,-1.2,-1.7999999999999998
CO_CLASS_3,CO,3,2016_CO,2022_CO,2016,2022,6,6.008906322746697,15.047246386477951,9.038340063731255,0.6,-1.2,-1.7999999999999998
FL_CLASS_3,FL,3,2016_FL,2022_FL,2016,2022,6,-7.961156507461695,-16.587594994456367,-8.626438486994672,0.6,-1.2,-1.7999999999999998
GA_CLASS_3,GA,3,2016_GA,2022_GA,2016,2022,6,-14.35083409806154,0.9774140180497994,15.32824811611134,0.6,-1.2,-1.7999999999999998
HI_CLASS_3,HI,3,2016_HI,2022_HI,2016,2022,6,53.58728838818104,46.45313302387402,-7.13415536430702,0.6,-1.2,-1.7999999999999998
IA_CLASS_3,IA,3,2016_IA,2022_IA,2016,2022,6,-25.52053011012785,-12.196840548191474,13.323689561936376,0.6,-1.2,-1.7999999999999998
ID_CLASS_3,ID,3,2016_ID,2022_ID,2016,2022,6,-40.919804288946835,-35.721031821889774,5.198772467057061,0.6,-1.2,-1.7999999999999998
IL_CLASS_3,IL,3,2016_IL,2022_IL,2016,2022,6,15.935102754485117,15.584397861044309,-0.3507048934408079,0.6,-1.2,-1.7999999999999998
IN_CLASS_3,IN,3,2016_IN,2022_IN,2016,2022,6,-10.261338057669208,-21.495551038239668,-11.23421298057046,0.6,-1.2,-1.7999999999999998
KS_CLASS_3,KS,3,2016_KS,2022_KS,2016,2022,6,-31.70856277582555,-23.66328612885694,8.04527664696861,0.6,-1.2,-1.7999999999999998
KY_CLASS_3,KY,3,2016_KY,2022_KY,2016,2022,6,-14.549104429230924,-23.619806488332387,-9.070702059101462,0.6,-1.2,-1.7999999999999998
LA_CLASS_3,LA,3,2016_LA,2022_LA,2016,2022,6,-21.30922040210089,-55.0418251781291,-33.73260477602821,0.6,-1.2,-1.7999999999999998
MD_CLASS_3,MD,3,2016_MD,2022_MD,2016,2022,6,26.11051851041458,31.743055937654752,5.632537427240173,0.6,-1.2,-1.7999999999999998
MO_CLASS_3,MO,3,2016_MO,2022_MO,2016,2022,6,-2.921537575905546,-13.652645873736844,-10.731108297831298,0.6,-1.2,-1.7999999999999998
NC_CLASS_3,NC,3,2016_NC,2022_NC,2016,2022,6,-5.907120107897768,-3.299253218639862,2.607866889257906,0.6,-1.2,-1.7999999999999998
ND_CLASS_3,ND,3,2016_ND,2022_ND,2016,2022,6,-64.44460759121944,-38.61430712798449,25.83030046323495,0.6,-1.2,-1.7999999999999998
NH_CLASS_3,NH,3,2016_NH,2022_NH,2016,2022,6,0.1435870791394933,9.349948447759571,9.206361368620078,0.6,-1.2,-1.7999999999999998
NV_CLASS_3,NV,3,2016_NV,2022_NV,2016,2022,6,2.646319389070399,0.801857785545522,-1.844461603524877,0.6,-1.2,-1.7999999999999998
NY_CLASS_3,NY,3,2016_NY,2022_NY,2016,2022,6,44.42624578533713,14.075069326686034,-30.351176458651096,0.6,-1.2,-1.7999999999999998
OH_CLASS_3,OH,3,2016_OH,2022_OH,2016,2022,6,-21.926780992967423,-6.114454849606801,15.812326143360622,0.6,-1.2,-1.7999999999999998
OK_CLASS_3,OK,3,2016_OK,2022_OK_REGULAR,2016,2022,6,-46.751914829634586,-33.40665086133072,13.345263968303868,0.6,-1.2,-1.7999999999999998
OR_CLASS_3,OR,3,2016_OR,2022_OR,2016,2022,6,25.851642016256463,15.408528397166307,-10.443113619090155,0.6,-1.2,-1.7999999999999998
PA_CLASS_3,PA,3,2016_PA,2022_PA,2016,2022,6,-1.490360364975828,5.035095542957677,6.525455907933505,0.6,-1.2,-1.7999999999999998
SC_CLASS_3,SC,3,2016_SC,2022_SC,2016,2022,6,-24.245946350276768,-25.896486784856165,-1.6505404345793977,0.6,-1.2,-1.7999999999999998
SD_CLASS_3,SD,3,2016_SD,2022_SD,2016,2022,6,-43.65572315882875,-45.39410721732374,-1.7383840584949937,0.6,-1.2,-1.7999999999999998
UT_CLASS_3,UT,3,2016_UT,2022_UT,2016,2022,6,-43.157093923421826,-10.854978816433643,32.30211510698818,0.6,-1.2,-1.7999999999999998
VT_CLASS_3,VT,3,2016_VT,2022_VT,2016,2022,6,29.946599972962012,41.90937868850685,11.962778715544836,0.6,-1.2,-1.7999999999999998
WA_CLASS_3,WA,3,2016_WA,2022_WA,2016,2022,6,18.026020891574888,14.550585979180894,-3.475434912393993,0.6,-1.2,-1.7999999999999998
WI_CLASS_3,WI,3,2016_WI,2022_WI,2016,2022,6,-3.4665288484603565,-1.0091205339674616,2.457408314492895,0.6,-1.2,-1.7999999999999998
AZ_CLASS_1,AZ,1,2018_AZ,2024_AZ,2018,2024,6,2.402957486136785,2.4624583141814895,0.05950082804470469,7.3,-0.3,-7.6
CT_CLASS_1,CT,1,2018_CT,2024_CT,2018,2024,6,20.408576995776254,19.20478918086353,-1.203787814912726,7.3,-0.3,-7.6
DE_CLASS_1,DE,1,2018_DE,2024_DE,2018,2024,6,22.639007988446096,17.782937775828344,-4.856070212617752,7.3,-0.3,-7.6
FL_CLASS_1,FL,1,2018_FL,2024_FL,2018,2024,6,-0.1225183560779328,-12.991751177582984,-12.86923282150505,7.3,-0.3,-7.6
HI_CLASS_1,HI,1,2018_HI,2024_HI,2018,2024,6,42.30219569410147,33.89004871259568,-8.412146981505792,7.3,-0.3,-7.6
IN_CLASS_1,IN,1,2018_IN,2024_IN,2018,2024,6,-6.162903216195062,-20.401222284822257,-14.238319068627195,7.3,-0.3,-7.6
MA_CLASS_1,MA,1,2018_MA,2024_MA,2018,2024,6,25.038879177334593,19.847565736102283,-5.19131344123231,7.3,-0.3,-7.6
MD_CLASS_1,MD,1,2018_MD,2024_MD,2018,2024,6,36.30566322052462,12.106519772814307,-24.199143447710313,7.3,-0.3,-7.6
MI_CLASS_1,MI,1,2018_MI,2024_MI,2018,2024,6,6.6371383113556135,0.3515485263113902,-6.285589785044223,7.3,-0.3,-7.6
MN_CLASS_1,MN,1,2018_MN_REGULAR,2024_MN,2018,2024,6,24.963466608899424,16.235543437695867,-8.727923171203557,7.3,-0.3,-7.6
MO_CLASS_1,MO,1,2018_MO,2024_MO,2018,2024,6,-5.996633249741748,-14.096355376281892,-8.099722126540144,7.3,-0.3,-7.6
MS_CLASS_1,MS,1,2018_MS_REGULAR,2024_MS,2018,2024,6,-19.41285627996939,-25.624382405477704,-6.211526125508314,7.3,-0.3,-7.6
MT_CLASS_1,MT,1,2018_MT,2024_MT,2018,2024,6,3.6569158437772415,-7.278178886452224,-10.935094730229466,7.3,-0.3,-7.6
ND_CLASS_1,ND,1,2018_ND,2024_ND,2018,2024,6,-10.905410742496043,-33.03319923672319,-22.127788494227147,7.3,-0.3,-7.6
NE_CLASS_1,NE,1,2018_NE,2024_NE_REGULAR,2018,2024,6,-19.79502813980163,-6.694085293448069,13.100942846353561,7.3,-0.3,-7.6
NJ_CLASS_1,NJ,1,2018_NJ,2024_NJ,2018,2024,6,11.544410589867937,9.857537839129066,-1.6868727507388712,7.3,-0.3,-7.6
NM_CLASS_1,NM,1,2018_NM,2024_NM,2018,2024,6,27.83688334059555,10.113349665840444,-17.723533674755103,7.3,-0.3,-7.6
NV_CLASS_1,NV,1,2018_NV,2024_NV,2018,2024,6,5.247548248472796,1.7457448421834698,-3.5018034062893264,7.3,-0.3,-7.6
NY_CLASS_1,NY,1,2018_NY,2024_NY,2018,2024,6,33.99933379035469,18.40805372062256,-15.591280069732129,7.3,-0.3,-7.6
OH_CLASS_1,OH,1,2018_OH,2024_OH,2018,2024,6,6.847342539013482,-3.747668078104226,-10.595010617117708,7.3,-0.3,-7.6
PA_CLASS_1,PA,1,2018_PA,2024_PA,2018,2024,6,13.085564092459125,-0.2228208993178242,-13.308384991776949,7.3,-0.3,-7.6
RI_CLASS_1,RI,1,2018_RI,2024_RI,2018,2024,6,23.159474112658216,20.098878346212786,-3.060595766445431,7.3,-0.3,-7.6
TN_CLASS_1,TN,1,2018_TN,2024_TN,2018,2024,6,-10.937204153944108,-30.25187665212592,-19.31467249818181,7.3,-0.3,-7.6
TX_CLASS_1,TX,1,2018_TX,2024_TX,2018,2024,6,-2.5874814972216456,-8.705251955409139,-6.117770458187493,7.3,-0.3,-7.6
UT_CLASS_1,UT,1,2018_UT,2024_UT,2018,2024,6,-33.878940101996875,-32.640668786229845,1.2382713157670295,7.3,-0.3,-7.6
VA_CLASS_1,VA,1,2018_VA,2024_VA,2018,2024,6,16.319900580969303,8.952032284687988,-7.367868296281316,7.3,-0.3,-7.6
VT_CLASS_1,VT,1,2018_VT,2024_VT,2018,2024,6,42.16474561566585,32.64053697017699,-9.524208645488862,7.3,-0.3,-7.6
WA_CLASS_1,WA,1,2018_WA,2024_WA,2018,2024,6,16.867519849859107,18.501674485843935,1.634154635984828,7.3,-0.3,-7.6
WI_CLASS_1,WI,1,2018_WI,2024_WI,2018,2024,6,10.83712500456204,0.8677410241822372,-9.969383980379803,7.3,-0.3,-7.6
WV_CLASS_1,WV,1,2018_WV,2024_WV,2018,2024,6,3.3894179136536167,-42.47776205712924,-45.86717997078286,7.3,-0.3,-7.6
WY_CLASS_1,WY,1,2018_WY,2024_WY,2018,2024,6,-37.97819051140363,-51.380342939975975,-13.402152428572343,7.3,-0.3,-7.6
