race_id,cycle,state,dem_candidate,gop_candidate,current_holder,race_tier,polling_margin_dem,fundamentals_margin_dem,adjusted_fundamentals_margin_dem,model_margin_dem,pre_sim_dem_win_prob,elasticity,tier_error_multiplier,dem_win_counts_for_seat_change,candidate_uncertainty_penalty,race_uncertainty_sd,simulated_dem_win_prob,avg_simulated_margin_dem,margin_p25_dem,margin_p50_dem,margin_p75_dem,tipping_count,tipping_share_of_control_sims,actual_margin_dem,prediction_error_dem,actual_dem_win,predicted_dem_win,winner_correct
2012_AZ,2012,AZ,Historical Democratic nominee,Historical Republican nominee,R,Likely,-8.807801439232641,-8.627801439232641,-8.807801439232641,-8.807801439232641,0.1677834611778819,1.0,1.0,1.0,0.0,1.3576450198781715,0.00314,-8.789023156346426,-10.953987158158805,-8.78409107400085,-6.632050709846988,131,0.0026225176169122357,-3.1721173153280375,-5.635684123904603,0,0,1
2012_CA,2012,CA,Historical Democratic nominee,Historical Republican nominee,D,Safe,24.376899183170817,24.556899183170813,24.376899183170814,24.376899183170817,0.9882509408346764,1.0,0.95,1.0,0.0,1.289762768884263,1.0,24.391017036884836,22.235077073113132,24.38446203450564,26.519880526250237,0,0.0,25.048568944289187,-0.6716697611183697,1,1,1
2012_CT,2012,CT,Historical Democratic nominee,Historical Republican nominee,D,Safe,22.45667649950835,22.63667649950835,22.45667649950835,22.45667649950835,0.9834231457461717,1.0,0.95,1.0,0.0,1.289762768884263,1.0,22.470929529875136,20.31373620590288,22.46295367511017,24.60181356154206,0,0.0,12.00608169746934,10.450594802039012,1,1,1
2012_DE,2012,DE,Historical Democratic nominee,Historical Republican nominee,D,Safe,25.09627729977712,25.27627729977712,25.09627729977712,25.09627729977712,0.9896765432874036,1.0,0.95,1.0,0.0,1.289762768884263,1.0,25.105004200947455,22.964605863561076,25.106573319388716,27.237794484770006,0,0.0,39.28341839077444,-14.187141090997322,1,1,1
2012_FL,2012,FL,Historical Democratic nominee,Historical Republican nominee,D,Toss-up,2.659320061798588,2.8393200617985883,2.659320061798588,2.659320061798588,0.6185770130168992,1.0,1.1,1.0,0.0,1.4934095218659889,0.79414,2.677544101111237,0.47845672515810345,2.6495870662856627,4.896018300942584,9272,0.1856181934657271,13.345297340747948,-10.685977278949359,1,1,1
2012_HI,2012,HI,Historical Democratic nominee,Historical Republican nominee,D,Safe,45.80745175691083,45.98745175691083,45.80745175691083,45.80745175691083,0.9997585550512313,1.0,0.95,1.0,0.0,1.289762768884263,1.0,45.81938512853926,43.65456898152766,45.83057243442648,47.950406998262324,0,0.0,25.203085836142193,20.604365920768636,1,1,1
2012_IN,2012,IN,Historical Democratic nominee,Historical Republican nominee,R,Toss-up,0.8639068907561761,1.0439068907561762,0.8639068907561762,0.8639068907561761,0.53918795693845,1.0,1.1,1.0,0.0,1.4934095218659889,0.60494,0.884265301594244,-1.3149056872242384,0.8682986183272782,3.0863264672242163,10457,0.2093409673286355,6.110645924593399,-5.246739033837223,1,1,1
2012_MA,2012,MA,Historical Democratic nominee,Historical Republican nominee,R,Safe,26.214156426705905,26.394156426705905,26.214156426705905,26.214156426705905,0.9915592727859703,1.0,0.95,1.0,0.0,1.289762768884263,1.0,26.223272286921567,24.069961279578955,26.223292447343276,28.376299381333506,0,0.0,7.554477975801376,18.65967845090453,1,1,1
2012_MD,2012,MD,Historical Democratic nominee,Historical Republican nominee,D,Safe,25.680174585771063,25.860174585771063,25.680174585771063,25.680174585771063,0.990706680071795,1.0,0.95,1.0,0.0,1.289762768884263,1.0,25.68816519467872,23.55011654039492,25.67464359552666,27.82658263412627,0,0.0,36.02316963954084,-10.342995053769776,1,1,1
2012_MI,2012,MI,Historical Democratic nominee,Historical Republican nominee,D,Safe,16.562603152309045,16.742603152309044,16.562603152309045,16.562603152309045,0.9530857043908387,1.0,0.95,1.0,0.0,1.289762768884263,1.0,16.578512722694384,14.463160578036259,16.565605984429148,18.71014377659906,0,0.0,21.50553871325623,-4.942935560947184,1,1,1
2012_MN,2012,MN,Historical Democratic nominee,Historical Republican nominee,D,Likely,10.278749990785478,10.458749990785478,10.278749990785478,10.278749990785478,0.8663267357694855,1.0,1.0,1.0,0.0,1.3576450198781715,0.99958,10.282791942592524,8.120971428633858,10.282327045114744,12.43116231371393,502,0.010049647661755284,36.23860405374484,-25.95985406295936,1,1,1
2012_MO,2012,MO,Historical Democratic nominee,Historical Republican nominee,D,Toss-up,-0.3151582993532929,-0.1351582993532929,-0.31515829935329287,-0.3151582993532929,0.48567854120716025,1.0,1.1,1.0,0.0,1.4934095218659889,0.46146,-0.30112963708846213,-2.500168642890191,-0.31257047216485134,1.8746063977082938,10387,0.20793962203715566,16.71556749173139,-17.030725791084684,1,0,0
2012_MS,2012,MS,Historical Democratic nominee,Historical Republican nominee,R,Safe,-13.463861985727668,-13.283861985727668,-13.463861985727668,-13.463861985727668,0.07958676653812556,1.0,0.95,1.0,0.0,1.289762768884263,0.0,-13.458430901615602,-15.592276198884596,-13.462490422488326,-11.310810186772631,0,0.0,-16.99449259042794,3.5306306047002707,0,0,1
2012_MT,2012,MT,Historical Democratic nominee,Historical Republican nominee,D,Toss-up,-2.518806567881463,-2.3388065678814627,-2.518806567881463,-2.518806567881463,0.3874687335339419,1.0,1.1,1.0,0.0,1.4934095218659889,0.22162,-2.5018313334549043,-4.690765069865312,-2.5341137088281664,-0.29744753318106365,8269,0.16553891736066623,3.979091713748474,-6.497898281629936,1,0,0
2012_ND,2012,ND,Historical Democratic nominee,Historical Republican nominee,D,Likely,-8.99731256393624,-8.817312563936241,-8.99731256393624,-8.99731256393624,0.163027132221884,1.0,1.0,1.0,0.0,1.3576450198781715,0.00232,-8.977652817173704,-11.144335105007647,-8.967073631301982,-6.81431282498454,94,0.001881806534272902,0.9182518186765378,-9.915564382612779,1,0,0
2012_NE,2012,NE,Historical Democratic nominee,Historical Republican nominee,D,Safe,-15.39814884433128,-15.218148844331282,-15.398148844331281,-15.39814884433128,0.05734236642031463,1.0,0.95,1.0,0.0,1.289762768884263,0.0,-15.397666762194072,-17.548886212844053,-15.402192387087233,-13.249612182740346,0,0.0,-15.548865544300329,0.15071669996904902,0,0,1
2012_NJ,2012,NJ,Historical Democratic nominee,Historical Republican nominee,D,Safe,15.5492597428479,15.7292597428479,15.5492597428479,15.5492597428479,0.9441248214500487,1.0,0.95,1.0,0.0,1.289762768884263,1.0,15.567777556146519,13.42961590531685,15.57887371930373,17.699990692104045,0,0.0,19.840323838015877,-4.291064095167977,1,1,1
2012_NM,2012,NM,Historical Democratic nominee,Historical Republican nominee,D,Safe,15.149800037595176,15.329800037595176,15.149800037595176,15.149800037595176,0.9401675021630248,1.0,0.95,1.0,0.0,1.289762768884263,1.0,15.15814467125612,13.027155821083916,15.14392403089324,17.315977055717468,0,0.0,5.95158887087554,9.198211166719636,1,1,1
2012_NV,2012,NV,Historical Democratic nominee,Historical Republican nominee,R,Safe,12.593476250392207,12.773476250392209,12.593476250392209,12.593476250392207,0.9080223144660221,1.0,0.95,1.0,0.0,1.289762768884263,0.99996,12.602507434919975,10.466721946647958,12.616907760143928,14.744123623373206,30,0.0006005765534913517,-1.2809050430656723,13.87438129345788,0,1,0
2012_NY,2012,NY,Historical Democratic nominee,Historical Republican nominee,D,Safe,31.34771475956852,31.52771475956852,31.34771475956852,31.34771475956852,0.9966638114216592,1.0,0.95,1.0,0.0,1.289762768884263,1.0,31.355940861769103,29.214175383138056,31.36049353149368,33.49299267387592,0,0.0,46.51511255351639,-15.167397793947867,1,1,1
2012_OH,2012,OH,Historical Democratic nominee,Historical Republican nominee,D,Lean,4.487681524508254,4.667681524508254,4.487681524508254,4.487681524508254,0.6933742812991179,1.0,1.05,1.0,0.0,1.42552727087208,0.91872,4.508079539354702,2.3165087348506477,4.4955879377015675,6.687095400083691,6511,0.13034513132607303,6.2899714181396575,-1.8022898936314036,1,1,1
2012_PA,2012,PA,Historical Democratic nominee,Historical Republican nominee,D,Likely,10.279407630968896,10.459407630968895,10.279407630968896,10.279407630968896,0.8663405820428014,1.0,1.0,1.0,0.0,1.3576450198781715,0.9993,10.289236522783233,8.134650222074649,10.28839488349644,12.438566796733069,516,0.01032991672005125,9.261954081514574,1.0174535494543218,1,1,1
2012_RI,2012,RI,Historical Democratic nominee,Historical Republican nominee,D,Safe,28.21627501829155,28.39627501829155,28.21627501829155,28.21627501829155,0.9941195946625594,1.0,0.95,1.0,0.0,1.289762768884263,1.0,28.234543889388867,26.104390851319575,28.226104038201893,30.344341166107714,0,0.0,29.912571658646016,-1.6962966403544648,1,1,1
2012_TN,2012,TN,Historical Democratic nominee,Historical Republican nominee,R,Safe,-15.442943604708924,-15.262943604708925,-15.442943604708924,-15.442943604708924,0.05690370562422416,1.0,0.95,1.0,0.0,1.289762768884263,0.0,-15.424933711942394,-17.56742491876711,-15.416331379112918,-13.283340380311985,0,0.0,-36.186410224537525,20.743466619828602,0,0,1
2012_TX,2012,TX,Historical Democratic nominee,Historical Republican nominee,R,Safe,-12.05187350188144,-11.87187350188144,-12.05187350188144,-12.05187350188144,0.10053902310420453,1.0,0.95,1.0,0.0,1.289762768884263,2e-05,-12.051626869860257,-14.201643664181722,-12.037804975539185,-9.929334967038251,1,2.0019218449711722e-05,-16.309097081569973,4.257223579688533,0,0,1
2012_UT,2012,UT,Historical Democratic nominee,Historical Republican nominee,R,Safe,-29.23272274548014,-29.05272274548014,-29.23272274548014,-29.23272274548014,0.004893020243542504,1.0,0.95,1.0,0.0,1.289762768884263,0.0,-29.223867348636542,-31.376361100039627,-29.229344633339764,-27.087311536426213,0,0.0,-37.07577325658352,7.843050511103378,0,0,1
2012_VA,2012,VA,Historical Democratic nominee,Historical Republican nominee,D,Lean,6.185168812255107,6.3651688122551064,6.185168812255107,6.185168812255107,0.7548365579386889,1.0,1.05,1.0,0.0,1.42552727087208,0.97268,6.203111042302155,4.013750023093735,6.20429408445776,8.37102921103305,3778,0.07563260730301088,5.9153880181019645,0.26978079415314227,1,1,1
2012_VT,2012,VT,Historical Democratic nominee,Historical Republican nominee,D,Safe,37.61836347867621,37.79836347867621,37.61836347867621,37.61836347867621,0.998930722722201,1.0,0.95,1.0,0.0,1.289762768884263,1.0,37.63922994643745,35.49349456050071,37.638446823220406,39.79656812901001,0,0.0,48.06836072464077,-10.44999724596456,1,1,1
2012_WA,2012,WA,Historical Democratic nominee,Historical Republican nominee,D,Safe,17.3240536042179,17.5040536042179,17.3240536042179,17.3240536042179,0.9589019411496463,1.0,0.95,1.0,0.0,1.289762768884263,1.0,17.34678879750897,15.20971649724315,17.3533029830867,19.472886557451247,0,0.0,20.901982363426015,-3.5779287592081133,1,1,1
2012_WI,2012,WI,Historical Democratic nominee,Historical Republican nominee,D,Safe,13.931356495636829,14.111356495636826,13.931356495636827,13.931356495636829,0.9264213266654975,1.0,0.95,1.0,0.0,1.289762768884263,1.0,13.940491021525625,11.789949005105337,13.935123630546261,16.075382893362104,4,8.007687379884689e-05,5.704300652835613,8.227055842801215,1,1,1
2012_WV,2012,WV,Historical Democratic nominee,Historical Republican nominee,D,Safe,-13.527487534274508,-13.347487534274508,-13.527487534274508,-13.527487534274508,0.07874346927393122,1.0,0.95,1.0,0.0,1.289762768884263,0.0,-13.51481648236379,-15.678422068190603,-13.53080622659987,-11.364774691735448,0,0.0,24.834513060240212,-38.36200059451472,1,0,0
2012_WY,2012,WY,Historical Democratic nominee,Historical Republican nominee,R,Safe,-33.304046710191834,-33.124046710191834,-33.304046710191834,-33.304046710191834,0.0023399542145851513,1.0,0.95,1.0,0.0,1.289762768884263,0.0,-33.29634651593868,-35.43789163016627,-33.29479292853421,-31.14550222380048,0,0.0,-55.496518640696024,22.19247193050419,0,0,1
2014_AK,2014,AK,Historical Democratic nominee,Historical Republican nominee,D,Safe,-16.79058096312075,-14.63058096312075,-16.79058096312075,-16.79058096312075,0.04509532645376681,1.0,0.95,1.0,0.0,1.289762768884263,0.0,-16.81346439901615,-18.945502498380765,-16.817212794829658,-14.68900422088248,0,0.0,-2.2704963832132705,-14.52008457990748,0,0,1
2014_AR,2014,AR,Historical Democratic nominee,Historical Republican nominee,D,Safe,-26.46881070245924,-24.30881070245924,-26.46881070245924,-26.46881070245924,0.008061903267421237,1.0,0.95,1.0,0.0,1.289762768884263,0.0,-26.476657100627143,-28.607678571449483,-26.487387555459925,-24.340953850720574,0,0.0,-17.791666102906177,-8.677144599553063,0,0,1
2014_CO,2014,CO,Historical Democratic nominee,Historical Republican nominee,D,Lean,3.3359766284050316,5.495976628405032,3.3359766284050316,3.3359766284050316,0.6471514010719103,1.0,1.05,1.0,0.0,1.42552727087208,0.84854,3.3199611779560674,1.1565927132523621,3.3258718954419964,5.49776168832621,0,0.0,-2.0584058661040388,5.39438249450907,0,1,0
2014_DE,2014,DE,Historical Democratic nominee,Historical Republican nominee,D,Safe,16.73390983855633,18.89390983855633,16.73390983855633,16.73390983855633,0.9544588866748741,1.0,0.95,1.0,0.0,1.289762768884263,1.0,16.718439931712698,14.587134103079984,16.719543721191602,18.8514172276527,0,0.0,13.871482233591024,2.862427604965305,1,1,1
2014_GA,2014,GA,Historical Democratic nominee,Historical Republican nominee,R,Likely,-10.073298196113443,-7.913298196113445,-10.073298196113445,-10.073298196113443,0.1380586346617833,1.0,1.0,1.0,0.0,1.3576450198781715,0.00062,-10.080862514344767,-12.234548198238828,-10.080781387681018,-7.936509856552698,0,0.0,-7.831874164069305,-2.2414240320441383,0,0,1
2014_HI,2014,HI,Historical Democratic nominee,Historical Republican nominee,D,Safe,41.247697002148826,43.40769700214883,41.247697002148826,41.247697002148826,0.999446989979363,1.0,0.95,1.0,0.0,1.289762768884263,1.0,41.21623264053313,39.06865469635539,41.233454729286215,43.35939654405355,0,0.0,43.157412428624866,-1.9097154264760405,1,1,1
2014_IA,2014,IA,Historical Democratic nominee,Historical Republican nominee,D,Lean,3.758703856200352,5.918703856200352,3.758703856200352,3.758703856200352,0.6644972755338425,1.0,1.05,1.0,0.0,1.42552727087208,0.87404,3.733696006866158,1.56329984684824,3.7348780778206434,5.914527789682774,0,0.0,-8.698964398007291,12.457668254207643,0,1,0
2014_ID,2014,ID,Historical Democratic nominee,Historical Republican nominee,R,Safe,-35.002773687150665,-32.84277368715067,-35.002773687150665,-35.002773687150665,0.0017192598339936544,1.0,0.95,1.0,0.0,1.289762768884263,0.0,-35.021190154240756,-37.153714886672,-35.01037979788937,-32.8708522331097,0,0.0,-30.65672392890638,-4.346049758244284,0,0,1
2014_IL,2014,IL,Historical Democratic nominee,Historical Republican nominee,D,Safe,14.995046784233818,17.155046784233818,14.995046784233818,14.995046784233818,0.9385649847096776,1.0,0.95,1.0,0.0,1.289762768884263,1.0,14.981006078008976,12.829318439054191,14.990220957549983,17.111111628427956,0,0.0,11.27730879697269,3.7177379872611276,1,1,1
2014_KS,2014,KS,Historical Democratic nominee,Historical Republican nominee,R,Safe,-24.38665349050611,-22.22665349050611,-24.38665349050611,-24.38665349050611,0.011728484723662556,1.0,0.95,1.0,0.0,1.289762768884263,0.0,-24.402357893292713,-26.539549465103132,-24.387431993926803,-22.273621441447734,0,0.0,-11.098776187913444,-13.287877302592666,0,0,1
2014_KY,2014,KY,Historical Democratic nominee,Historical Republican nominee,R,Safe,-25.24554478760982,-23.08554478760982,-25.24554478760982,-25.24554478760982,0.010049828381292623,1.0,0.95,1.0,0.0,1.289762768884263,0.0,-25.2575106291299,-27.395594354852282,-25.26831398483705,-23.13961114767252,0,0.0,-15.960574494155525,-9.284970293454295,0,0,1
2014_LA,2014,LA,Historical Democratic nominee,Historical Republican nominee,D,Safe,-19.65365122822796,-17.49365122822796,-19.65365122822796,-19.65365122822796,0.0272946331494511,1.0,0.95,1.0,0.0,1.289762768884263,0.0,-19.67200532815861,-21.802201893511878,-19.672163307586494,-17.5327575775216,0,0.0,-4.61783687567376,-15.035814352554201,0,0,1
2014_MA,2014,MA,Historical Democratic nominee,Historical Republican nominee,D,Safe,21.411361498120012,23.571361498120012,21.411361498120012,21.411361498120012,0.9800226160510587,1.0,0.95,1.0,0.0,1.289762768884263,1.0,21.40061093903326,19.26259476534154,21.404969634703434,23.512353713595292,0,0.0,23.920238014039143,-2.5088765159191304,1,1,1
2014_ME,2014,ME,Historical Democratic nominee,Historical Republican nominee,R,Safe,13.55984278715422,15.71984278715422,13.55984278715422,13.55984278715422,0.9216822281928272,1.0,0.95,1.0,0.0,1.289762768884263,1.0,13.542698222737286,11.412615116242941,13.542112412940668,15.672015418303658,0,0.0,-36.97684009679358,50.536682883947805,0,1,0
2014_MI,2014,MI,Historical Democratic nominee,Historical Republican nominee,D,Likely,7.441064142355751,9.601064142355751,7.441064142355751,7.441064142355751,0.7946067253914325,1.0,1.0,1.0,0.0,1.3576450198781715,0.98998,7.421542020853496,5.277041342313022,7.420176705969537,9.562156303105159,0,0.0,13.847021920547816,-6.4059577781920645,1,1,1
2014_MN,2014,MN,Historical Democratic nominee,Historical Republican nominee,D,Lean,5.722452923396386,7.882452923396386,5.722452923396386,5.722452923396386,0.7389360502305407,1.0,1.05,1.0,0.0,1.42552727087208,0.9615,5.708406288391217,3.536345444529665,5.6913999007563945,7.8795064642684345,0,0.0,10.663790458498127,-4.9413375351017415,1,1,1
2014_MS,2014,MS,Historical Democratic nominee,Historical Republican nominee,R,Safe,-13.76379839757556,-11.60379839757556,-13.76379839757556,-13.76379839757556,0.0756824908887162,1.0,0.95,1.0,0.0,1.289762768884263,0.0,-13.77282637121539,-15.929220574415416,-13.76515047108052,-11.617074060212131,0,0.0,-22.50161833247023,8.73781993489467,0,0,1
2014_MT,2014,MT,Historical Democratic nominee,Historical Republican nominee,D,Safe,-16.228463727762918,-14.068463727762918,-16.228463727762918,-16.228463727762918,0.049706755371576115,1.0,0.95,1.0,0.0,1.289762768884263,0.0,-16.250754547948585,-18.39199052505313,-16.234573535730874,-14.140836155293918,0,0.0,-18.106180556131235,1.8777168283683174,0,0,1
2014_NC,2014,NC,Historical Democratic nominee,Historical Republican nominee,D,Lean,-4.2280698060100015,-2.0680698060100013,-4.2280698060100015,-4.2280698060100015,0.3167517402048228,1.0,1.05,1.0,0.0,1.42552727087208,0.09312,-4.250744637858878,-6.439454874617995,-4.246380545598317,-2.081719542828865,0,0.0,-1.6283279362778558,-2.5997418697321457,0,0,1
2014_NE,2014,NE,Historical Democratic nominee,Historical Republican nominee,R,Safe,-24.41878053645073,-22.25878053645073,-24.41878053645073,-24.41878053645073,0.011660971607137267,1.0,0.95,1.0,0.0,1.289762768884263,0.0,-24.43622271793167,-26.57920198315287,-24.43120693501758,-22.305582620342093,0,0.0,-34.283832564319965,9.865052027869236,0,0,1
2014_NH,2014,NH,Historical Democratic nominee,Historical Republican nominee,D,Lean,3.5075039565162136,5.667503956516214,3.5075039565162136,3.5075039565162136,0.654239689693192,1.0,1.05,1.0,0.0,1.42552727087208,0.85996,3.4848249962976428,1.3271734193230507,3.485882570725242,5.634186028360925,0,0.0,3.255085493010725,0.2524184635054887,1,1,1
2014_NJ,2014,NJ,Historical Democratic nominee,Historical Republican nominee,D,Safe,15.743931101171553,17.90393110117155,15.743931101171551,15.743931101171553,0.945962921707446,1.0,0.95,1.0,0.0,1.289762768884263,1.0,15.723071116228525,13.5838966567866,15.729189571621891,17.85585431747519,0,0.0,13.76275567892334,1.9811754222482136,1,1,1
2014_NM,2014,NM,Historical Democratic nominee,Historical Republican nominee,D,Likely,8.430409293817387,10.590409293817387,8.430409293817387,8.430409293817387,0.8224158651144847,1.0,1.0,1.0,0.0,1.3576450198781715,0.99542,8.410677875187702,6.2556528815192625,8.420315104863024,10.559127300730724,0,0.0,11.11762035747401,-2.6872110636566227,1,1,1
2014_OK_REGULAR,2014,OK,Historical Democratic nominee,Historical Republican nominee,R,Safe,-35.704639486033116,-33.54463948603311,-35.704639486033116,-35.704639486033116,0.0015135954346336983,1.0,0.95,1.0,0.0,1.289762768884263,0.0,-35.73081422997864,-37.8683089978478,-35.730104236637274,-33.60526572566516,0,0.0,-40.86688126914103,5.162241783107916,0,0,1
2014_OK_SPECIAL,2014,OK,Historical Democratic nominee,Historical Republican nominee,R,Safe,-35.704639486033116,-33.54463948603311,-35.704639486033116,-35.704639486033116,0.0015135954346336983,1.0,0.95,1.0,0.0,1.289762768884263,0.0,-35.72193539816813,-37.84175765907284,-35.72895924546329,-33.59989697526835,0,0.0,-40.13951001666823,4.434870530635116,0,0,1
2014_OR,2014,OR,Historical Democratic nominee,Historical Republican nominee,D,Likely,10.382334357494768,12.542334357494768,10.382334357494768,10.382334357494768,0.8684927387118264,1.0,1.0,1.0,0.0,1.3576450198781715,0.99948,10.366197209473297,8.210252287754853,10.344144716475242,12.499768613061564,0,0.0,20.370419629609927,-9.988085272115159,1,1,1
2014_RI,2014,RI,Historical Democratic nominee,Historical Republican nominee,D,Safe,25.873491957764248,28.033491957764248,25.873491957764248,25.873491957764248,0.9910247726404976,1.0,0.95,1.0,0.0,1.289762768884263,1.0,25.854011052974577,23.7278745428777,25.84723492257453,27.953758390052062,0,0.0,41.40580795867984,-15.53231600091559,1,1,1
2014_SC_REGULAR,2014,SC,Historical Democratic nominee,Historical Republican nominee,R,Safe,-12.776509409130744,-10.616509409130742,-12.776509409130743,-12.776509409130744,0.08923580099165353,1.0,0.95,1.0,0.0,1.289762768884263,0.0,-12.78933086979504,-14.915897812396794,-12.80062410397042,-10.647471542026475,0,0.0,-16.640291747625824,3.8637823384950796,0,0,1
2014_SC_SPECIAL,2014,SC,Historical Democratic nominee,Historical Republican nominee,R,Safe,-12.776509409130744,-10.616509409130742,-12.776509409130743,-12.776509409130744,0.08923580099165353,1.0,0.95,1.0,0.0,1.289762768884263,0.0,-12.784444219458715,-14.922575136167326,-12.804835278715899,-10.65419307938362,0,0.0,-24.46026374139339,11.683754332262646,0,0,1
2014_SD,2014,SD,Historical Democratic nominee,Historical Republican nominee,D,Safe,-20.596998276390483,-18.436998276390483,-20.596998276390483,-20.596998276390483,0.023091942860331872,1.0,0.95,1.0,0.0,1.289762768884263,0.0,-20.615876609336095,-22.757384093313128,-20.621488372776476,-18.49063309979511,0,0.0,-26.113702245101862,5.516703968711379,0,0,1
2014_TN,2014,TN,Historical Democratic nominee,Historical Republican nominee,R,Safe,-22.8621430525881,-20.7021430525881,-22.8621430525881,-22.8621430525881,0.015416910780989933,1.0,0.95,1.0,0.0,1.289762768884263,0.0,-22.87356558706061,-25.02670842624208,-22.87726790509612,-20.738308095933117,0,0.0,-32.00774883825659,9.14560578566849,0,0,1
2014_TX,2014,TX,Historical Democratic nominee,Historical Republican nominee,R,Safe,-18.175794430212765,-16.015794430212765,-18.175794430212765,-18.175794430212765,0.03541064822295554,1.0,0.95,1.0,0.0,1.289762768884263,0.0,-18.187191976884467,-20.33808272385379,-18.190792566888245,-16.045831719960532,0,0.0,-28.350913831561822,10.175119401349058,0,0,1
2014_VA,2014,VA,Historical Democratic nominee,Historical Republican nominee,D,Toss-up,1.7747533775289632,3.9347533775289634,1.7747533775289632,1.7747533775289632,0.5799778419864158,1.0,1.1,1.0,0.0,1.4934095218659889,0.70584,1.7710559523175695,-0.4169189725859442,1.775821183362738,3.9658165395880474,0,0.0,0.8324071060998648,0.9423462714290984,1,1,1
2014_WV,2014,WV,Historical Democratic nominee,Historical Republican nominee,D,Safe,-29.508595264085475,-27.348595264085475,-29.508595264085475,-29.508595264085475,0.004654760745889448,1.0,0.95,1.0,0.0,1.289762768884263,0.0,-29.519163915301863,-31.657615468903455,-29.52129643784485,-27.37625769218411,0,0.0,-28.63206901273449,-0.8765262513509846,0,0,1
2014_WY,2014,WY,Historical Democratic nominee,Historical Republican nominee,R,Safe,-44.48126802304285,-42.32126802304285,-44.481268023042844,-44.48126802304285,0.0003072617444385368,1.0,0.95,1.0,0.0,1.289762768884263,0.0,-44.491431649230236,-46.631928782830926,-44.48534285933881,-42.350804357304625,0,0.0,-61.07227806083574,16.59101003779289,0,0,1
2016_AK,2016,AK,Historical Democratic nominee,Historical Republican nominee,R,Safe,-14.09058096312075,-14.63058096312075,-14.09058096312075,-14.09058096312075,0.0716295057877501,1.0,0.95,1.0,0.0,1.289762768884263,0.0,-14.062529991100988,-16.188819058457437,-14.07442123616771,-11.93273305921599,0,0.0,-58.47409506220282,44.38351409908207,0,0,1
2016_AL,2016,AL,Historical Democratic nominee,Historical Republican nominee,R,Safe,-21.892457066875416,-22.432457066875415,-21.892457066875416,-21.892457066875416,0.01833484824652521,1.0,0.95,1.0,0.0,1.289762768884263,0.0,-21.87166264255687,-24.027761168029585,-21.8629650234319,-19.74119895083946,0,0.0,-28.14048093566937,6.248023868793954,0,0,1
2016_AR,2016,AR,Historical Democratic nominee,Historical Republican nominee,R,Safe,-23.76881070245924,-24.30881070245924,-23.76881070245924,-23.76881070245924,0.013104584436558459,1.0,0.95,1.0,0.0,1.289762768884263,0.0,-23.75706620745939,-25.89696323882339,-23.768047688301788,-21.642334044392744,0,0.0,-24.598667778419824,0.8298570759605823,0,0,1
2016_AZ,2016,AZ,Historical Democratic nominee,Historical Republican nominee,R,Likely,-8.686760447406375,-9.226760447406376,-8.686760447406375,-8.686760447406375,0.17087891631550337,1.0,1.0,1.0,0.0,1.3576450198781715,0.00322,-8.664093604172255,-10.815624188408643,-8.664343813777705,-6.521037431200773,105,0.006741573033707865,-13.721830302462408,5.035069855056033,0,0,1
2016_CO,2016,CO,Historical Democratic nominee,Historical Republican nominee,D,Lean,6.035976628405032,5.495976628405032,6.035976628405032,6.035976628405032,0.7497820631027942,1.0,1.05,1.0,0.0,1.42552727087208,0.97032,6.052732891521053,3.8709792748362197,6.062388123015017,8.228731616267034,0,0.0,6.008906322746697,0.027070305658335236,1,1,1
2016_CT,2016,CT,Historical Democratic nominee,Historical Republican nominee,D,Safe,18.08515495381419,17.54515495381419,18.08515495381419,18.08515495381419,0.9640221219547782,1.0,0.95,1.0,0.0,1.289762768884263,1.0,18.110412639326242,15.98371986727828,18.11532844671209,20.22438516627234,0,0.0,29.211732267578704,-11.126577313764514,1,1,1
2016_FL,2016,FL,Historical Democratic nominee,Historical Republican nominee,R,Toss-up,1.4245042787324644,0.8845042787324644,1.4245042787324644,1.4245042787324644,0.5643906450460177,1.0,1.1,1.0,0.0,1.4934095218659889,0.67008,1.4450783558263531,-0.7527782000400927,1.4452674641114138,3.6471019457761735,1655,0.10626003210272873,-7.961156507461695,9.385660786194158,0,1,0
2016_GA,2016,GA,Historical Democratic nominee,Historical Republican nominee,R,Likely,-7.373298196113445,-7.913298196113445,-7.373298196113445,-7.373298196113445,0.207411460012176,1.0,1.0,1.0,0.0,1.3576450198781715,0.01024,-7.3558506351747734,-9.503759691524431,-7.3498208697539535,-5.226891177434377,386,0.02478330658105939,-14.35083409806154,6.977535901948095,0,0,1
2016_HI,2016,HI,Historical Democratic nominee,Historical Republican nominee,D,Safe,43.94769700214883,43.40769700214883,43.94769700214883,43.94769700214883,0.9996614466851158,1.0,0.95,1.0,0.0,1.289762768884263,1.0,43.969714766471974,41.83380926914633,43.95843647841852,46.09847479682513,0,0.0,53.58728838818104,-9.639591386032208,1,1,1
2016_IA,2016,IA,Historical Democratic nominee,Historical Republican nominee,R,Lean,6.458703856200352,5.918703856200352,6.458703856200352,6.458703856200352,0.7639231472128871,1.0,1.05,1.0,0.0,1.42552727087208,0.97816,6.470888551794501,4.30925484029806,6.465216428368612,8.635241705747942,1,6.420545746388443e-05,-25.52053011012785,31.979233966328202,0,1,0
2016_ID,2016,ID,Historical Democratic nominee,Historical Republican nominee,R,Safe,-32.30277368715067,-32.84277368715067,-32.30277368715067,-32.30277368715067,0.002805870655725589,1.0,0.95,1.0,0.0,1.289762768884263,0.0,-32.284837396971874,-34.4211977168159,-32.27456658477287,-30.181970163643136,0,0.0,-40.919804288946835,8.617030601796166,0,0,1
2016_IL,2016,IL,Historical Democratic nominee,Historical Republican nominee,R,Safe,17.695046784233817,17.155046784233818,17.695046784233817,17.695046784233817,0.9614794465436045,1.0,0.95,1.0,0.0,1.289762768884263,1.0,17.706676629437695,15.585036367779649,17.68582620883042,19.840574462592382,0,0.0,15.935102754485117,1.7599440297487003,1,1,1
2016_IN,2016,IN,Historical Democratic nominee,Historical Republican nominee,R,Likely,-9.860749194654607,-10.400749194654608,-9.860749194654609,-9.860749194654607,0.14272200994356213,1.0,1.0,1.0,0.0,1.3576450198781715,0.00104,-9.84194794415645,-11.998620576374371,-9.843681883987932,-7.714653942888749,30,0.0019261637239165329,-10.261338057669208,0.40058886301460106,0,0,1
2016_KS,2016,KS,Historical Democratic nominee,Historical Republican nominee,R,Safe,-21.68665349050611,-22.22665349050611,-21.68665349050611,-21.68665349050611,0.019020617737797504,1.0,0.95,1.0,0.0,1.289762768884263,0.0,-21.66556476550389,-23.79460623587124,-21.673697752034776,-19.5522823180201,0,0.0,-31.70856277582555,10.021909285319438,0,0,1
2016_KY,2016,KY,Historical Democratic nominee,Historical Republican nominee,R,Safe,-22.54554478760982,-23.08554478760982,-22.54554478760982,-22.54554478760982,0.01631549483139704,1.0,0.95,1.0,0.0,1.289762768884263,0.0,-22.527317546244102,-24.66929927265577,-22.546849093112385,-20.399069000467726,0,0.0,-14.549104429230924,-7.996440358378896,0,0,1
2016_LA,2016,LA,Historical Democratic nominee,Historical Republican nominee,R,Safe,-16.95365122822796,-17.49365122822796,-16.95365122822796,-16.95365122822796,0.04383566499441703,1.0,0.95,1.0,0.0,1.289762768884263,0.0,-16.93052171414748,-19.06006904266136,-16.920073170565164,-14.806123642354706,0,0.0,-21.30922040210089,4.355569173872929,0,0,1
2016_MD,2016,MD,Historical Democratic nominee,Historical Republican nominee,D,Safe,27.18345157381196,26.64345157381196,27.183451573811958,27.18345157381196,0.9929134560641647,1.0,0.95,1.0,0.0,1.289762768884263,1.0,27.207794694560548,25.06318269158342,27.19386158788966,29.331385494167,0,0.0,26.11051851041458,1.0729330633973824,1,1,1
2016_MO,2016,MO,Historical Democratic nominee,Historical Republican nominee,R,Likely,-9.017333506759948,-9.557333506759946,-9.017333506759947,-9.017333506759948,0.162531042499782,1.0,1.0,1.0,0.0,1.3576450198781715,0.00238,-8.996356846754919,-11.142756554297065,-8.999668850307323,-6.860803898547596,81,0.005200642054574639,-2.921537575905546,-6.095795930854402,0,0,1
2016_NC,2016,NC,Historical Democratic nominee,Historical Republican nominee,R,Toss-up,-1.5280698060100013,-2.0680698060100013,-1.5280698060100013,-1.5280698060100013,0.4309856462689837,1.0,1.1,1.0,0.0,1.4934095218659889,0.32126,-1.499546137046042,-3.696570382269323,-1.509061826945806,0.6660845545209497,13170,0.845585874799358,-5.907120107897768,4.379050301887767,0,0,1
2016_ND,2016,ND,Historical Democratic nominee,Historical Republican nominee,R,Safe,-19.682416577823453,-20.222416577823452,-19.682416577823453,-19.682416577823453,0.027156119624644297,1.0,0.95,1.0,0.0,1.289762768884263,0.0,-19.664016932023134,-21.795711649546984,-19.658754255064554,-17.53403140025071,0,0.0,-64.44460759121944,44.762191013395984,0,0,1
2016_NH,2016,NH,Historical Democratic nominee,Historical Republican nominee,R,Lean,6.207503956516214,5.667503956516214,6.207503956516214,6.207503956516214,0.7555872898968836,1.0,1.05,1.0,0.0,1.42552727087208,0.97398,6.211395413307357,4.033750879683892,6.218429226964425,8.383241037465611,3,0.0001926163723916533,0.1435870791394933,6.0639168773767205,1,1,1
2016_NV,2016,NV,Historical Democratic nominee,Historical Republican nominee,D,Likely,7.355084326693068,6.815084326693068,7.355084326693068,7.355084326693068,0.7920436100372645,1.0,1.0,1.0,0.0,1.3576450198781715,0.98994,7.3747671065836595,5.222479988260025,7.3666315858225335,9.520175960849759,0,0.0,2.646319389070399,4.708764937622669,1,1,1
2016_NY,2016,NY,Historical Democratic nominee,Historical Republican nominee,D,Safe,32.62538974055478,32.08538974055478,32.62538974055478,32.62538974055478,0.9973535575014397,1.0,0.95,1.0,0.0,1.289762768884263,1.0,32.6470556469248,30.518010323129843,32.628488497765986,34.756380804873544,0,0.0,44.42624578533713,-11.80085604478235,1,1,1
2016_OH,2016,OH,Historical Democratic nominee,Historical Republican nominee,R,Lean,3.5681135384989853,3.0281135384989852,3.5681135384989853,3.5681135384989853,0.6567282529832307,1.0,1.05,1.0,0.0,1.42552727087208,0.86834,3.58648546299355,1.4415154989537382,3.571827990373892,5.75754780194431,115,0.007383627608346709,-21.926780992967423,25.494894531466407,0,1,0
2016_OK,2016,OK,Historical Democratic nominee,Historical Republican nominee,R,Safe,-33.00463948603311,-33.54463948603311,-33.00463948603311,-33.00463948603311,0.002470543423154701,1.0,0.95,1.0,0.0,1.289762768884263,0.0,-32.97763557246022,-35.10733250085115,-32.989976728497226,-30.833601011232233,0,0.0,-46.751914829634586,13.747275343601473,0,0,1
2016_OR,2016,OR,Historical Democratic nominee,Historical Republican nominee,D,Safe,13.08233435749477,12.542334357494768,13.08233435749477,13.08233435749477,0.9151813074867127,1.0,0.95,1.0,0.0,1.289762768884263,1.0,13.100933889447584,10.97599210911359,13.082674702409719,15.249213618711108,0,0.0,25.851642016256463,-12.769307658761694,1,1,1
2016_PA,2016,PA,Historical Democratic nominee,Historical Republican nominee,R,Lean,6.003868003783659,5.463868003783659,6.003868003783659,6.003868003783659,0.7486852187117192,1.0,1.05,1.0,0.0,1.42552727087208,0.97038,6.025519857256806,3.837781462645008,6.033337780576287,8.203293285499502,1,6.420545746388443e-05,-1.490360364975828,7.4942283687594875,0,1,0
2016_SC,2016,SC,Historical Democratic nominee,Historical Republican nominee,R,Likely,-10.076509409130743,-10.616509409130742,-10.076509409130743,-10.076509409130743,0.13798917127645233,1.0,1.0,1.0,0.0,1.3576450198781715,0.00088,-10.069504501220198,-12.221914274991434,-10.069146227276434,-7.9342799491373075,28,0.0017977528089887641,-24.245946350276768,14.169436941146024,0,0,1
2016_SD,2016,SD,Historical Democratic nominee,Historical Republican nominee,R,Safe,-17.896998276390484,-18.436998276390483,-17.896998276390484,-17.896998276390484,0.037183429907864704,1.0,0.95,1.0,0.0,1.289762768884263,0.0,-17.8845216605181,-20.02021516565414,-17.885022434609766,-15.766922260613288,0,0.0,-43.65572315882875,25.758724882438266,0,0,1
2016_UT,2016,UT,Historical Democratic nominee,Historical Republican nominee,R,Safe,-48.71237779029496,-49.25237779029496,-48.71237779029496,-48.71237779029496,0.00014239034512757352,1.0,0.95,1.0,0.0,1.289762768884263,0.0,-48.694547806755736,-50.84753481617335,-48.7037665225609,-46.563397593231024,0,0.0,-43.157093923421826,-5.555283866873133,0,0,1
2016_VT,2016,VT,Historical Democratic nominee,Historical Republican nominee,D,Safe,37.03451765278124,36.49451765278124,37.03451765278124,37.03451765278124,0.9988111136588006,1.0,0.95,1.0,0.0,1.289762768884263,1.0,37.048218729549546,34.90946226920544,37.03887739149829,39.17386737102378,0,0.0,29.946599972962012,7.087917679819228,1,1,1
2016_WA,2016,WA,Historical Democratic nominee,Historical Republican nominee,D,Safe,15.796596541243694,15.256596541243695,15.796596541243694,15.796596541243694,0.9464503099669107,1.0,0.95,1.0,0.0,1.289762768884263,1.0,15.811288411571681,13.674090741892854,15.81038157744593,17.94425234858634,0,0.0,18.026020891574888,-2.2294243503311932,1,1,1
2016_WI,2016,WI,Historical Democratic nominee,Historical Republican nominee,R,Likely,7.466859965744825,6.926859965744825,7.466859965744825,7.466859965744825,0.7953711324590034,1.0,1.0,1.0,0.0,1.3576450198781715,0.99036,7.490073782474141,5.344394828047844,7.4734916770324205,9.63597680127433,0,0.0,-3.4665288484603565,10.93338881420518,0,1,0
2018_AZ,2018,AZ,Historical Democratic nominee,Historical Republican nominee,R,Toss-up,2.791759107726598,-3.778240892273402,2.791759107726598,2.791759107726598,0.6242419461676145,1.0,1.1,1.0,0.0,1.4934095218659889,0.80086,2.782318293608987,0.5566005275036793,2.796730251960592,5.008949547638007,18697,0.3816415259945704,2.402957486136785,0.38880162158981335,1,1,1
2018_CT,2018,CT,Historical Democratic nominee,Historical Republican nominee,D,Safe,20.85309503452728,14.283095034527278,20.85309503452728,20.85309503452728,0.9779354587793594,1.0,0.95,1.0,0.0,1.289762768884263,1.0,20.851731702935854,18.710682260338544,20.832280476447856,23.003287337579792,0,0.0,20.408576995776254,0.44451803875102414,1,1,1
2018_DE,2018,DE,Historical Democratic nominee,Historical Republican nominee,D,Safe,18.567242887362447,11.997242887362448,18.567242887362447,18.567242887362447,0.9669415979817817,1.0,0.95,1.0,0.0,1.289762768884263,1.0,18.55907278003656,16.41475533172275,18.561304921577896,20.708346728943177,0,0.0,22.639007988446096,-4.071765101083649,1,1,1
2018_FL,2018,FL,Historical Democratic nominee,Historical Republican nominee,D,Lean,5.3323290544490405,-1.2376709455509598,5.3323290544490405,5.3323290544490405,0.7250226915532744,1.0,1.05,1.0,0.0,1.42552727087208,0.95018,5.34016735358763,3.1715876998889883,5.342867084793982,7.509931674130708,4923,0.10048784470617052,-0.1225183560779328,5.454847410526973,0,1,0
2018_HI,2018,HI,Historical Democratic nominee,Historical Republican nominee,D,Safe,41.452674901070914,34.882674901070914,41.452674901070914,41.452674901070914,0.9994672098436098,1.0,0.95,1.0,0.0,1.289762768884263,1.0,41.4431543917417,39.283945218956774,41.43585940799008,43.58449469703511,0,0.0,42.30219569410147,-0.8495207930305568,1,1,1
2018_IN,2018,IN,Historical Democratic nominee,Historical Republican nominee,D,Safe,-13.664619049016142,-20.234619049016143,-13.664619049016142,-13.664619049016142,0.07695364763025764,1.0,0.95,1.0,0.0,1.289762768884263,0.0,-13.661348765965887,-15.829124888377597,-13.664441744584234,-11.51161518590218,0,0.0,-6.162903216195062,-7.5017158328210805,0,0,1
2018_MA,2018,MA,Historical Democratic nominee,Historical Republican nominee,D,Safe,35.872557379258986,29.302557379258985,35.872557379258986,35.872557379258986,0.9985318503144268,1.0,0.95,1.0,0.0,1.289762768884263,1.0,35.870672236459164,33.73326698766802,35.874148512062646,38.00551411727986,0,0.0,25.038879177334593,10.833678201924393,1,1,1
2018_MD,2018,MD,Historical Democratic nominee,Historical Republican nominee,D,Safe,34.59199101713032,28.02199101713032,34.59199101713032,34.59199101713032,0.9981476625803615,1.0,0.95,1.0,0.0,1.289762768884263,1.0,34.589430638921144,32.45505114462723,34.565181381786466,36.738250890219234,0,0.0,36.30566322052462,-1.713672203394303,1,1,1
2018_MI,2018,MI,Historical Democratic nominee,Historical Republican nominee,D,Lean,6.334663566076905,-0.235336433923095,6.334663566076905,6.334663566076905,0.7598316960229065,1.0,1.05,1.0,0.0,1.42552727087208,0.97514,6.34563438559961,4.153800194957454,6.342547820053137,8.529877666971384,2145,0.04378355208099447,6.6371383113556135,-0.3024747452787082,1,1,1
2018_MN_REGULAR,2018,MN,Historical Democratic nominee,Historical Republican nominee,D,Likely,8.233387414360969,1.6633874143609688,8.233387414360969,8.233387414360969,0.8171235515972622,1.0,1.0,1.0,0.0,1.3576450198781715,0.99468,8.232244359258724,6.054336068705092,8.228036517939216,10.399457026046537,173,0.003531260843828458,24.963466608899424,-16.730079194538455,1,1,1
2018_MN_SPECIAL,2018,MN,Historical Democratic nominee,Historical Republican nominee,D,Likely,8.233387414360969,1.6633874143609688,8.233387414360969,8.233387414360969,0.8171235515972622,1.0,1.0,1.0,0.0,1.3576450198781715,0.99552,8.22114288943165,6.054550190725977,8.205809738078973,10.376869429541735,239,0.004878447061705211,11.140619798671466,-2.907232384310497,1,1,1
2018_MO,2018,MO,Historical Democratic nominee,Historical Republican nominee,D,Safe,-13.067121991132131,-19.637121991132133,-13.067121991132133,-13.067121991132131,0.0850336395834681,1.0,0.95,1.0,0.0,1.289762768884263,0.0,-13.076391648484307,-15.227714960419139,-13.069499268992256,-10.948142809944194,0,0.0,-5.996633249741748,-7.070488741390383,0,0,1
2018_MS_REGULAR,2018,MS,Historical Democratic nominee,Historical Republican nominee,R,Likely,-11.60969464812012,-18.17969464812012,-11.609694648120119,-11.60969464812012,0.1080463784525716,1.0,1.0,1.0,0.0,1.3576450198781715,0.00014,-11.606159114575531,-13.778898510858426,-11.610543049963082,-9.463023693837398,5,0.00010205956196036006,-19.41285627996939,7.803161631849269,0,0,1
2018_MS_SPECIAL,2018,MS,Historical Democratic nominee,Historical Republican nominee,R,Likely,-11.60969464812012,-18.17969464812012,-11.609694648120119,-11.60969464812012,0.1080463784525716,1.0,1.0,1.0,0.0,1.3576450198781715,0.0001,-11.615594561718607,-13.793394978607072,-11.609388668819484,-9.440746541037951,5,0.00010205956196036006,-7.266512999290427,-4.3431816488296935,0,0,1
2018_MT,2018,MT,Historical Democratic nominee,Historical Republican nominee,D,Safe,-15.649328634048878,-22.21932863404888,-15.649328634048878,-15.649328634048878,0.05492308940485064,1.0,0.95,1.0,0.0,1.289762768884263,0.0,-15.644514095450814,-17.799385257865445,-15.657675940453412,-13.514327758317659,0,0.0,3.6569158437772415,-19.30624447782612,1,0,0
2018_ND,2018,ND,Historical Democratic nominee,Historical Republican nominee,D,Safe,-33.0484857930395,-39.6184857930395,-33.0484857930395,-33.0484857930395,0.0024509744917302996,1.0,0.95,1.0,0.0,1.289762768884263,0.0,-33.05759297178895,-35.21148813463741,-33.05270664627466,-30.914482204746083,0,0.0,-10.905410742496043,-22.14307505054345,0,0,1
2018_NE,2018,NE,Historical Democratic nominee,Historical Republican nominee,R,Safe,-20.525348226355145,-27.095348226355146,-20.525348226355145,-20.525348226355145,0.023387654488166508,1.0,0.95,1.0,0.0,1.289762768884263,0.0,-20.529136649188423,-22.671390670936443,-20.539809596760485,-18.393417659738986,0,0.0,-19.79502813980163,-0.7303200865535153,0,0,1
2018_NJ,2018,NJ,Historical Democratic nominee,Historical Republican nominee,D,Safe,21.13838028580259,14.56838028580259,21.13838028580259,21.13838028580259,0.9790273807842157,1.0,0.95,1.0,0.0,1.289762768884263,1.0,21.135836784568085,18.994188081773892,21.142104312828216,23.2803283698549,0,0.0,11.544410589867937,9.593969695934653,1,1,1
2018_NM,2018,NM,Historical Democratic nominee,Historical Republican nominee,D,Safe,15.871589868648222,9.301589868648222,15.871589868648222,15.871589868648222,0.9471371764232425,1.0,0.95,1.0,0.0,1.289762768884263,1.0,15.87417585041011,13.736680324017147,15.870464817835481,18.012520130472573,0,0.0,27.83688334059555,-11.965293471947327,1,1,1
2018_NV,2018,NV,Historical Democratic nominee,Historical Republican nominee,R,Likely,9.157418839970395,2.587418839970397,9.157418839970397,9.157418839970395,0.8409060781436555,1.0,1.0,1.0,0.0,1.3576450198781715,0.9981,9.16923072693473,7.006299703085724,9.168899101833901,11.350689064058225,38,0.0007756526708987365,5.247548248472796,3.909870591497599,1,1,1
2018_NY,2018,NY,Historical Democratic nominee,Historical Republican nominee,D,Safe,33.39301299955074,26.82301299955074,33.39301299955074,33.39301299955074,0.9976975052238315,1.0,0.95,1.0,0.0,1.289762768884263,1.0,33.39964005917907,31.2602107954369,33.40212165490631,35.54155490576875,0,0.0,33.99933379035469,-0.6063207908039487,1,1,1
2018_OH,2018,OH,Historical Democratic nominee,Historical Republican nominee,D,Toss-up,-1.965369154271805,-8.535369154271805,-1.965369154271805,-1.965369154271805,0.411603666337945,1.0,1.1,1.0,0.0,1.4934095218659889,0.27264,-1.9739354256675217,-4.201813288221912,-1.9701390667991758,0.23195187151224694,8839,0.18042089363352454,6.847342539013482,-8.812711693285287,1,0,0
2018_PA,2018,PA,Historical Democratic nominee,Historical Republican nominee,D,Lean,5.818928385019667,-0.7510716149803329,5.818928385019667,5.818928385019667,0.7423056664931195,1.0,1.05,1.0,0.0,1.42552727087208,0.96482,5.82154883429796,3.6163867985380187,5.821496710652953,8.019224457820533,3538,0.07221734604315078,13.085564092459125,-7.266635707439457,1,1,1
2018_RI,2018,RI,Historical Democratic nominee,Historical Republican nominee,D,Safe,23.191408185319624,16.621408185319623,23.191408185319624,23.191408185319624,0.9854659395078104,1.0,0.95,1.0,0.0,1.289762768884263,1.0,23.18938992516476,21.034928182781446,23.185019741424043,25.356226426554468,0,0.0,23.159474112658216,0.03193407266140724,1,1,1
2018_TN,2018,TN,Historical Democratic nominee,Historical Republican nominee,R,Safe,-20.678686090523975,-27.248686090523975,-20.678686090523975,-20.678686090523975,0.022759256133186107,1.0,0.95,1.0,0.0,1.289762768884263,0.0,-20.687043462204393,-22.819451673048192,-20.69931378942878,-18.553222317357623,0,0.0,-10.937204153944108,-9.741481936579866,0,0,1
2018_TX,2018,TX,Historical Democratic nominee,Historical Republican nominee,R,Toss-up,-2.8564511559439794,-9.42645115594398,-2.8564511559439794,-2.8564511559439794,0.3730031257760988,1.0,1.1,1.0,0.0,1.4934095218659889,0.18946,-2.8574592098527516,-5.0487962951564125,-2.8557621959448154,-0.666035767348605,6749,0.137759996734094,-2.5874814972216456,-0.2689696587223338,0,0,1
2018_UT,2018,UT,Historical Democratic nominee,Historical Republican nominee,R,Safe,-18.19579669082257,-24.76579669082257,-18.19579669082257,-18.19579669082257,0.03528663754358452,1.0,0.95,1.0,0.0,1.289762768884263,0.0,-18.200920851134526,-20.346336002638548,-18.199004677692617,-16.070990193827356,0,0.0,-33.878940101996875,15.683143411174306,0,0,1
2018_VA,2018,VA,Historical Democratic nominee,Historical Republican nominee,D,Safe,12.222752554309402,5.6527525543094015,12.222752554309402,12.222752554309402,0.9022359056824555,1.0,0.95,1.0,0.0,1.289762768884263,0.99996,12.233623507993952,10.07057829422942,12.227678036409468,14.379175334488822,0,0.0,16.319900580969303,-4.097148026659902,1,1,1
2018_VT,2018,VT,Historical Democratic nominee,Historical Republican nominee,D,Safe,36.94285264764074,30.37285264764074,36.94285264764074,36.94285264764074,0.998791157360574,1.0,0.95,1.0,0.0,1.289762768884263,1.0,36.94569261018959,34.80241232685803,36.95849225276827,39.10561322970317,0,0.0,42.16474561566585,-5.221892968025109,1,1,1
2018_WA,2018,WA,Historical Democratic nominee,Historical Republican nominee,D,Safe,24.143862400129528,17.573862400129528,24.143862400129528,24.143862400129528,0.9877486625382521,1.0,0.95,1.0,0.0,1.289762768884263,1.0,24.152144458223923,22.004936904203568,24.14597081361817,26.297483383694043,0,0.0,16.867519849859107,7.276342550270421,1,1,1
2018_WI,2018,WI,Historical Democratic nominee,Historical Republican nominee,D,Lean,5.754021923940577,-0.8159780760594231,5.754021923940577,5.754021923940577,0.7400417965609071,1.0,1.05,1.0,0.0,1.42552727087208,0.96274,5.7543755129669245,3.5741726562715037,5.74928345340911,7.93561690166312,3640,0.07429936110714212,10.83712500456204,-5.083103080621463,1,1,1
2018_WV,2018,WV,Historical Democratic nominee,Historical Republican nominee,D,Safe,-37.75210450259154,-44.32210450259154,-37.75210450259154,-37.75210450259154,0.0010436165336248431,1.0,0.95,1.0,0.0,1.289762768884263,0.0,-37.75558183035992,-39.90199910374419,-37.76235840108964,-35.6058631137806,0,0.0,3.3894179136536167,-41.14152241624516,1,0,0
2018_WY,2018,WY,Historical Democratic nominee,Historical Republican nominee,R,Safe,-44.84063925830758,-51.41063925830758,-44.84063925830758,-44.84063925830758,0.00028783263489753647,1.0,0.95,1.0,0.0,1.289762768884263,0.0,-44.84819570982353,-46.99758357717556,-44.86196710562542,-42.69335551854812,0,0.0,-37.97819051140363,-6.862448746903951,0,0,1
2020_AK,2020,AK,Historical Democratic nominee,Historical Republican nominee,R,Likely,-10.65130942213614,-16.77130942213614,-10.65130942213614,-10.65130942213614,0.12602166910690227,1.0,1.0,1.0,0.0,1.3576450198781715,0.00046,-10.635664363683583,-12.816295637867434,-10.638257600493876,-8.474881374067872,16,0.001755348326933626,-13.359036716293971,2.7077272941578308,0,0,1
2020_AL,2020,AL,Historical Democratic nominee,Historical Republican nominee,D,Safe,-22.628287187921483,-28.748287187921484,-22.628287187921483,-22.628287187921483,0.016075796706719166,1.0,0.95,1.0,0.0,1.289762768884263,0.0,-22.614671963681666,-24.771776463315966,-22.612559767777988,-20.450640006247493,0,0.0,-20.39295082406724,-2.2353363638542447,0,0,1
2020_AZ,2020,AZ,Historical Democratic nominee,Historical Republican nominee,R,Toss-up,2.341759107726598,-3.778240892273402,2.341759107726598,2.341759107726598,0.6048641800389793,1.0,1.1,1.0,0.0,1.4934095218659889,0.7657,2.346220707390391,0.15947160955044964,2.325896207094238,4.528853323568418,52,0.005704882062534284,2.3495227373552865,-0.007763629628688484,1,1,1
2020_CO,2020,CO,Historical Democratic nominee,Historical Republican nominee,R,Likely,11.486666745364868,5.366666745364867,11.486666745364868,11.486666745364868,0.8897789202364573,1.0,1.0,1.0,0.0,1.3576450198781715,0.99992,11.4895883707901,9.324656160668921,11.486844903496907,13.656838679070564,0,0.0,9.543169885775072,1.9434968595897963,1,1,1
2020_DE,2020,DE,Historical Democratic nominee,Historical Republican nominee,D,Safe,18.117242887362448,11.997242887362448,18.117242887362448,18.117242887362448,0.9642239243192566,1.0,0.95,1.0,0.0,1.289762768884263,1.0,18.132103760853834,15.975273256242431,18.1439499845794,20.27059817998253,0,0.0,22.130005147972824,-4.012762260610376,1,1,1
2020_GA_REGULAR,2020,GA,Historical Democratic nominee,Historical Republican nominee,R,Toss-up,0.7976548013935725,-5.322345198606428,0.7976548013935725,0.7976548013935725,0.5361936197956438,1.0,1.1,1.0,0.0,1.4934095218659889,0.5988,0.8137393303628688,-1.422103024717888,0.8101784663954719,3.027346917435053,281,0.030828304991771804,-1.8212843302317765,2.618939131625349,0,1,0
2020_IA,2020,IA,Historical Democratic nominee,Historical Republican nominee,R,Lean,-4.007095690240694,-10.127095690240694,-4.007095690240694,-4.007095690240694,0.3255101786783944,1.0,1.05,1.0,0.0,1.42552727087208,0.10714,-4.001098133212868,-6.180984418497733,-3.9900657153503287,-1.829144204297369,3674,0.4030718595721339,-6.799246352762225,2.7921506625215313,0,0,1
2020_ID,2020,ID,Historical Democratic nominee,Historical Republican nominee,R,Safe,-30.500353361611165,-36.620353361611166,-30.500353361611165,-30.500353361611165,0.0038897277713558225,1.0,0.95,1.0,0.0,1.289762768884263,0.0,-30.493464187349137,-32.66430120337753,-30.506286975664494,-28.32905413901753,0,0.0,-30.641627543035987,0.14127418142482284,0,0,1
2020_IL,2020,IL,Historical Democratic nominee,Historical Republican nominee,D,Safe,24.16010278142296,18.04010278142296,24.16010278142296,24.16010278142296,0.987784343630398,1.0,0.95,1.0,0.0,1.289762768884263,1.0,24.16651692313902,22.00882518885398,24.170543724140728,26.301862062623027,0,0.0,17.129742087590202,7.030360693832758,1,1,1
2020_KS,2020,KS,Historical Democratic nominee,Historical Republican nominee,R,Safe,-16.10294068521333,-22.22294068521333,-16.10294068521333,-16.10294068521333,0.05079593876550239,1.0,0.95,1.0,0.0,1.289762768884263,0.0,-16.098500722200743,-18.24090572278186,-16.0829435030038,-13.948507593689765,0,0.0,-12.0379348237619,-4.06500586145143,0,0,1
2020_KY,2020,KY,Historical Democratic nominee,Historical Republican nominee,R,Safe,-25.221258035019726,-31.341258035019727,-25.221258035019726,-25.221258035019726,0.010093855336371062,1.0,0.95,1.0,0.0,1.289762768884263,0.0,-25.211467726375858,-27.362090308976846,-25.20539160275314,-23.0603737726657,0,0.0,-20.348541061255716,-4.87271697376401,0,0,1
2020_LA,2020,LA,Historical Democratic nominee,Historical Republican nominee,R,Safe,-14.223354475615585,-20.343354475615584,-14.223354475615583,-14.223354475615585,0.07004069153115966,1.0,0.95,1.0,0.0,1.289762768884263,0.0,-14.217180310472711,-16.348977248412616,-14.201893855432715,-12.080827609852257,0,0.0,-51.44061118070289,37.2172567050873,0,0,1
2020_MA,2020,MA,Historical Democratic nominee,Historical Republican nominee,D,Safe,35.42255737925898,29.302557379258985,35.42255737925898,35.42255737925898,0.9984068775299637,1.0,0.95,1.0,0.0,1.289762768884263,1.0,35.42881270872862,33.286577278123474,35.42807870747319,37.57562292519326,0,0.0,33.37630608212415,2.0462512971348303,1,1,1
2020_ME,2020,ME,Historical Democratic nominee,Historical Republican nominee,R,Likely,9.313582258325066,3.1935822583250655,9.313582258325066,9.313582258325066,0.8446679610860471,1.0,1.0,1.0,0.0,1.3576450198781715,0.99824,9.315101941728914,7.152166625549867,9.306162835753195,11.47169870513447,0,0.0,-9.20707886851065,18.520661126835716,0,1,0
2020_MI,2020,MI,Historical Democratic nominee,Historical Republican nominee,D,Lean,5.884663566076905,-0.235336433923095,5.884663566076905,5.884663566076905,0.7445852828480894,1.0,1.05,1.0,0.0,1.42552727087208,0.96546,5.900934112906404,3.725199046929959,5.908929775263715,8.085022131240285,0,0.0,1.7172850548123364,4.167378511264569,1,1,1
2020_MN,2020,MN,Historical Democratic nominee,Historical Republican nominee,D,Likely,7.783387414360969,1.6633874143609688,7.783387414360969,7.783387414360969,0.8045787475648969,1.0,1.0,1.0,0.0,1.3576450198781715,0.9926,7.803498226046417,5.6226978778375445,7.798859301897306,9.978130702890365,0,0.0,5.679457423042791,2.1039299913181777,1,1,1
2020_MS,2020,MS,Historical Democratic nominee,Historical Republican nominee,R,Safe,-12.059694648120118,-18.17969464812012,-12.059694648120118,-12.059694648120118,0.10041050094813705,1.0,0.95,1.0,0.0,1.289762768884263,8e-05,-12.051068351013507,-14.19712704241852,-12.054748031677121,-9.917215783028052,3,0.00032912781130005483,-10.155239628567571,-1.9044550195525467,0,0,1
2020_MT,2020,MT,Historical Democratic nominee,Historical Republican nominee,R,Safe,-16.099328634048877,-22.21932863404888,-16.099328634048877,-16.099328634048877,0.05082761312974186,1.0,0.95,1.0,0.0,1.289762768884263,0.0,-16.08648427513072,-18.231362520539758,-16.081572504934528,-13.936175004451812,0,0.0,-10.024321499512084,-6.0750071345367935,0,0,1
2020_NC,2020,NC,Historical Democratic nominee,Historical Republican nominee,R,Toss-up,2.312508392562573,-3.807491607437427,2.312508392562573,2.312508392562573,0.6035923785867877,1.0,1.1,1.0,0.0,1.4934095218659889,0.7616,2.330845892357479,0.1220190549207588,2.3349747188331484,4.515039706888265,37,0.00405924300603401,-1.826603939251612,4.139112331814185,0,1,0
2020_NE,2020,NE,Historical Democratic nominee,Historical Republican nominee,R,Safe,-20.975348226355145,-27.095348226355146,-20.975348226355145,-20.975348226355145,0.02158997640556657,1.0,0.95,1.0,0.0,1.289762768884263,0.0,-20.96701805283073,-23.107721870639804,-20.982659096493485,-18.841694108050795,0,0.0,-43.95175515420045,22.976406927845304,0,0,1
2020_NH,2020,NH,Historical Democratic nominee,Historical Republican nominee,D,Lean,6.514056884761412,0.3940568847614116,6.514056884761412,6.514056884761412,0.7657333452392276,1.0,1.05,1.0,0.0,1.42552727087208,0.97822,6.524614167249212,4.334056168647712,6.522804506296711,8.696348895813745,0,0.0,16.02932792111268,-9.515271036351269,1,1,1
2020_NJ,2020,NJ,Historical Democratic nominee,Historical Republican nominee,D,Safe,20.68838028580259,14.56838028580259,20.68838028580259,20.68838028580259,0.9772799129518419,1.0,0.95,1.0,0.0,1.289762768884263,1.0,20.702509348198397,18.556513535590252,20.707506224275768,22.866347674531,0,0.0,16.615139632373698,4.073240653428893,1,1,1
2020_NM,2020,NM,Historical Democratic nominee,Historical Republican nominee,D,Safe,15.421589868648224,9.301589868648222,15.421589868648223,15.421589868648224,0.9428875787372702,1.0,0.95,1.0,0.0,1.289762768884263,1.0,15.43380217572393,13.30414927985397,15.414480701347898,17.577491198183417,0,0.0,6.27123541097869,9.150354457669534,1,1,1
2020_OK,2020,OK,Historical Democratic nominee,Historical Republican nominee,R,Safe,-32.48947447665626,-38.60947447665626,-32.48947447665626,-32.48947447665626,0.002712476186864572,1.0,0.95,1.0,0.0,1.289762768884263,0.0,-32.48261905175983,-34.63399888573302,-32.494113401777994,-30.336024121672157,0,0.0,-31.525022113596386,-0.9644523630598769,0,0,1
2020_OR,2020,OR,Historical Democratic nominee,Historical Republican nominee,D,Safe,18.431677890108713,12.311677890108712,18.431677890108713,18.431677890108713,0.9661445726337742,1.0,0.95,1.0,0.0,1.289762768884263,1.0,18.436500980298085,16.300429804489823,18.43780824586144,20.579355516835317,0,0.0,18.274771796454655,0.15690609365405805,1,1,1
2020_RI,2020,RI,Historical Democratic nominee,Historical Republican nominee,D,Safe,22.741408185319624,16.621408185319623,22.741408185319624,22.741408185319624,0.9842463089303667,1.0,0.95,1.0,0.0,1.289762768884263,1.0,22.75028532305222,20.59325509277399,22.727245194875742,24.902755126575634,0,0.0,33.17984958322271,-10.438441397903087,1,1,1
2020_SC,2020,SC,Historical Democratic nominee,Historical Republican nominee,R,Likely,-8.80051272104804,-14.92051272104804,-8.80051272104804,-8.80051272104804,0.16796858620790808,1.0,1.0,1.0,0.0,1.3576450198781715,0.00284,-8.790801364939389,-10.971171598404267,-8.787196857334706,-6.636205183239664,123,0.01349424026330225,-10.415832481506795,1.615319760458755,0,0,1
2020_SD,2020,SD,Historical Democratic nominee,Historical Republican nominee,R,Safe,-25.823716158862503,-31.943716158862507,-25.823716158862506,-25.823716158862503,0.009056084202446957,1.0,0.95,1.0,0.0,1.289762768884263,0.0,-25.812853253636305,-27.973885977293055,-25.811938512032427,-23.68970321473459,0,0.0,-31.470495146578337,5.646778987715834,0,0,1
2020_TN,2020,TN,Historical Democratic nominee,Historical Republican nominee,R,Safe,-21.128686090523978,-27.248686090523975,-21.128686090523974,-21.128686090523978,0.021008840455625448,1.0,0.95,1.0,0.0,1.289762768884263,0.0,-21.118068676886406,-23.260942019009473,-21.118436523697305,-18.967186463189286,0,0.0,-27.770345608038824,6.641659517514846,0,0,1
2020_TX,2020,TX,Historical Democratic nominee,Historical Republican nominee,R,Lean,-3.3064511559439795,-9.42645115594398,-3.3064511559439795,-3.3064511559439795,0.35407539004120275,1.0,1.05,1.0,0.0,1.42552727087208,0.15426,-3.2963462150424427,-5.487896030631593,-3.3098295997534146,-1.1148508694475565,4929,0.5407569939659901,-9.899042062075353,6.592590906131373,0,0,1
2020_VA,2020,VA,Historical Democratic nominee,Historical Republican nominee,D,Likely,11.772752554309402,5.6527525543094015,11.772752554309402,11.772752554309402,0.8947777387816133,1.0,1.0,1.0,0.0,1.3576450198781715,0.99988,11.779556949854717,9.603510927653137,11.782316246804573,13.95342357075194,0,0.0,12.09582841271353,-0.32307585840412756,1,1,1
2020_WV,2020,WV,Historical Democratic nominee,Historical Republican nominee,R,Safe,-38.202104502591546,-44.32210450259154,-38.202104502591546,-38.202104502591546,0.0009617083215268437,1.0,0.95,1.0,0.0,1.289762768884263,0.0,-38.189902454231415,-40.32985445156464,-38.19324010362671,-36.05672541271214,0,0.0,-44.49214332185656,6.290038819265014,0,0,1
2020_WY,2020,WY,Historical Democratic nominee,Historical Republican nominee,R,Safe,-45.290639258307586,-51.41063925830758,-45.290639258307586,-45.290639258307586,0.000265226350200618,1.0,0.95,1.0,0.0,1.289762768884263,0.0,-45.27967612989232,-47.408968339997394,-45.29207353102274,-43.1495879216406,0,0.0,-46.2715881653659,0.9809489070583126,0,0,1
2022_AL,2022,AL,Historical Democratic nominee,Historical Republican nominee,R,Safe,-26.90274966670944,-25.82274966670944,-26.90274966670944,-26.90274966670944,0.00745483997480117,1.0,0.95,1.0,0.0,1.289762768884263,0.0,-26.912461422250537,-29.05947823880188,-26.927950096469647,-24.78147789750044,0,0.0,-36.652984262818194,9.750234596108754,0,0,1
2022_AR,2022,AR,Historical Democratic nominee,Historical Republican nominee,R,Safe,-29.504866555966306,-28.424866555966304,-29.504866555966302,-29.504866555966306,0.004657902792746472,1.0,0.95,1.0,0.0,1.289762768884263,0.0,-29.514212931774658,-31.664603895385078,-29.51808899982273,-27.364459542671156,0,0.0,-35.782880140816665,6.27801358485036,0,0,1
2022_AZ,2022,AZ,Historical Democratic nominee,Historical Republican nominee,D,Toss-up,-0.7663366417413773,0.3136633582586228,-0.7663366417413773,-0.7663366417413773,0.46522276170504445,1.0,1.1,1.0,0.0,1.4934095218659889,0.40528,-0.7761049775954528,-2.9794531498643186,-0.7678221008714761,1.419582223635429,116,0.0341276846131215,4.992147589578039,-5.758484231319416,1,0,0
2022_CA_REGULAR,2022,CA,Historical Democratic nominee,Historical Republican nominee,D,Safe,28.737822721335142,29.81782272133514,28.737822721335142,28.737822721335142,0.994648745717022,1.0,0.95,1.0,0.0,1.289762768884263,1.0,28.725879705081326,26.565390494705156,28.718451353264918,30.864374621947434,0,0.0,22.12900637700405,6.6088163443310926,1,1,1
2022_CA_SPECIAL,2022,CA,Historical Democratic nominee,Historical Republican nominee,D,Safe,28.737822721335142,29.81782272133514,28.737822721335142,28.737822721335142,0.994648745717022,1.0,0.95,1.0,0.0,1.289762768884263,1.0,28.729811480314346,26.57594193970027,28.714743902199018,30.87076105125069,0,0.0,21.787140037865683,6.950682683469459,1,1,1
2022_CO,2022,CO,Historical Democratic nominee,Historical Republican nominee,D,Safe,12.796638984600303,13.876638984600303,12.796638984600303,12.796638984600303,0.9110612042447239,1.0,0.95,1.0,0.0,1.289762768884263,0.99996,12.790963477824075,10.639012390472105,12.794601691141313,14.92409935596819,0,0.0,15.047246386477951,-2.250607401877648,1,1,1
2022_FL,2022,FL,Historical Democratic nominee,Historical Republican nominee,R,Lean,-4.469509324283111,-3.389509324283111,-4.469509324283111,-4.469509324283111,0.307328626403764,1.0,1.05,1.0,0.0,1.42552727087208,0.08304,-4.482046620674386,-6.679315770139356,-4.482708681193966,-2.2930113446590035,2297,0.6757869961753457,-16.587594994456367,12.118085670173256,0,0,1
2022_GA,2022,GA,Historical Democratic nominee,Historical Republican nominee,D,Toss-up,-0.841340674182705,0.2386593258172951,-0.841340674182705,-0.841340674182705,0.4618316418041349,1.0,1.1,1.0,0.0,1.4934095218659889,0.39652,-0.8519835217040483,-3.0491286063110947,-0.8542361658347657,1.3432839532401082,129,0.03795233892321271,0.9774140180497994,-1.8187546922325044,1,0,0
2022_HI,2022,HI,Historical Democratic nominee,Historical Republican nominee,D,Safe,28.98532929302977,30.06532929302977,28.98532929302977,28.98532929302977,0.9948830155726716,1.0,0.95,1.0,0.0,1.289762768884263,1.0,28.97174865429757,26.806529269866903,28.971708909373966,31.139117716681664,0,0.0,46.45313302387402,-17.467803730844246,1,1,1
2022_IA,2022,IA,Historical Democratic nominee,Historical Republican nominee,R,Likely,-9.44652616927411,-8.36652616927411,-9.44652616927411,-9.44652616927411,0.15218698092481311,1.0,1.0,1.0,0.0,1.3576450198781715,0.00172,-9.443705167027614,-11.610843633117227,-9.464759663452734,-7.286430346310274,69,0.02030008826125331,-12.196840548191474,2.7503143789173645,0,0,1
2022_ID,2022,ID,Historical Democratic nominee,Historical Republican nominee,R,Safe,-32.834285850155744,-31.754285850155743,-32.834285850155744,-32.834285850155744,0.002548063881649979,1.0,0.95,1.0,0.0,1.289762768884263,0.0,-32.840079899495755,-34.98872409797066,-32.8362734709985,-30.693162722106692,0,0.0,-35.721031821889774,2.8867459717340296,0,0,1
2022_IL,2022,IL,Historical Democratic nominee,Historical Republican nominee,D,Safe,16.238087465613845,17.318087465613843,16.238087465613845,16.238087465613845,0.9503758316856269,1.0,0.95,1.0,0.0,1.289762768884263,1.0,16.230375004891144,14.088855036811932,16.217234600443298,18.3744781015047,0,0.0,15.584397861044309,0.6536896045695357,1,1,1
2022_IN,2022,IN,Historical Democratic nominee,Historical Republican nominee,R,Safe,-17.470096014885925,-16.390096014885927,-17.470096014885925,-17.470096014885925,0.0400642825383034,1.0,0.95,1.0,0.0,1.289762768884263,0.0,-17.47983929746887,-19.631258776581337,-17.48748286503333,-15.329582122118891,0,0.0,-21.495551038239668,4.025455023353743,0,0,1
2022_KS,2022,KS,Historical Democratic nominee,Historical Republican nominee,R,Safe,-16.0668565112627,-14.9868565112627,-16.0668565112627,-16.0668565112627,0.051113204304452424,1.0,0.95,1.0,0.0,1.289762768884263,0.0,-16.077467508029603,-18.22353327345126,-16.088891358347695,-13.928960609764939,0,0.0,-23.66328612885694,7.596429617594239,0,0,1
2022_KY,2022,KY,Historical Democratic nominee,Historical Republican nominee,R,Safe,-27.480205800525937,-26.40020580052594,-27.480205800525937,-27.480205800525937,0.006716819444477803,1.0,0.95,1.0,0.0,1.289762768884263,0.0,-27.488244931696254,-29.64483470558604,-27.479572221597877,-25.348626319395944,0,0.0,-23.619806488332387,-3.8603993121935503,0,0,1
2022_LA,2022,LA,Historical Democratic nominee,Historical Republican nominee,R,Safe,-20.008880912582107,-18.928880912582105,-20.008880912582107,-20.008880912582107,0.025631229209483273,1.0,0.95,1.0,0.0,1.289762768884263,0.0,-20.017363528171295,-22.15717361785972,-20.034505524003094,-17.882051867334848,0,0.0,-55.0418251781291,35.032944265546995,0,0,1
2022_MD,2022,MD,Historical Democratic nominee,Historical Republican nominee,D,Safe,32.97809409418468,34.058094094184675,32.97809409418468,32.97809409418468,0.9975175335108101,1.0,0.95,1.0,0.0,1.289762768884263,1.0,32.97204428538194,30.838119507897137,32.97612618097392,35.0886654848488,0,0.0,31.743055937654752,1.2350381565299244,1,1,1
2022_MO,2022,MO,Historical Democratic nominee,Historical Republican nominee,R,Safe,-16.751641288802887,-15.671641288802888,-16.751641288802887,-16.751641288802887,0.04540118480863734,1.0,0.95,1.0,0.0,1.289762768884263,0.0,-16.76093097173654,-18.897594484104097,-16.78182328580146,-14.596407584962943,0,0.0,-13.652645873736844,-3.0989954150660424,0,0,1
2022_NC,2022,NC,Historical Democratic nominee,Historical Republican nominee,R,Toss-up,-2.448365066373442,-1.3683650663734426,-2.4483650663734426,-2.448365066373442,0.3905127799721092,1.0,1.1,1.0,0.0,1.4934095218659889,0.22618,-2.461861849562235,-4.659007632637445,-2.466540243470331,-0.2552828923273151,581,0.17093262724330685,-3.299253218639862,0.8508881522664198,0,0,1
2022_ND,2022,ND,Historical Democratic nominee,Historical Republican nominee,R,Safe,-35.514816845793256,-34.43481684579326,-35.514816845793256,-35.514816845793256,0.0015666631272560328,1.0,0.95,1.0,0.0,1.289762768884263,0.0,-35.53004425094767,-37.684556529002265,-35.55087703753906,-33.36703034726446,0,0.0,-38.61430712798449,3.0994902821912333,0,0,1
2022_NH,2022,NH,Historical Democratic nominee,Historical Republican nominee,D,Lean,6.416695443190077,7.496695443190077,6.416695443190077,6.416695443190077,0.762542919039231,1.0,1.05,1.0,0.0,1.42552727087208,0.97618,6.399290139707408,4.216672161741734,6.3842476905625745,8.562946858545546,0,0.0,9.349948447759571,-2.933253004569494,1,1,1
2022_NV,2022,NV,Historical Democratic nominee,Historical Republican nominee,D,Toss-up,1.3662346800876135,2.446234680087614,1.3662346800876137,1.3662346800876135,0.5617841995543663,1.0,1.1,1.0,0.0,1.4934095218659889,0.66076,1.3460918035591003,-0.8455592960838212,1.3355478080750447,3.536347958426736,3,0.00088261253309797,0.801857785545522,0.5643768945420915,1,1,1
2022_NY,2022,NY,Historical Democratic nominee,Historical Republican nominee,D,Safe,22.353669786024497,23.433669786024495,22.353669786024497,22.353669786024497,0.9831150522760208,1.0,0.95,1.0,0.0,1.289762768884263,1.0,22.340851709643257,20.189969032228582,22.339719817904975,24.456508378353167,0,0.0,14.075069326686034,8.278600459338463,1,1,1
2022_OH,2022,OH,Historical Democratic nominee,Historical Republican nominee,R,Likely,-9.233395295405431,-8.153395295405431,-9.233395295405431,-9.233395295405431,0.15725454741706535,1.0,1.0,1.0,0.0,1.3576450198781715,0.00216,-9.245831688154878,-11.394108799615989,-9.24550602651254,-7.098232400233789,83,0.024418946749043838,-6.114454849606801,-3.1189404457986303,0,0,1
2022_OK_REGULAR,2022,OK,Historical Democratic nominee,Historical Republican nominee,R,Safe,-34.96007899381302,-33.88007899381302,-34.96007899381302,-34.96007899381302,0.0017326346043203577,1.0,0.95,1.0,0.0,1.289762768884263,0.0,-34.965497425729396,-37.10352714333027,-34.97806943831168,-32.821500106188964,0,0.0,-33.40665086133072,-1.5534281324823027,0,0,1
2022_OK_SPECIAL,2022,OK,Historical Democratic nominee,Historical Republican nominee,R,Safe,-34.96007899381302,-33.88007899381302,-34.96007899381302,-34.96007899381302,0.0017326346043203577,1.0,0.95,1.0,0.0,1.289762768884263,0.0,-34.980327086992475,-37.12329104651702,-34.98433569343686,-32.85681695856603,0,0.0,-27.35172468172955,-7.6083543120834705,0,0,1
2022_OR,2022,OR,Historical Democratic nominee,Historical Republican nominee,D,Safe,15.534313970883458,16.614313970883458,15.534313970883458,15.534313970883458,0.9439812962410556,1.0,0.95,1.0,0.0,1.289762768884263,1.0,15.522549659756546,13.385187469826562,15.514897890431508,17.64792437300757,0,0.0,15.408528397166307,0.1257855737171507,1,1,1
2022_PA,2022,PA,Historical Democratic nominee,Historical Republican nominee,R,Toss-up,0.098410518698115,1.178410518698115,0.09841051869811501,0.098410518698115,0.5044730860566551,1.0,1.1,1.0,0.0,1.4934095218659889,0.50992,0.08149251742173372,-2.125421158087266,0.08538874701131847,2.2853453488458904,37,0.010885554574874964,5.035095542957677,-4.936685024259562,1,1,1
2022_SC,2022,SC,Historical Democratic nominee,Historical Republican nominee,R,Safe,-12.933217499164188,-11.853217499164188,-12.933217499164188,-12.933217499164188,0.08694708739893507,1.0,0.95,1.0,0.0,1.289762768884263,2e-05,-12.94720813221436,-15.088345842241768,-12.9461423552289,-10.820300227636734,1,0.0002942041776993233,-25.896486784856165,12.963269285691977,0,0,1
2022_SD,2022,SD,Historical Democratic nominee,Historical Republican nominee,R,Safe,-27.949559723362995,-26.869559723362997,-27.949559723362995,-27.949559723362995,0.006170792274185553,1.0,0.95,1.0,0.0,1.289762768884263,0.0,-27.947303840780663,-30.090884627107492,-27.962830126107388,-25.80313320928562,0,0.0,-45.39410721732374,17.444547493960748,0,0,1
2022_UT,2022,UT,Historical Democratic nominee,Historical Republican nominee,R,Safe,-22.467210243703263,-21.387210243703265,-22.467210243703263,-22.467210243703263,0.016545661007250297,1.0,0.95,1.0,0.0,1.289762768884263,0.0,-22.4814137752575,-24.652014676695202,-22.4857767255891,-20.338951699438674,0,0.0,-10.854978816433643,-11.61223142726962,0,0,1
2022_VT,2022,VT,Historical Democratic nominee,Historical Republican nominee,D,Safe,35.51837310561312,36.59837310561312,35.51837310561312,35.51837310561312,0.9984343479527688,1.0,0.95,1.0,0.0,1.289762768884263,1.0,35.50354797337523,33.372781657222966,35.49675796252434,37.64132598542224,0,0.0,41.90937868850685,-6.391005582893726,1,1,1
2022_WA,2022,WA,Historical Democratic nominee,Historical Republican nominee,D,Safe,18.771006369581382,19.851006369581384,18.771006369581386,18.771006369581382,0.9681055852583238,1.0,0.95,1.0,0.0,1.289762768884263,1.0,18.76581308609353,16.6424926797296,18.749819158269403,20.902357586813558,0,0.0,14.550585979180894,4.220420390400488,1,1,1
2022_WI,2022,WI,Historical Democratic nominee,Historical Republican nominee,R,Toss-up,-0.4418734669320106,0.6381265330679895,-0.4418734669320106,-0.4418734669320106,0.4799256389432634,1.0,1.1,1.0,0.0,1.4934095218659889,0.44414,-0.45617547715380447,-2.6769532938175638,-0.45471591013400514,1.7580535380176383,83,0.024418946749043838,-1.0091205339674616,0.567247067035451,0,0,1
2024_AZ,2024,AZ,Historical Democratic nominee,Historical Republican nominee,D,Toss-up,0.0436633582586227,0.3136633582586228,0.043663358258622775,0.0436633582586227,0.5019846876790256,1.0,1.1,1.0,0.0,1.4934095218659889,0.50576,0.042069092826572854,-2.1495060248111875,0.04515788063131698,2.2416375182781287,7983,0.24432270306665851,2.4624583141814895,-2.4187949559228668,1,1,1
2024_CA_REGULAR,2024,CA,Historical Democratic nominee,Historical Republican nominee,D,Safe,29.54782272133514,29.81782272133514,29.54782272133514,29.54782272133514,0.9953781672357548,1.0,0.95,1.0,0.0,1.289762768884263,1.0,29.54341110572769,27.417208499428646,29.542805051557384,31.66360170811565,0,0.0,17.745034382389406,11.802788338945735,1,1,1
2024_CA_SPECIAL,2024,CA,Historical Democratic nominee,Historical Republican nominee,D,Safe,29.54782272133514,29.81782272133514,29.54782272133514,29.54782272133514,0.9953781672357548,1.0,0.95,1.0,0.0,1.289762768884263,1.0,29.53736355199887,27.400719920899945,29.524601132821388,31.673250805697464,0,0.0,17.50078847533601,12.047034245999132,1,1,1
2024_CT,2024,CT,Historical Democratic nominee,Historical Republican nominee,D,Safe,20.12009817615569,20.39009817615569,20.12009817615569,20.12009817615569,0.9748689683769755,1.0,0.95,1.0,0.0,1.289762768884263,1.0,20.115503159507995,17.97170854812842,20.126148436561913,22.255284918474814,0,0.0,19.20478918086353,0.9153089952921611,1,1,1
2024_DE,2024,DE,Historical Democratic nominee,Historical Republican nominee,D,Safe,18.983488329968942,19.253488329968945,18.983488329968946,18.983488329968942,0.9692771328064507,1.0,0.95,1.0,0.0,1.289762768884263,1.0,18.98264074683564,16.85450764659891,18.985965077341348,21.100408623657064,0,0.0,17.782937775828344,1.200550554140598,1,1,1
2024_FL,2024,FL,Historical Democratic nominee,Historical Republican nominee,R,Lean,-3.659509324283111,-3.389509324283111,-3.659509324283111,-3.659509324283111,0.33953539608183875,1.0,1.05,1.0,0.0,1.42552727087208,0.12814,-3.6648043851679932,-5.843838690764798,-3.6676021653485593,-1.5251548602194358,4578,0.14011140356246557,-12.991751177582984,9.332241853299873,0,0,1
2024_HI,2024,HI,Historical Democratic nominee,Historical Republican nominee,D,Safe,29.79532929302977,30.06532929302977,29.79532929302977,29.79532929302977,0.995580645997906,1.0,0.95,1.0,0.0,1.289762768884263,1.0,29.793020368059807,27.64706460128711,29.80440715392512,31.93328461263623,0,0.0,33.89004871259568,-4.094719419565909,1,1,1
2024_IN,2024,IN,Historical Democratic nominee,Historical Republican nominee,R,Safe,-16.660096014885927,-16.390096014885927,-16.660096014885927,-16.660096014885927,0.04612804326541166,1.0,0.95,1.0,0.0,1.289762768884263,0.0,-16.664116978053322,-18.805533476491192,-16.66757692772147,-14.52327875811236,0,0.0,-20.401222284822257,3.7411262699363306,0,0,1
2024_MA,2024,MA,Historical Democratic nominee,Historical Republican nominee,D,Safe,33.9610990802963,34.2310990802963,33.9610990802963,33.9610990802963,0.9979229869693846,1.0,0.95,1.0,0.0,1.289762768884263,1.0,33.97007842622868,31.839150043758053,33.97708486182394,36.09590542598664,0,0.0,19.847565736102283,14.113533344194018,1,1,1
2024_MD,2024,MD,Historical Democratic nominee,Historical Republican nominee,D,Safe,33.78809409418467,34.058094094184675,33.78809409418467,33.78809409418467,0.9978567574317075,1.0,0.95,1.0,0.0,1.289762768884263,1.0,33.787409372904875,31.65205545930112,33.788039348757906,35.92698762634659,0,0.0,12.106519772814307,21.681574321370363,1,1,1
2024_MI,2024,MI,Historical Democratic nominee,Historical Republican nominee,D,Toss-up,2.5571186888189135,2.8271186888189135,2.5571186888189135,2.5571186888189135,0.6141832144826088,1.0,1.1,1.0,0.0,1.4934095218659889,0.78464,2.56895243943831,0.3678279438269806,2.5569311646013517,4.784724248587881,2094,0.06408765379200587,0.3515485263113902,2.2055701625075232,1,1,1
2024_MN,2024,MN,Historical Democratic nominee,Historical Republican nominee,D,Likely,7.00902729713334,7.279027297133339,7.00902729713334,7.00902729713334,0.7814896628588048,1.0,1.0,1.0,0.0,1.3576450198781715,0.98648,7.01252190120608,4.854768221480096,7.00224424326247,9.164932661014856,2,6.121074860745546e-05,16.235543437695867,-9.226516140562527,1,1,1
2024_MO,2024,MO,Historical Democratic nominee,Historical Republican nominee,R,Safe,-15.941641288802888,-15.671641288802888,-15.941641288802888,-15.941641288802888,0.05222874167325076,1.0,0.95,1.0,0.0,1.289762768884263,0.0,-15.950455865254662,-18.08224753077081,-15.957163095400903,-13.822294662666316,0,0.0,-14.096355376281892,-1.8452859125209962,0,0,1
2024_MS,2024,MS,Historical Democratic nominee,Historical Republican nominee,R,Safe,-17.03997165477772,-16.76997165477772,-17.03997165477772,-17.03997165477772,0.04318252842963312,1.0,0.95,1.0,0.0,1.289762768884263,0.0,-17.047100082714245,-19.173223029384097,-17.068426110816812,-14.93058121026505,0,0.0,-25.624382405477704,8.584410750699984,0,0,1
2024_MT,2024,MT,Historical Democratic nominee,Historical Republican nominee,D,Safe,-17.064360184096206,-16.794360184096206,-17.064360184096206,-17.064360184096206,0.04299968450447233,1.0,0.95,1.0,0.0,1.289762768884263,0.0,-17.064807264345475,-19.20227440487842,-17.065578642955423,-14.910439082318598,0,0.0,-7.278178886452224,-9.786181297643981,0,0,1
2024_ND,2024,ND,Historical Democratic nominee,Historical Republican nominee,R,Safe,-34.70481684579326,-34.43481684579326,-34.70481684579326,-34.70481684579326,0.001814794315854265,1.0,0.95,1.0,0.0,1.289762768884263,0.0,-34.7034795934286,-36.8530827423739,-34.69004944130589,-32.559891881215115,0,0.0,-33.03319923672319,-1.6716176090700685,0,0,1
2024_NE_REGULAR,2024,NE,Historical Democratic nominee,Historical Republican nominee,R,Safe,-19.83810449320345,-19.56810449320345,-19.83810449320345,-19.83810449320345,0.02641821521992231,1.0,0.95,1.0,0.0,1.289762768884263,0.0,-19.841037279291566,-21.963177031633286,-19.846058665241436,-17.72323217439548,0,0.0,-6.694085293448069,-13.14401919975538,0,0,1
2024_NE_SPECIAL,2024,NE,Historical Democratic nominee,Historical Republican nominee,R,Safe,-19.83810449320345,-19.56810449320345,-19.83810449320345,-19.83810449320345,0.02641821521992231,1.0,0.95,1.0,0.0,1.289762768884263,0.0,-19.842918841151413,-21.993684948071994,-19.830754314064077,-17.711155688439824,0,0.0,-25.155052646777293,5.316948153573843,0,0,1
2024_NJ,2024,NJ,Historical Democratic nominee,Historical Republican nominee,D,Safe,15.872567173589683,16.142567173589683,15.872567173589683,15.872567173589683,0.9471460724512116,1.0,0.95,1.0,0.0,1.289762768884263,1.0,15.873518731684669,13.729301967809015,15.8885138479617,17.99500033318673,0,0.0,9.857537839129066,6.015029334460618,1,1,1
2024_NM,2024,NM,Historical Democratic nominee,Historical Republican nominee,D,Likely,10.766980303439478,11.036980303439478,10.766980303439478,10.766980303439478,0.8762765367686784,1.0,1.0,1.0,0.0,1.3576450198781715,0.99964,10.756059636106604,8.600918408721075,10.735688604473587,12.908154232012144,0,0.0,10.113349665840444,0.6536306375990346,1,1,1
2024_NV,2024,NV,Historical Democratic nominee,Historical Republican nominee,D,Toss-up,2.176234680087614,2.446234680087614,2.176234680087614,2.176234680087614,0.5976490600267289,1.0,1.1,1.0,0.0,1.4934095218659889,0.7504,2.179011148687404,0.004618054516904994,2.1606439020968797,4.374601649649215,2952,0.09034706494460427,1.7457448421834698,0.43048983790414397,1,1,1
2024_NY,2024,NY,Historical Democratic nominee,Historical Republican nominee,D,Safe,23.163669786024496,23.433669786024495,23.163669786024496,23.163669786024496,0.9853935274343102,1.0,0.95,1.0,0.0,1.289762768884263,1.0,23.14890396393797,21.006089570029037,23.149402383360282,25.282711545552147,0,0.0,18.40805372062256,4.755616065401934,1,1,1
2024_OH,2024,OH,Historical Democratic nominee,Historical Republican nominee,D,Likely,-8.423395295405431,-8.153395295405431,-8.423395295405431,-8.423395295405431,0.17777046247397454,1.0,1.0,1.0,0.0,1.3576450198781715,0.00388,-8.431413494387378,-10.580352300451864,-8.445419103535034,-6.265962207398893,163,0.00498867601150762,-3.747668078104226,-4.675727217301205,0,0,1
2024_PA,2024,PA,Historical Democratic nominee,Historical Republican nominee,D,Toss-up,0.9084105186981152,1.178410518698115,0.9084105186981151,0.9084105186981152,0.5411977746651497,1.0,1.1,1.0,0.0,1.4934095218659889,0.6098,0.9092120450718196,-1.2768469498228487,0.9046501072916202,3.10094796287026,6222,0.19042663891779396,-0.2228208993178242,1.1312314180159393,0,1,0
2024_RI,2024,RI,Historical Democratic nominee,Historical Republican nominee,D,Safe,20.92871976791852,21.19871976791852,20.92871976791852,20.92871976791852,0.9782302094462975,1.0,0.95,1.0,0.0,1.289762768884263,1.0,20.91657942876251,18.78835047722659,20.909445215151706,23.04449782007256,0,0.0,20.098878346212786,0.8298414217057335,1,1,1
2024_TN,2024,TN,Historical Democratic nominee,Historical Republican nominee,R,Safe,-23.925540744132707,-23.655540744132708,-23.925540744132707,-23.925540744132707,0.012741112695824034,1.0,0.95,1.0,0.0,1.289762768884263,0.0,-23.92762964636796,-26.04933743282802,-23.925807209968404,-21.80701231964738,0,0.0,-30.25187665212592,6.3263359079932115,0,0,1
2024_TX,2024,TX,Historical Democratic nominee,Historical Republican nominee,R,Lean,-5.931442473559063,-5.661442473559063,-5.931442473559063,-5.931442473559063,0.25380057183215504,1.0,1.05,1.0,0.0,1.42552727087208,0.03326,-5.9377741650643685,-8.133071678622018,-5.929413793512499,-3.766604997256075,1227,0.03755279427067393,-8.705251955409139,2.7738094818500763,0,0,1
2024_UT,2024,UT,Historical Democratic nominee,Historical Republican nominee,R,Safe,-21.657210243703265,-21.387210243703265,-21.657210243703265,-21.657210243703265,0.019120762017265126,1.0,0.95,1.0,0.0,1.289762768884263,0.0,-21.668006558605434,-23.802314108877717,-21.681560329236216,-19.53787456897271,0,0.0,-32.640668786229845,10.98345854252658,0,0,1
2024_VA,2024,VA,Historical Democratic nominee,Historical Republican nominee,D,Likely,10.039373998799812,10.309373998799812,10.039373998799812,10.039373998799812,0.8612057387113189,1.0,1.0,1.0,0.0,1.3576450198781715,0.9993,10.035396024100557,7.848390757825193,10.04981870354309,12.200211587116698,0,0.0,8.952032284687988,1.0873417141118242,1,1,1
2024_VT,2024,VT,Historical Democratic nominee,Historical Republican nominee,D,Safe,36.32837310561312,36.59837310561312,36.32837310561312,36.32837310561312,0.9986484608161548,1.0,0.95,1.0,0.0,1.289762768884263,1.0,36.335743792746506,34.18603089595616,36.345765031371755,38.45632169497352,0,0.0,32.64053697017699,3.687836135436129,1,1,1
2024_WA,2024,WA,Historical Democratic nominee,Historical Republican nominee,D,Safe,19.581006369581385,19.851006369581384,19.581006369581385,19.581006369581385,0.9723524970755648,1.0,0.95,1.0,0.0,1.289762768884263,1.0,19.5791630617819,17.43996620786778,19.58900580709112,21.717607300469844,0,0.0,18.501674485843935,1.0793318837374493,1,1,1
2024_WI,2024,WI,Historical Democratic nominee,Historical Republican nominee,D,Toss-up,0.3681265330679895,0.6381265330679895,0.3681265330679895,0.3681265330679895,0.516726780163554,1.0,1.1,1.0,0.0,1.4934095218659889,0.54486,0.3708611812746095,-1.8253013781512413,0.36786338318505507,2.562357116816475,7453,0.2281018546856828,0.8677410241822372,-0.4996144911142477,1,1,1
2024_WV,2024,WV,Historical Democratic nominee,Historical Republican nominee,D,Safe,-39.86706462784405,-39.59706462784405,-39.86706462784405,-39.86706462784405,0.0007106943187488781,1.0,0.95,1.0,0.0,1.289762768884263,0.0,-39.872704105646896,-42.014743676880826,-39.87189129312459,-37.74062347577324,0,0.0,-42.47776205712924,2.6106974292851888,0,0,1
2024_WY,2024,WY,Historical Democratic nominee,Historical Republican nominee,R,Safe,-45.23086875117019,-44.96086875117019,-45.23086875117019,-45.23086875117019,0.0002681236031615914,1.0,0.95,1.0,0.0,1.289762768884263,0.0,-45.24303810031869,-47.37935454091624,-45.25242204546319,-43.10617958592684,0,0.0,-51.380342939975975,6.149474188805783,0,0,1
