model_id,model_family,model_family_label,generic_ballot_coefficient,approval_coefficient,midterm_coefficient,component_count,cycle,n_observations,races,mae,rmse,mean_error_dem,brier,winner_accuracy,mean_error,absolute_mean_error
generic_only__gb_0_70,generic_only,Generic ballot only,0.7,0.0,0.0,1,2012,32,32,10.228851287834129,13.344623193141034,-1.380158677453354,0.11309128325352263,0.84375,-1.380158677453354,1.380158677453354
generic_only__gb_0_75,generic_only,Generic ballot only,0.75,0.0,0.0,1,2012,32,32,10.230101287834128,13.345661142875862,-1.3901586774533539,0.11317015745382314,0.84375,-1.3901586774533539,1.3901586774533539
generic_only__gb_0_80,generic_only,Generic ballot only,0.8,0.0,0.0,1,2012,32,32,10.231351287834128,13.346706504378364,-1.4001586774533539,0.11324910284901357,0.84375,-1.4001586774533539,1.4001586774533539
generic_only__gb_0_85,generic_only,Generic ballot only,0.85,0.0,0.0,1,2012,32,32,10.232601287834129,13.34775927590713,-1.4101586774533548,0.11332811939250503,0.84375,-1.4101586774533548,1.4101586774533548
generic_only__gb_0_90,generic_only,Generic ballot only,0.9,0.0,0.0,1,2012,32,32,10.233851287834128,13.348819455708954,-1.4201586774533534,0.11340720703764273,0.84375,-1.4201586774533534,1.4201586774533534
generic_only__gb_0_95,generic_only,Generic ballot only,0.95,0.0,0.0,1,2012,32,32,10.235101287834128,13.349887042018855,-1.4301586774533535,0.11348636573770596,0.84375,-1.4301586774533535,1.4301586774533535
generic_only__gb_1_00,generic_only,Generic ballot only,1.0,0.0,0.0,1,2012,32,32,10.236351287834129,13.35096203306009,-1.4401586774533537,0.11356559544590815,0.84375,-1.4401586774533537,1.4401586774533537
generic_only__gb_1_05,generic_only,Generic ballot only,1.05,0.0,0.0,1,2012,32,32,10.237601287834128,13.352044427044163,-1.4501586774533546,0.11364489611539677,0.84375,-1.4501586774533546,1.4501586774533546
generic_only__gb_1_10,generic_only,Generic ballot only,1.1,0.0,0.0,1,2012,32,32,10.238851287834128,13.353134222170842,-1.4601586774533533,0.1137242676992534,0.84375,-1.4601586774533533,1.4601586774533533
generic_plus_approval__gb_0_70,generic_plus_approval,Generic ballot + approval,0.7,0.5,0.0,2,2012,32,32,10.116455261097563,13.274777174425097,-0.21349201078668711,0.10439008975253591,0.875,-0.21349201078668711,0.21349201078668711
generic_plus_approval__gb_0_75,generic_plus_approval,Generic ballot + approval,0.75,0.5,0.0,2,2012,32,32,10.117080261097563,13.274941765252805,-0.2234920107866878,0.10446035556295727,0.875,-0.2234920107866878,0.2234920107866878
generic_plus_approval__gb_0_80,generic_plus_approval,Generic ballot + approval,0.8,0.5,0.0,2,2012,32,32,10.117705261097564,13.275113886934042,-0.23349201078668624,0.10453069756879424,0.875,-0.23349201078668624,0.23349201078668624
generic_plus_approval__gb_0_85,generic_plus_approval,Generic ballot + approval,0.85,0.5,0.0,2,2012,32,32,10.118330261097563,13.275293539175877,-0.24349201078668736,0.10460111573057693,0.875,-0.24349201078668736,0.24349201078668736
generic_plus_approval__gb_0_90,generic_plus_approval,Generic ballot + approval,0.9,0.5,0.0,2,2012,32,32,10.118955261097561,13.275480721672587,-0.25349201078668737,0.10467161000878325,0.875,-0.25349201078668737,0.25349201078668737
generic_plus_approval__gb_0_95,generic_plus_approval,Generic ballot + approval,0.95,0.5,0.0,2,2012,32,32,10.119580261097564,13.27567543410565,-0.26349201078668694,0.10474218036383895,0.875,-0.26349201078668694,0.26349201078668694
generic_plus_approval__gb_1_00,generic_plus_approval,Generic ballot + approval,1.0,0.5,0.0,2,2012,32,32,10.120205261097563,13.27587767614375,-0.2734920107866863,0.10481282675611725,0.875,-0.2734920107866863,0.2734920107866863
generic_plus_approval__gb_1_05,generic_plus_approval,Generic ballot + approval,1.05,0.5,0.0,2,2012,32,32,10.120830261097563,13.276087447442778,-0.2834920107866874,0.1048835491459387,0.875,-0.2834920107866874,0.2834920107866874
generic_plus_approval__gb_1_10,generic_plus_approval,Generic ballot + approval,1.1,0.5,0.0,2,2012,32,32,10.121455261097564,13.276304747645838,-0.29349201078668763,0.10495434749357088,0.875,-0.29349201078668763,0.29349201078668763
generic_plus_approval_plus_midterm__gb_0_70,generic_plus_approval_plus_midterm,Generic ballot + approval + midterm,0.7,0.5,0.5,3,2012,32,32,10.116455261097563,13.274777174425097,-0.21349201078668711,0.10439008975253591,0.875,-0.21349201078668711,0.21349201078668711
generic_plus_approval_plus_midterm__gb_0_75,generic_plus_approval_plus_midterm,Generic ballot + approval + midterm,0.75,0.5,0.5,3,2012,32,32,10.117080261097563,13.274941765252805,-0.2234920107866878,0.10446035556295727,0.875,-0.2234920107866878,0.2234920107866878
generic_plus_approval_plus_midterm__gb_0_80,generic_plus_approval_plus_midterm,Generic ballot + approval + midterm,0.8,0.5,0.5,3,2012,32,32,10.117705261097564,13.275113886934042,-0.23349201078668624,0.10453069756879424,0.875,-0.23349201078668624,0.23349201078668624
generic_plus_approval_plus_midterm__gb_0_85,generic_plus_approval_plus_midterm,Generic ballot + approval + midterm,0.85,0.5,0.5,3,2012,32,32,10.118330261097563,13.275293539175877,-0.24349201078668736,0.10460111573057693,0.875,-0.24349201078668736,0.24349201078668736
generic_plus_approval_plus_midterm__gb_0_90,generic_plus_approval_plus_midterm,Generic ballot + approval + midterm,0.9,0.5,0.5,3,2012,32,32,10.118955261097561,13.275480721672587,-0.25349201078668737,0.10467161000878325,0.875,-0.25349201078668737,0.25349201078668737
generic_plus_approval_plus_midterm__gb_0_95,generic_plus_approval_plus_midterm,Generic ballot + approval + midterm,0.95,0.5,0.5,3,2012,32,32,10.119580261097564,13.27567543410565,-0.26349201078668694,0.10474218036383895,0.875,-0.26349201078668694,0.26349201078668694
generic_plus_approval_plus_midterm__gb_1_00,generic_plus_approval_plus_midterm,Generic ballot + approval + midterm,1.0,0.5,0.5,3,2012,32,32,10.120205261097563,13.27587767614375,-0.2734920107866863,0.10481282675611725,0.875,-0.2734920107866863,0.2734920107866863
generic_plus_approval_plus_midterm__gb_1_05,generic_plus_approval_plus_midterm,Generic ballot + approval + midterm,1.05,0.5,0.5,3,2012,32,32,10.120830261097563,13.276087447442778,-0.2834920107866874,0.1048835491459387,0.875,-0.2834920107866874,0.2834920107866874
generic_plus_approval_plus_midterm__gb_1_10,generic_plus_approval_plus_midterm,Generic ballot + approval + midterm,1.1,0.5,0.5,3,2012,32,32,10.121455261097564,13.276304747645838,-0.29349201078668763,0.10495434749357088,0.875,-0.29349201078668763,0.29349201078668763
generic_only__gb_0_70,generic_only,Generic ballot only,0.7,0.0,0.0,1,2014,35,35,8.042332828086804,11.855579206389415,1.9187252491262565,0.06726789790745506,0.9142857142857143,1.9187252491262565,1.9187252491262565
generic_only__gb_0_75,generic_only,Generic ballot only,0.75,0.0,0.0,1,2014,35,35,8.03204711380109,11.836750578566011,1.798725249126256,0.06702647072418083,0.9142857142857143,1.798725249126256,1.798725249126256
generic_only__gb_0_80,generic_only,Generic ballot only,0.8,0.0,0.0,1,2014,35,35,8.021761399515375,11.819110381047826,1.678725249126255,0.06679666740739473,0.9142857142857143,1.678725249126255,1.678725249126255
generic_only__gb_0_85,generic_only,Generic ballot only,0.85,0.0,0.0,1,2014,35,35,8.01147568522966,11.802663942500532,1.5587252491262564,0.0665786229357589,0.9142857142857143,1.5587252491262564,1.5587252491262564
generic_only__gb_0_90,generic_only,Generic ballot only,0.9,0.0,0.0,1,2014,35,35,8.001189970943946,11.787416259715778,1.438725249126256,0.0663724725627096,0.9142857142857143,1.438725249126256,1.438725249126256
generic_only__gb_0_95,generic_only,Generic ballot only,0.95,0.0,0.0,1,2014,35,35,7.990904256658235,11.773371990216804,1.318725249126256,0.06617835158261834,0.9142857142857143,1.318725249126256,1.318725249126256
generic_only__gb_1_00,generic_only,Generic ballot only,1.0,0.0,0.0,1,2014,35,35,7.98061854237252,11.76053544530313,1.1987252491262566,0.06599639509456448,0.9142857142857143,1.1987252491262566,1.1987252491262566
generic_only__gb_1_05,generic_only,Generic ballot only,1.05,0.0,0.0,1,2014,35,35,7.9764803444579195,11.748910583557992,1.078725249126256,0.0658267377641696,0.9142857142857143,1.078725249126256,1.078725249126256
generic_only__gb_1_10,generic_only,Generic ballot only,1.1,0.0,0.0,1,2014,35,35,7.973051773029348,11.738501004840895,0.958725249126255,0.06566951358396007,0.9142857142857143,0.958725249126255,0.958725249126255
generic_plus_approval__gb_0_70,generic_plus_approval,Generic ballot + approval,0.7,0.5,0.0,2,2014,35,35,7.999475685229662,11.784991857012326,1.4187252491262559,0.06633928003931729,0.9142857142857143,1.4187252491262559,1.4187252491262559
generic_plus_approval__gb_0_75,generic_plus_approval,Generic ballot + approval,0.75,0.5,0.0,2,2014,35,35,7.989189970943947,11.771148584996137,1.2987252491262558,0.06614717710143407,0.9142857142857143,1.2987252491262558,1.2987252491262558
generic_plus_approval__gb_0_80,generic_plus_approval,Generic ballot + approval,0.8,0.5,0.0,2,2014,35,35,7.979337487315061,11.758513721991664,1.1787252491262554,0.06596726113641577,0.9142857142857143,1.1787252491262554,1.1787252491262554
generic_plus_approval__gb_0_85,generic_plus_approval,Generic ballot + approval,0.85,0.5,0.0,2,2014,35,35,7.97590891588649,11.747091167198624,1.0587252491262564,0.06579966671437565,0.9142857142857143,1.0587252491262564,1.0587252491262564
generic_plus_approval__gb_0_90,generic_plus_approval,Generic ballot + approval,0.9,0.5,0.0,2,2014,35,35,7.972480344457918,11.736884460140418,0.938725249126256,0.06564452769228281,0.9142857142857143,0.938725249126256,0.938725249126256
generic_plus_approval__gb_0_95,generic_plus_approval,Generic ballot + approval,0.95,0.5,0.0,2,2014,35,35,7.969051773029348,11.727896775248976,0.8187252491262557,0.06550197697321684,0.9142857142857143,0.8187252491262557,0.8187252491262557
generic_plus_approval__gb_1_00,generic_plus_approval,Generic ballot + approval,1.0,0.5,0.0,2,2014,35,35,7.965623201600777,11.720130916978063,0.6987252491262567,0.06537214626521007,0.9142857142857143,0.6987252491262567,0.6987252491262567
generic_plus_approval__gb_1_05,generic_plus_approval,Generic ballot + approval,1.05,0.5,0.0,2,2014,35,35,7.962194630172205,11.713589315462393,0.578725249126256,0.06525516584018562,0.9142857142857143,0.578725249126256,0.578725249126256
generic_plus_approval__gb_1_10,generic_plus_approval,Generic ballot + approval,1.1,0.5,0.0,2,2014,35,35,7.960917700376256,11.708274022738125,0.45872524912625506,0.06515116429350963,0.9142857142857143,0.45872524912625506,0.45872524912625506
generic_plus_approval_plus_midterm__gb_0_70,generic_plus_approval_plus_midterm,Generic ballot + approval + midterm,0.7,0.5,0.5,3,2014,35,35,8.042332828086804,11.855579206389415,1.9187252491262565,0.06726789790745506,0.9142857142857143,1.9187252491262565,1.9187252491262565
generic_plus_approval_plus_midterm__gb_0_75,generic_plus_approval_plus_midterm,Generic ballot + approval + midterm,0.75,0.5,0.5,3,2014,35,35,8.03204711380109,11.836750578566011,1.798725249126256,0.06702647072418083,0.9142857142857143,1.798725249126256,1.798725249126256
generic_plus_approval_plus_midterm__gb_0_80,generic_plus_approval_plus_midterm,Generic ballot + approval + midterm,0.8,0.5,0.5,3,2014,35,35,8.021761399515375,11.819110381047826,1.678725249126255,0.06679666740739473,0.9142857142857143,1.678725249126255,1.678725249126255
generic_plus_approval_plus_midterm__gb_0_85,generic_plus_approval_plus_midterm,Generic ballot + approval + midterm,0.85,0.5,0.5,3,2014,35,35,8.01147568522966,11.802663942500532,1.5587252491262564,0.0665786229357589,0.9142857142857143,1.5587252491262564,1.5587252491262564
generic_plus_approval_plus_midterm__gb_0_90,generic_plus_approval_plus_midterm,Generic ballot + approval + midterm,0.9,0.5,0.5,3,2014,35,35,8.001189970943946,11.787416259715778,1.438725249126256,0.0663724725627096,0.9142857142857143,1.438725249126256,1.438725249126256
generic_plus_approval_plus_midterm__gb_0_95,generic_plus_approval_plus_midterm,Generic ballot + approval + midterm,0.95,0.5,0.5,3,2014,35,35,7.990904256658235,11.773371990216804,1.318725249126256,0.06617835158261834,0.9142857142857143,1.318725249126256,1.318725249126256
generic_plus_approval_plus_midterm__gb_1_00,generic_plus_approval_plus_midterm,Generic ballot + approval + midterm,1.0,0.5,0.5,3,2014,35,35,7.98061854237252,11.76053544530313,1.1987252491262566,0.06599639509456448,0.9142857142857143,1.1987252491262566,1.1987252491262566
generic_plus_approval_plus_midterm__gb_1_05,generic_plus_approval_plus_midterm,Generic ballot + approval + midterm,1.05,0.5,0.5,3,2014,35,35,7.9764803444579195,11.748910583557992,1.078725249126256,0.0658267377641696,0.9142857142857143,1.078725249126256,1.078725249126256
generic_plus_approval_plus_midterm__gb_1_10,generic_plus_approval_plus_midterm,Generic ballot + approval + midterm,1.1,0.5,0.5,3,2014,35,35,7.973051773029348,11.738501004840895,0.958725249126255,0.06566951358396007,0.9142857142857143,0.958725249126255,0.958725249126255
generic_only__gb_0_70,generic_only,Generic ballot only,0.7,0.0,0.0,1,2016,33,33,10.940995965647017,15.57492444294872,6.803650110851865,0.09106137964505115,0.8484848484848485,6.803650110851865,6.803650110851865
generic_only__gb_0_75,generic_only,Generic ballot only,0.75,0.0,0.0,1,2016,33,33,10.954632329283381,15.588052810091856,6.833650110851863,0.09131896590573627,0.8484848484848485,6.833650110851863,6.833650110851863
generic_only__gb_0_80,generic_only,Generic ballot only,0.8,0.0,0.0,1,2016,33,33,10.968268692919743,15.601227817606656,6.863650110851863,0.09157722826783422,0.8484848484848485,6.863650110851863,6.863650110851863
generic_only__gb_0_85,generic_only,Generic ballot only,0.85,0.0,0.0,1,2016,33,33,10.981905056556108,15.614449347431847,6.893650110851863,0.09183616340249863,0.8484848484848485,6.893650110851863,6.893650110851863
generic_only__gb_0_90,generic_only,Generic ballot only,0.9,0.0,0.0,1,2016,33,33,10.997182044777825,15.627717281489511,6.923650110851862,0.09209576799770015,0.8484848484848485,6.923650110851862,6.923650110851862
generic_only__gb_0_95,generic_only,Generic ballot only,0.95,0.0,0.0,1,2016,33,33,11.012636590232372,15.64103150168866,6.953650110851863,0.09235603875845032,0.8484848484848485,6.953650110851863,6.953650110851863
generic_only__gb_1_00,generic_only,Generic ballot only,1.0,0.0,0.0,1,2016,33,33,11.028091135686918,15.654391889928785,6.9836501108518645,0.09261697240702224,0.8484848484848485,6.9836501108518645,6.9836501108518645
generic_only__gb_1_05,generic_only,Generic ballot only,1.05,0.0,0.0,1,2016,33,33,11.043545681141463,15.667798328103386,7.013650110851864,0.09287856568316842,0.8484848484848485,7.013650110851864,7.013650110851864
generic_only__gb_1_10,generic_only,Generic ballot only,1.1,0.0,0.0,1,2016,33,33,11.059000226596005,15.681250698103463,7.043650110851862,0.09314081534433556,0.8484848484848485,7.043650110851862,7.043650110851862
generic_plus_approval__gb_0_70,generic_plus_approval,Generic ballot + approval,0.7,0.5,0.0,2,2016,33,33,11.622232549828333,16.201824469596346,8.136983444185196,0.10311953190556745,0.8484848484848485,8.136983444185196,8.136983444185196
generic_plus_approval__gb_0_75,generic_plus_approval,Generic ballot + approval,0.75,0.5,0.0,2,2016,33,33,11.637687095282875,16.216912010313862,8.166983444185194,0.10340421116746176,0.8484848484848485,8.166983444185194,8.166983444185194
generic_plus_approval__gb_0_80,generic_plus_approval,Generic ballot + approval,0.8,0.5,0.0,2,2016,33,33,11.653141640737422,16.232040973239105,8.196983444185195,0.10368943743202758,0.8484848484848485,8.196983444185195,8.196983444185195
generic_plus_approval__gb_0_85,generic_plus_approval,Generic ballot + approval,0.85,0.5,0.0,2,2016,33,33,11.668596186191968,16.24721124265836,8.226983444185196,0.10397520829072593,0.8484848484848485,8.226983444185196,8.226983444185196
generic_plus_approval__gb_0_90,generic_plus_approval,Generic ballot + approval,0.9,0.5,0.0,2,2016,33,33,11.684050731646515,16.262422702974344,8.256983444185197,0.10426152135867935,0.8484848484848485,8.256983444185197,8.256983444185197
generic_plus_approval__gb_0_95,generic_plus_approval,Generic ballot + approval,0.95,0.5,0.0,2,2016,33,33,11.699505277101055,16.277675238708582,8.286983444185195,0.10454837427474876,0.8484848484848485,8.286983444185195,8.286983444185195
generic_plus_approval__gb_1_00,generic_plus_approval,Generic ballot + approval,1.0,0.5,0.0,2,2016,33,33,11.714959822555603,16.292968734503777,8.316983444185196,0.10483576470160695,0.8484848484848485,8.316983444185196,8.316983444185196
generic_plus_approval__gb_1_05,generic_plus_approval,Generic ballot + approval,1.05,0.5,0.0,2,2016,33,33,11.730414368010148,16.30830307512614,8.346983444185197,0.10512369032580852,0.8484848484848485,8.346983444185197,8.346983444185197
generic_plus_approval__gb_1_10,generic_plus_approval,Generic ballot + approval,1.1,0.5,0.0,2,2016,33,33,11.745868913464696,16.3236781454677,8.376983444185194,0.10541214885785642,0.8484848484848485,8.376983444185194,8.376983444185194
generic_plus_approval_plus_midterm__gb_0_70,generic_plus_approval_plus_midterm,Generic ballot + approval + midterm,0.7,0.5,0.5,3,2016,33,33,11.622232549828333,16.201824469596346,8.136983444185196,0.10311953190556745,0.8484848484848485,8.136983444185196,8.136983444185196
generic_plus_approval_plus_midterm__gb_0_75,generic_plus_approval_plus_midterm,Generic ballot + approval + midterm,0.75,0.5,0.5,3,2016,33,33,11.637687095282875,16.216912010313862,8.166983444185194,0.10340421116746176,0.8484848484848485,8.166983444185194,8.166983444185194
generic_plus_approval_plus_midterm__gb_0_80,generic_plus_approval_plus_midterm,Generic ballot + approval + midterm,0.8,0.5,0.5,3,2016,33,33,11.653141640737422,16.232040973239105,8.196983444185195,0.10368943743202758,0.8484848484848485,8.196983444185195,8.196983444185195
generic_plus_approval_plus_midterm__gb_0_85,generic_plus_approval_plus_midterm,Generic ballot + approval + midterm,0.85,0.5,0.5,3,2016,33,33,11.668596186191968,16.24721124265836,8.226983444185196,0.10397520829072593,0.8484848484848485,8.226983444185196,8.226983444185196
generic_plus_approval_plus_midterm__gb_0_90,generic_plus_approval_plus_midterm,Generic ballot + approval + midterm,0.9,0.5,0.5,3,2016,33,33,11.684050731646515,16.262422702974344,8.256983444185197,0.10426152135867935,0.8484848484848485,8.256983444185197,8.256983444185197
generic_plus_approval_plus_midterm__gb_0_95,generic_plus_approval_plus_midterm,Generic ballot + approval + midterm,0.95,0.5,0.5,3,2016,33,33,11.699505277101055,16.277675238708582,8.286983444185195,0.10454837427474876,0.8484848484848485,8.286983444185195,8.286983444185195
generic_plus_approval_plus_midterm__gb_1_00,generic_plus_approval_plus_midterm,Generic ballot + approval + midterm,1.0,0.5,0.5,3,2016,33,33,11.714959822555603,16.292968734503777,8.316983444185196,0.10483576470160695,0.8484848484848485,8.316983444185196,8.316983444185196
generic_plus_approval_plus_midterm__gb_1_05,generic_plus_approval_plus_midterm,Generic ballot + approval + midterm,1.05,0.5,0.5,3,2016,33,33,11.730414368010148,16.30830307512614,8.346983444185197,0.10512369032580852,0.8484848484848485,8.346983444185197,8.346983444185197
generic_plus_approval_plus_midterm__gb_1_10,generic_plus_approval_plus_midterm,Generic ballot + approval + midterm,1.1,0.5,0.5,3,2016,33,33,11.745868913464696,16.3236781454677,8.376983444185194,0.10541214885785642,0.8484848484848485,8.376983444185194,8.376983444185194
generic_only__gb_0_70,generic_only,Generic ballot only,0.7,0.0,0.0,1,2018,33,33,8.368698742939685,11.719809840737128,-5.318091864565284,0.10750771044188631,0.8787878787878788,-5.318091864565284,5.318091864565284
generic_only__gb_0_75,generic_only,Generic ballot only,0.75,0.0,0.0,1,2018,33,33,8.15854722778817,11.558761207063071,-4.953091864565282,0.10603066314000206,0.8787878787878788,-4.953091864565282,4.953091864565282
generic_only__gb_0_80,generic_only,Generic ballot only,0.8,0.0,0.0,1,2018,33,33,7.948395712636654,11.407121835974817,-4.588091864565283,0.10469720362039625,0.8787878787878788,-4.588091864565283,4.588091864565283
generic_only__gb_0_85,generic_only,Generic ballot only,0.85,0.0,0.0,1,2018,33,33,7.744505995081553,11.265271701989297,-4.223091864565284,0.10350349570247472,0.8787878787878788,-4.223091864565284,4.223091864565284
generic_only__gb_0_90,generic_only,Generic ballot only,0.9,0.0,0.0,1,2018,33,33,7.580532302515579,11.13358497782759,-3.8580918645652833,0.1024455872600623,0.8787878787878788,-3.8580918645652833,3.8580918645652833
generic_only__gb_0_95,generic_only,Generic ballot only,0.95,0.0,0.0,1,2018,33,33,7.446353853788241,11.012426272051746,-3.493091864565284,0.10151945933280339,0.8787878787878788,-3.493091864565284,3.493091864565284
generic_only__gb_1_00,generic_only,Generic ballot only,1.0,0.0,0.0,1,2018,33,33,7.354304108891034,10.902146593045009,-3.1280918645652847,0.10072107149289931,0.8787878787878788,-3.1280918645652847,3.1280918645652847
generic_only__gb_1_05,generic_only,Generic ballot only,1.05,0.0,0.0,1,2018,33,33,7.313859207098059,10.803079110841976,-2.763091864565284,0.10004640348419883,0.8787878787878788,-2.763091864565284,2.763091864565284
generic_only__gb_1_10,generic_only,Generic ballot only,1.1,0.0,0.0,1,2018,33,33,7.28067738891624,10.71553480765088,-2.3980918645652824,0.09949149329445549,0.8787878787878788,-2.3980918645652824,2.3980918645652824
generic_plus_approval__gb_0_70,generic_plus_approval,Generic ballot + approval,0.7,0.5,0.0,2,2018,33,33,7.888900763141706,11.36595357664904,-4.484758531231951,0.10434524696417145,0.8787878787878788,-4.484758531231951,4.484758531231951
generic_plus_approval__gb_0_75,generic_plus_approval,Generic ballot + approval,0.75,0.5,0.0,2,2018,33,33,7.697536298111857,11.22694312708236,-4.119758531231951,0.1031903893989542,0.8787878787878788,-4.119758531231951,4.119758531231951
generic_plus_approval__gb_0_80,generic_plus_approval,Generic ballot + approval,0.8,0.5,0.0,2,2018,33,33,7.539825231808507,11.098200451016483,-3.754758531231951,0.10217019826431607,0.8787878787878788,-3.754758531231951,3.754758531231951
generic_plus_approval__gb_0_85,generic_plus_approval,Generic ballot + approval,0.85,0.5,0.0,2,2018,33,33,7.418172035606424,10.980086726576578,-3.3897585312319496,0.10128064408211848,0.8787878787878788,-3.3897585312319496,3.3897585312319496
generic_plus_approval__gb_0_90,generic_plus_approval,Generic ballot + approval,0.9,0.5,0.0,2,2018,33,33,7.338628144049405,10.87294834878488,-3.0247585312319503,0.10051768806861601,0.8787878787878788,-3.0247585312319503,3.0247585312319503
generic_plus_approval__gb_0_95,generic_plus_approval,Generic ballot + approval,0.95,0.5,0.0,2,2018,33,33,7.304465267704119,10.777112649849427,-2.6597585312319514,0.09987732274230143,0.8787878787878788,-2.6597585312319514,2.6597585312319514
generic_plus_approval__gb_1_00,generic_plus_approval,Generic ballot + approval,1.0,0.5,0.0,2,2018,33,33,7.2712834495223015,10.692883537182345,-2.2947585312319507,0.09935560903029972,0.8787878787878788,-2.2947585312319507,2.2947585312319507
generic_plus_approval__gb_1_05,generic_plus_approval,Generic ballot + approval,1.05,0.5,0.0,2,2018,33,33,7.251111396791334,10.620537162118772,-1.9297585312319498,0.09894871015076734,0.8787878787878788,-1.9297585312319498,1.9297585312319498
generic_plus_approval__gb_1_10,generic_plus_approval,Generic ballot + approval,1.1,0.5,0.0,2,2018,33,33,7.240050790730729,10.560317745415928,-1.5647585312319479,0.09865292258395283,0.9090909090909091,-1.5647585312319479,1.5647585312319479
generic_plus_approval_plus_midterm__gb_0_70,generic_plus_approval_plus_midterm,Generic ballot + approval + midterm,0.7,0.5,0.5,3,2018,33,33,7.636172661748221,11.178109955413266,-3.9847585312319516,0.10279757918081388,0.8787878787878788,-3.9847585312319516,3.9847585312319516
generic_plus_approval_plus_midterm__gb_0_75,generic_plus_approval_plus_midterm,Generic ballot + approval + midterm,0.75,0.5,0.5,3,2018,33,33,7.48664341362669,11.053257142015191,-3.6197585312319513,0.10182617680428033,0.8787878787878788,-3.6197585312319513,3.6197585312319513
generic_plus_approval_plus_midterm__gb_0_80,generic_plus_approval_plus_midterm,Generic ballot + approval + midterm,0.8,0.5,0.5,3,2018,33,33,7.381353853788242,10.939163346422365,-3.254758531231951,0.10098391642844823,0.8787878787878788,-3.254758531231951,3.254758531231951
generic_plus_approval_plus_midterm__gb_0_85,generic_plus_approval_plus_midterm,Generic ballot + approval + midterm,0.85,0.5,0.5,3,2018,33,33,7.32537435861321,10.836168418399154,-2.8897585312319496,0.10026676630658438,0.8787878787878788,-2.8897585312319496,2.8897585312319496
generic_plus_approval_plus_midterm__gb_0_90,generic_plus_approval_plus_midterm,Generic ballot + approval + midterm,0.9,0.5,0.5,3,2018,33,33,7.292192540431392,10.744591535470853,-2.524758531231951,0.09967074011306597,0.8787878787878788,-2.524758531231951,2.524758531231951
generic_plus_approval_plus_midterm__gb_0_95,generic_plus_approval_plus_midterm,Generic ballot + approval + midterm,0.95,0.5,0.5,3,2018,33,33,7.259010722249574,10.664726838335456,-2.1597585312319514,0.09919193282207427,0.8787878787878788,-2.1597585312319514,2.1597585312319514
generic_plus_approval_plus_midterm__gb_1_00,generic_plus_approval_plus_midterm,Generic ballot + approval + midterm,1.0,0.5,0.5,3,2018,33,33,7.247020487700425,10.596839142334531,-1.7947585312319507,0.09882655347641503,0.9090909090909091,-1.7947585312319507,1.7947585312319507
generic_plus_approval_plus_midterm__gb_1_05,generic_plus_approval_plus_midterm,Generic ballot + approval + midterm,1.05,0.5,0.5,3,2018,33,33,7.235959881639819,10.54115985462292,-1.4297585312319498,0.09857095515998318,0.9090909090909091,-1.4297585312319498,1.4297585312319498
generic_plus_approval_plus_midterm__gb_1_10,generic_plus_approval_plus_midterm,Generic ballot + approval + midterm,1.1,0.5,0.5,3,2018,33,33,7.224899275579213,10.4978832320099,-1.0647585312319476,0.0984216624589704,0.9090909090909091,-1.0647585312319476,1.0647585312319476
generic_only__gb_0_70,generic_only,Generic ballot only,0.7,0.0,0.0,1,2020,33,33,5.594206465217906,9.070120125586842,1.826015027825221,0.05651557805350958,0.9393939393939394,1.826015027825221,1.826015027825221
generic_only__gb_0_75,generic_only,Generic ballot only,0.75,0.0,0.0,1,2020,33,33,5.645721616733056,9.144636095083095,2.1660150278252224,0.05738811513381593,0.9393939393939394,2.1660150278252224,2.1660150278252224
generic_only__gb_0_80,generic_only,Generic ballot only,0.8,0.0,0.0,1,2020,33,33,5.715476095948712,9.231081168011563,2.5060150278252222,0.058395431954089076,0.9090909090909091,2.5060150278252222,2.5060150278252222
generic_only__gb_0_85,generic_only,Generic ballot only,0.85,0.0,0.0,1,2020,33,33,5.787597308069923,9.329123739630584,2.8460150278252225,0.0595347387297444,0.9090909090909091,2.8460150278252225,2.8460150278252225
generic_only__gb_0_90,generic_only,Generic ballot only,0.9,0.0,0.0,1,2020,33,33,5.877790052014099,9.438402405505926,3.1860150278252233,0.06080306856769892,0.9090909090909091,3.1860150278252233,3.1860150278252233
generic_only__gb_0_95,generic_only,Generic ballot only,0.95,0.0,0.0,1,2020,33,33,6.012284628496959,9.558531800814453,3.526015027825223,0.06219730205265935,0.9090909090909091,3.526015027825223,3.526015027825223
generic_only__gb_1_00,generic_only,Generic ballot only,1.0,0.0,0.0,1,2020,33,33,6.166830083042412,9.689108339063113,3.8660150278252217,0.06371419290143657,0.9090909090909091,3.8660150278252217,3.8660150278252217
generic_only__gb_1_05,generic_only,Generic ballot only,1.05,0.0,0.0,1,2020,33,33,6.324742061038784,9.829715694007813,4.206015027825222,0.06535039436711715,0.9090909090909091,4.206015027825222,4.206015027825222
generic_only__gb_1_10,generic_only,Generic ballot only,1.1,0.0,0.0,1,2020,33,33,6.499893576190299,9.979929901755057,4.546015027825223,0.06710248606543645,0.9090909090909091,4.546015027825223,4.546015027825223
generic_plus_approval__gb_0_70,generic_plus_approval,Generic ballot + approval,0.7,0.5,0.0,2,2020,33,33,5.568953939965379,9.038041004244864,1.6593483611585553,0.05613788470623823,0.9393939393939394,1.6593483611585553,1.6593483611585553
generic_plus_approval__gb_0_75,generic_plus_approval,Generic ballot + approval,0.75,0.5,0.0,2,2020,33,33,5.62046909148053,9.106598820635469,1.9993483611585559,0.05694339421349702,0.9393939393939394,1.9993483611585559,1.9993483611585559
generic_plus_approval__gb_0_80,generic_plus_approval,Generic ballot + approval,0.8,0.5,0.0,2,2020,33,33,5.680122560595176,9.187235654188214,2.3393483611585557,0.05788497921505717,0.9393939393939394,2.3393483611585557,2.3393483611585557
generic_plus_approval__gb_0_85,generic_plus_approval,Generic ballot + approval,0.85,0.5,0.0,2,2020,33,33,5.752243772716389,9.279636622798057,2.6793483611585542,0.05895994531997327,0.9090909090909091,2.6793483611585542,2.6793483611585542
generic_plus_approval__gb_0_90,generic_plus_approval,Generic ballot + approval,0.9,0.5,0.0,2,2020,33,33,5.824364984837601,9.383454200706835,3.0193483611585554,0.06016540945914198,0.9090909090909091,3.0193483611585554,3.0193483611585554
generic_plus_approval__gb_0_95,generic_plus_approval,Generic ballot + approval,0.95,0.5,0.0,2,2020,33,33,5.945602357289128,9.498314041047,3.359348361158556,0.06149832383649487,0.9090909090909091,3.359348361158556,3.359348361158556
generic_plus_approval__gb_1_00,generic_plus_approval,Generic ballot + approval,1.0,0.5,0.0,2,2020,33,33,6.091072507284836,9.623820785319019,3.6993483611585547,0.06295550109867948,0.9090909090909091,3.6993483611585547,3.6993483611585547
generic_plus_approval__gb_1_05,generic_plus_approval,Generic ballot + approval,1.05,0.5,0.0,2,2020,33,33,6.24561796183029,9.759563688686406,4.039348361158554,0.06453364041216086,0.9090909090909091,4.039348361158554,4.039348361158554
generic_plus_approval__gb_1_10,generic_plus_approval,Generic ballot + approval,1.1,0.5,0.0,2,2020,33,33,6.414034990331713,9.905121921466389,4.379348361158556,0.06622935412391498,0.9090909090909091,4.379348361158556,4.379348361158556
generic_plus_approval_plus_midterm__gb_0_70,generic_plus_approval_plus_midterm,Generic ballot + approval + midterm,0.7,0.5,0.5,3,2020,33,33,5.568953939965379,9.038041004244864,1.6593483611585553,0.05613788470623823,0.9393939393939394,1.6593483611585553,1.6593483611585553
generic_plus_approval_plus_midterm__gb_0_75,generic_plus_approval_plus_midterm,Generic ballot + approval + midterm,0.75,0.5,0.5,3,2020,33,33,5.62046909148053,9.106598820635469,1.9993483611585559,0.05694339421349702,0.9393939393939394,1.9993483611585559,1.9993483611585559
generic_plus_approval_plus_midterm__gb_0_80,generic_plus_approval_plus_midterm,Generic ballot + approval + midterm,0.8,0.5,0.5,3,2020,33,33,5.680122560595176,9.187235654188214,2.3393483611585557,0.05788497921505717,0.9393939393939394,2.3393483611585557,2.3393483611585557
generic_plus_approval_plus_midterm__gb_0_85,generic_plus_approval_plus_midterm,Generic ballot + approval + midterm,0.85,0.5,0.5,3,2020,33,33,5.752243772716389,9.279636622798057,2.6793483611585542,0.05895994531997327,0.9090909090909091,2.6793483611585542,2.6793483611585542
generic_plus_approval_plus_midterm__gb_0_90,generic_plus_approval_plus_midterm,Generic ballot + approval + midterm,0.9,0.5,0.5,3,2020,33,33,5.824364984837601,9.383454200706835,3.0193483611585554,0.06016540945914198,0.9090909090909091,3.0193483611585554,3.0193483611585554
generic_plus_approval_plus_midterm__gb_0_95,generic_plus_approval_plus_midterm,Generic ballot + approval + midterm,0.95,0.5,0.5,3,2020,33,33,5.945602357289128,9.498314041047,3.359348361158556,0.06149832383649487,0.9090909090909091,3.359348361158556,3.359348361158556
generic_plus_approval_plus_midterm__gb_1_00,generic_plus_approval_plus_midterm,Generic ballot + approval + midterm,1.0,0.5,0.5,3,2020,33,33,6.091072507284836,9.623820785319019,3.6993483611585547,0.06295550109867948,0.9090909090909091,3.6993483611585547,3.6993483611585547
generic_plus_approval_plus_midterm__gb_1_05,generic_plus_approval_plus_midterm,Generic ballot + approval + midterm,1.05,0.5,0.5,3,2020,33,33,6.24561796183029,9.759563688686406,4.039348361158554,0.06453364041216086,0.9090909090909091,4.039348361158554,4.039348361158554
generic_plus_approval_plus_midterm__gb_1_10,generic_plus_approval_plus_midterm,Generic ballot + approval + midterm,1.1,0.5,0.5,3,2020,33,33,6.414034990331713,9.905121921466389,4.379348361158556,0.06622935412391498,0.9090909090909091,4.379348361158556,4.379348361158556
generic_only__gb_0_70,generic_only,Generic ballot only,0.7,0.0,0.0,1,2022,34,34,6.421471123800382,9.312002453966855,2.345650964218603,0.047245504877761635,0.9411764705882353,2.345650964218603,2.345650964218603
generic_only__gb_0_75,generic_only,Generic ballot only,0.75,0.0,0.0,1,2022,34,34,6.407353476741558,9.297070053892167,2.2856509642186054,0.047373078576769215,0.9411764705882353,2.2856509642186054,2.2856509642186054
generic_only__gb_0_80,generic_only,Generic ballot only,0.8,0.0,0.0,1,2022,34,34,6.393235829682734,9.282501466268252,2.2256509642186035,0.047505077773053656,0.9411764705882353,2.2256509642186035,2.2256509642186035
generic_only__gb_0_85,generic_only,Generic ballot only,0.85,0.0,0.0,1,2022,34,34,6.379118182623912,9.26829840669613,2.165650964218604,0.047641483907725296,0.9411764705882353,2.165650964218604,2.165650964218604
generic_only__gb_0_90,generic_only,Generic ballot only,0.9,0.0,0.0,1,2022,34,34,6.365000535565088,9.254462558131605,2.105650964218605,0.04778227789885189,0.9411764705882353,2.105650964218605,2.105650964218605
generic_only__gb_0_95,generic_only,Generic ballot only,0.95,0.0,0.0,1,2022,34,34,6.350882888506264,9.240995569967208,2.045650964218604,0.04792744014658444,0.9411764705882353,2.045650964218604,2.045650964218604
generic_only__gb_1_00,generic_only,Generic ballot only,1.0,0.0,0.0,1,2022,34,34,6.336765241447442,9.227899057122771,1.985650964218604,0.04807695053852945,0.9117647058823529,1.985650964218604,1.985650964218604
generic_only__gb_1_05,generic_only,Generic ballot only,1.05,0.0,0.0,1,2022,34,34,6.325836678287608,9.215174599145755,1.9256509642186042,0.04823078845536456,0.9117647058823529,1.9256509642186042,1.9256509642186042
generic_only__gb_1_10,generic_only,Generic ballot only,1.1,0.0,0.0,1,2022,34,34,6.315248442993491,9.202823739322342,1.865650964218604,0.04838893277669422,0.9117647058823529,1.865650964218604,1.865650964218604
generic_plus_approval__gb_0_70,generic_plus_approval,Generic ballot + approval,0.7,0.5,0.0,2,2022,34,34,6.291130795934667,9.176093828962639,1.7289842975519372,0.04876511042250006,0.9117647058823529,1.7289842975519372,1.7289842975519372
generic_plus_approval__gb_0_75,generic_plus_approval,Generic ballot + approval,0.75,0.5,0.0,2,2022,34,34,6.28054256064055,9.164977896439249,1.6689842975519382,0.04893721604968676,0.9117647058823529,1.6689842975519382,1.6689842975519382
generic_plus_approval__gb_0_80,generic_plus_approval,Generic ballot + approval,0.8,0.5,0.0,2,2022,34,34,6.269954325346432,9.15424173410959,1.6089842975519368,0.04911353222498331,0.9117647058823529,1.6089842975519368,1.6089842975519368
generic_plus_approval__gb_0_85,generic_plus_approval,Generic ballot + approval,0.85,0.5,0.0,2,2022,34,34,6.259366090052315,9.143886679678808,1.5489842975519366,0.04929403528978477,0.9117647058823529,1.5489842975519366,1.5489842975519366
generic_plus_approval__gb_0_90,generic_plus_approval,Generic ballot + approval,0.9,0.5,0.0,2,2022,34,34,6.254760758979126,9.133914029325068,1.488984297551938,0.049478701126417356,0.9117647058823529,1.488984297551938,1.488984297551938
generic_plus_approval__gb_0_95,generic_plus_approval,Generic ballot + approval,0.95,0.5,0.0,2,2022,34,34,6.252582939102487,9.12432503692164,1.4289842975519367,0.049667505165622655,0.9117647058823529,1.4289842975519367,1.4289842975519367
generic_plus_approval__gb_1_00,generic_plus_approval,Generic ballot + approval,1.0,0.5,0.0,2,2022,34,34,6.252582939102487,9.115120913278597,1.368984297551937,0.04986042239424749,0.9117647058823529,1.368984297551937,1.368984297551937
generic_plus_approval__gb_1_05,generic_plus_approval,Generic ballot + approval,1.05,0.5,0.0,2,2022,34,34,6.252582939102487,9.106302825405193,1.308984297551937,0.05005742736313382,0.9117647058823529,1.308984297551937,1.308984297551937
generic_plus_approval__gb_1_10,generic_plus_approval,Generic ballot + approval,1.1,0.5,0.0,2,2022,34,34,6.252922851714265,9.097871895793894,1.248984297551937,0.05025849419520458,0.9117647058823529,1.248984297551937,1.248984297551937
generic_plus_approval_plus_midterm__gb_0_70,generic_plus_approval_plus_midterm,Generic ballot + approval + midterm,0.7,0.5,0.5,3,2022,34,34,6.394020143408224,9.28330125846825,2.228984297551937,0.04749762869657945,0.9411764705882353,2.228984297551937,2.228984297551937
generic_plus_approval_plus_midterm__gb_0_75,generic_plus_approval_plus_midterm,Generic ballot + approval + midterm,0.75,0.5,0.5,3,2022,34,34,6.379902496349401,9.269077847325047,2.1689842975519382,0.04763379049714144,0.9411764705882353,2.1689842975519382,2.1689842975519382
generic_plus_approval_plus_midterm__gb_0_80,generic_plus_approval_plus_midterm,Generic ballot + approval + midterm,0.8,0.5,0.5,3,2022,34,34,6.365784849290577,9.255221554563981,2.108984297551937,0.04777434122790148,0.9411764705882353,2.108984297551937,2.108984297551937
generic_plus_approval_plus_midterm__gb_0_85,generic_plus_approval_plus_midterm,Generic ballot + approval + midterm,0.85,0.5,0.5,3,2022,34,34,6.351667202231756,9.241734031466144,2.0489842975519363,0.047919261317645054,0.9411764705882353,2.0489842975519363,2.0489842975519363
generic_plus_approval_plus_midterm__gb_0_90,generic_plus_approval_plus_midterm,Generic ballot + approval + midterm,0.9,0.5,0.5,3,2022,34,34,6.337549555172932,9.228616894890221,1.988984297551938,0.04806853068230824,0.9117647058823529,1.988984297551938,1.988984297551938
generic_plus_approval_plus_midterm__gb_0_95,generic_plus_approval_plus_midterm,Generic ballot + approval + midterm,0.95,0.5,0.5,3,2022,34,34,6.326424913581726,9.215871726372225,1.928984297551937,0.048222128730580016,0.9117647058823529,1.928984297551937,1.928984297551937
generic_plus_approval_plus_midterm__gb_1_00,generic_plus_approval_plus_midterm,Generic ballot + approval + midterm,1.0,0.5,0.5,3,2022,34,34,6.315836678287608,9.203500071235986,1.868984297551937,0.048380034369744536,0.9117647058823529,1.868984297551937,1.868984297551937
generic_plus_approval_plus_midterm__gb_1_05,generic_plus_approval_plus_midterm,Generic ballot + approval + midterm,1.05,0.5,0.5,3,2022,34,34,6.30524844299349,9.191503437715427,1.8089842975519375,0.04854222601176027,0.9117647058823529,1.8089842975519375,1.8089842975519375
generic_plus_approval_plus_midterm__gb_1_10,generic_plus_approval_plus_midterm,Generic ballot + approval + midterm,1.1,0.5,0.5,3,2022,34,34,6.294660207699374,9.179883296089788,1.748984297551937,0.04870868157957185,0.9117647058823529,1.748984297551937,1.748984297551937
generic_only__gb_0_70,generic_only,Generic ballot only,0.7,0.0,0.0,1,2024,34,34,5.522873153889717,7.416172023272185,2.7686098454510586,0.040902187158955036,0.9705882352941176,2.7686098454510586,2.7686098454510586
generic_only__gb_0_75,generic_only,Generic ballot only,0.75,0.0,0.0,1,2024,34,34,5.515814330360306,7.410585279409549,2.7536098454510594,0.04093518194437101,0.9705882352941176,2.7536098454510594,2.7536098454510594
generic_only__gb_0_80,generic_only,Generic ballot only,0.8,0.0,0.0,1,2024,34,34,5.5087555068308935,7.4050247054306295,2.73860984545106,0.04096845426231756,0.9705882352941176,2.73860984545106,2.73860984545106
generic_only__gb_0_85,generic_only,Generic ballot only,0.85,0.0,0.0,1,2024,34,34,5.501696683301483,7.399490360333909,2.72360984545106,0.04100200405073741,0.9705882352941176,2.72360984545106,2.72360984545106
generic_only__gb_0_90,generic_only,Generic ballot only,0.9,0.0,0.0,1,2024,34,34,5.4946378597720695,7.393982303015805,2.70860984545106,0.04103583124580099,0.9705882352941176,2.70860984545106,2.70860984545106
generic_only__gb_0_95,generic_only,Generic ballot only,0.95,0.0,0.0,1,2024,34,34,5.487579036242659,7.38850059226819,2.6936098454510606,0.0410699357819066,0.9705882352941176,2.6936098454510606,2.6936098454510606
generic_only__gb_1_00,generic_only,Generic ballot only,1.0,0.0,0.0,1,2024,34,34,5.480520212713247,7.383045286775902,2.67860984545106,0.041104317591680754,0.9705882352941176,2.67860984545106,2.67860984545106
generic_only__gb_1_05,generic_only,Generic ballot only,1.05,0.0,0.0,1,2024,34,34,5.473461389183835,7.377616445114257,2.6636098454510604,0.04113897660597849,0.9411764705882353,2.6636098454510604,2.6636098454510604
generic_only__gb_1_10,generic_only,Generic ballot only,1.1,0.0,0.0,1,2024,34,34,5.466402565654424,7.372214125746538,2.6486098454510607,0.041173912753883726,0.9411764705882353,2.6486098454510607,2.6486098454510607
generic_plus_approval__gb_0_70,generic_plus_approval,Generic ballot + approval,0.7,0.5,0.0,2,2024,34,34,5.219511006562023,7.193926058090585,2.101943178784394,0.04263546302074023,0.9117647058823529,2.101943178784394,2.101943178784394
generic_plus_approval__gb_0_75,generic_plus_approval,Generic ballot + approval,0.75,0.5,0.0,2,2024,34,34,5.213334535973789,7.189557624354311,2.086943178784394,0.04268070854997462,0.9117647058823529,2.086943178784394,2.086943178784394
generic_plus_approval__gb_0_80,generic_plus_approval,Generic ballot + approval,0.8,0.5,0.0,2,2024,34,34,5.207158065385553,7.185217849066768,2.0719431787843936,0.04272622715217079,0.9117647058823529,2.0719431787843936,2.0719431787843936
generic_plus_approval__gb_0_85,generic_plus_approval,Generic ballot + approval,0.85,0.5,0.0,2,2024,34,34,5.200981594797317,7.180906784187088,2.056943178784393,0.042772018687341665,0.9117647058823529,2.056943178784393,2.056943178784393
generic_plus_approval__gb_0_90,generic_plus_approval,Generic ballot + approval,0.9,0.5,0.0,2,2024,34,34,5.195571949448354,7.176624481455095,2.0419431787843925,0.042818083013781434,0.9117647058823529,2.0419431787843925,2.0419431787843925
generic_plus_approval__gb_0_95,generic_plus_approval,Generic ballot + approval,0.95,0.5,0.0,2,2024,34,34,5.190277831801295,7.172370992388576,2.0269431787843923,0.04286441998806777,0.9117647058823529,2.0269431787843923,2.0269431787843923
generic_plus_approval__gb_1_00,generic_plus_approval,Generic ballot + approval,1.0,0.5,0.0,2,2024,34,34,5.184983714154237,7.168146368280543,2.0119431787843935,0.042911029465064046,0.9117647058823529,2.0119431787843935,2.0119431787843935
generic_plus_approval__gb_1_05,generic_plus_approval,Generic ballot + approval,1.05,0.5,0.0,2,2024,34,34,5.179689596507177,7.16395066019651,1.9969431787843934,0.042957911297921696,0.9117647058823529,1.9969431787843934,1.9969431787843934
generic_plus_approval__gb_1_10,generic_plus_approval,Generic ballot + approval,1.1,0.5,0.0,2,2024,34,34,5.174395478860118,7.15978391897175,1.9819431787843929,0.043005065338082425,0.9117647058823529,1.9819431787843929,1.9819431787843929
generic_plus_approval_plus_midterm__gb_0_70,generic_plus_approval_plus_midterm,Generic ballot + approval + midterm,0.7,0.5,0.5,3,2024,34,34,5.219511006562023,7.193926058090585,2.101943178784394,0.04263546302074023,0.9117647058823529,2.101943178784394,2.101943178784394
generic_plus_approval_plus_midterm__gb_0_75,generic_plus_approval_plus_midterm,Generic ballot + approval + midterm,0.75,0.5,0.5,3,2024,34,34,5.213334535973789,7.189557624354311,2.086943178784394,0.04268070854997462,0.9117647058823529,2.086943178784394,2.086943178784394
generic_plus_approval_plus_midterm__gb_0_80,generic_plus_approval_plus_midterm,Generic ballot + approval + midterm,0.8,0.5,0.5,3,2024,34,34,5.207158065385553,7.185217849066768,2.0719431787843936,0.04272622715217079,0.9117647058823529,2.0719431787843936,2.0719431787843936
generic_plus_approval_plus_midterm__gb_0_85,generic_plus_approval_plus_midterm,Generic ballot + approval + midterm,0.85,0.5,0.5,3,2024,34,34,5.200981594797317,7.180906784187088,2.056943178784393,0.042772018687341665,0.9117647058823529,2.056943178784393,2.056943178784393
generic_plus_approval_plus_midterm__gb_0_90,generic_plus_approval_plus_midterm,Generic ballot + approval + midterm,0.9,0.5,0.5,3,2024,34,34,5.195571949448354,7.176624481455095,2.0419431787843925,0.042818083013781434,0.9117647058823529,2.0419431787843925,2.0419431787843925
generic_plus_approval_plus_midterm__gb_0_95,generic_plus_approval_plus_midterm,Generic ballot + approval + midterm,0.95,0.5,0.5,3,2024,34,34,5.190277831801295,7.172370992388576,2.0269431787843923,0.04286441998806777,0.9117647058823529,2.0269431787843923,2.0269431787843923
generic_plus_approval_plus_midterm__gb_1_00,generic_plus_approval_plus_midterm,Generic ballot + approval + midterm,1.0,0.5,0.5,3,2024,34,34,5.184983714154237,7.168146368280543,2.0119431787843935,0.042911029465064046,0.9117647058823529,2.0119431787843935,2.0119431787843935
generic_plus_approval_plus_midterm__gb_1_05,generic_plus_approval_plus_midterm,Generic ballot + approval + midterm,1.05,0.5,0.5,3,2024,34,34,5.179689596507177,7.16395066019651,1.9969431787843934,0.042957911297921696,0.9117647058823529,1.9969431787843934,1.9969431787843934
generic_plus_approval_plus_midterm__gb_1_10,generic_plus_approval_plus_midterm,Generic ballot + approval + midterm,1.1,0.5,0.5,3,2024,34,34,5.174395478860118,7.15978391897175,1.9819431787843929,0.043005065338082425,0.9117647058823529,1.9819431787843929,1.9819431787843929
