global_sd,races,brier,log_loss,expected_calibration_error,root_mean_squared_calibration_error,maximum_calibration_error,coverage_50,coverage_error_50,absolute_coverage_error_50,coverage_80,coverage_error_80,absolute_coverage_error_80,coverage_95,coverage_error_95,absolute_coverage_error_95,mean_absolute_coverage_error,maximum_absolute_coverage_error,rank_brier,rank_log_loss,rank_expected_calibration_error,rank_mean_absolute_coverage_error,average_rank,pareto_optimal,recommended
5.0,234,0.07602756199173544,0.389374081122112,0.060018172323749536,0.08249219722212653,0.2970150033274356,0.3333333333333333,-0.16666666666666669,0.16666666666666669,0.5726495726495726,-0.22735042735042743,0.22735042735042743,0.7393162393162394,-0.2106837606837606,0.2106837606837606,0.2015669515669516,0.22735042735042743,25.0,61.0,30.0,61.0,44.25,False,False
5.25,234,0.07568123358995524,0.3807305429885689,0.06096958832492331,0.08964596501344732,0.3405127940375624,0.33760683760683763,-0.16239316239316237,0.16239316239316237,0.5897435897435898,-0.2102564102564103,0.2102564102564103,0.7606837606837606,-0.1893162393162393,0.1893162393162393,0.18732193732193733,0.2102564102564103,23.0,60.0,31.0,60.0,43.5,False,False
5.5,234,0.07537434253717443,0.36832451969181634,0.059318449718503016,0.08888479502981345,0.35068055511400675,0.34615384615384615,-0.15384615384615385,0.15384615384615385,0.6068376068376068,-0.19316239316239325,0.19316239316239325,0.782051282051282,-0.1679487179487179,0.1679487179487179,0.17165242165242167,0.19316239316239325,20.0,59.0,26.0,54.0,39.75,False,False
5.75,234,0.07510457401192831,0.35351225144769294,0.057543029032613754,0.0885413226752675,0.3413007711523366,0.36324786324786323,-0.13675213675213677,0.13675213675213677,0.6239316239316239,-0.1760683760683761,0.1760683760683761,0.7991452991452992,-0.15085470085470076,0.15085470085470076,0.15455840455840456,0.1760683760683761,18.0,58.0,25.0,46.0,36.75,False,False
6.0,234,0.07486992670102043,0.3407534376922716,0.05662304802285281,0.08964504922241354,0.33253937771290243,0.37606837606837606,-0.12393162393162394,0.12393162393162394,0.6410256410256411,-0.15897435897435896,0.15897435897435896,0.8076923076923077,-0.14230769230769225,0.14230769230769225,0.14173789173789172,0.15897435897435896,16.0,57.0,21.0,40.0,33.5,False,False
6.25,234,0.0746686820651124,0.3297378068939459,0.054773228441791263,0.08520195786683857,0.3243442481605979,0.405982905982906,-0.09401709401709402,0.09401709401709402,0.6538461538461539,-0.1461538461538462,0.1461538461538462,0.8290598290598291,-0.12094017094017084,0.12094017094017084,0.12037037037037035,0.1461538461538462,14.0,56.0,19.0,33.0,30.5,False,False
6.5,234,0.07449936810852817,0.32021264385198905,0.04429208344669886,0.0739428580501106,0.336245804322418,0.4358974358974359,-0.0641025641025641,0.0641025641025641,0.6623931623931624,-0.13760683760683767,0.13760683760683767,0.8333333333333334,-0.11666666666666659,0.11666666666666659,0.10612535612535612,0.13760683760683767,12.0,52.0,14.0,29.0,26.75,False,False
6.75,234,0.07436072102705353,0.31197027635428576,0.0475314144088619,0.08649213900434255,0.4861994930750896,0.44017094017094016,-0.05982905982905984,0.05982905982905984,0.6709401709401709,-0.12905982905982916,0.12905982905982916,0.8461538461538461,-0.10384615384615381,0.10384615384615381,0.0975783475783476,0.12905982905982916,10.0,47.0,15.0,26.0,24.5,False,False
7.0,234,0.07425164754326176,0.3048386237504413,0.03868452361055892,0.0535102083869376,0.27266780076975,0.44871794871794873,-0.051282051282051266,0.051282051282051266,0.6837606837606838,-0.11623931623931627,0.11623931623931627,0.8504273504273504,-0.09957264957264955,0.09957264957264955,0.08903133903133903,0.11623931623931627,8.0,42.0,10.0,24.0,21.0,False,False
7.25,234,0.07417118990982523,0.2986739857966663,0.03398333141466694,0.05228267846948058,0.26138696489040164,0.45726495726495725,-0.04273504273504275,0.04273504273504275,0.7051282051282052,-0.09487179487179487,0.09487179487179487,0.8717948717948718,-0.07820512820512815,0.07820512820512815,0.07193732193732193,0.09487179487179487,6.0,38.0,3.0,17.0,16.0,False,False
7.5,234,0.07411849476722548,0.29335548814592854,0.031101053725463953,0.05248376366016492,0.2682903411933241,0.47435897435897434,-0.02564102564102566,0.02564102564102566,0.7222222222222222,-0.07777777777777783,0.07777777777777783,0.8760683760683761,-0.07393162393162389,0.07393162393162389,0.05911680911680913,0.07777777777777783,3.0,34.0,2.0,12.0,12.75,False,False
7.75,234,0.07409278640061717,0.28878076421278986,0.029261687449923746,0.04932989307318671,0.2655949492040286,0.48717948717948717,-0.01282051282051283,0.01282051282051283,0.7478632478632479,-0.052136752136752174,0.052136752136752174,0.8846153846153846,-0.06538461538461537,0.06538461538461537,0.04344729344729346,0.06538461538461537,1.0,30.0,1.0,7.0,9.75,True,False
8.0,234,0.07409334447624603,0.28486256994415793,0.03526582656935284,0.06312775658121406,0.27199218022312566,0.5,0.0,0.0,0.7606837606837606,-0.0393162393162394,0.0393162393162394,0.8888888888888888,-0.061111111111111116,0.061111111111111116,0.033475783475783505,0.061111111111111116,2.0,27.0,5.0,6.0,10.0,True,False
8.25,234,0.07411948603394729,0.28152610848645154,0.03514003233235177,0.06333931620147919,0.2650371573104492,0.5128205128205128,0.012820512820512775,0.012820512820512775,0.7777777777777778,-0.022222222222222254,0.022222222222222254,0.8931623931623932,-0.05683760683760675,0.05683760683760675,0.030626780626780592,0.05683760683760675,4.0,24.0,4.0,4.0,9.0,True,False
8.5,234,0.07417055133672752,0.2787068995368554,0.03681679447439908,0.06497472797592767,0.27107546442995034,0.5213675213675214,0.021367521367521403,0.021367521367521403,0.7863247863247863,-0.013675213675213738,0.013675213675213738,0.8974358974358975,-0.05256410256410249,0.05256410256410249,0.02920227920227921,0.05256410256410249,5.0,21.0,6.0,3.0,8.75,True,False
8.75,234,0.07424589309686787,0.2763490699141963,0.037744018237365756,0.06856454984481691,0.2489241636458978,0.5256410256410257,0.02564102564102566,0.02564102564102566,0.7991452991452992,-0.0008547008547008517,0.0008547008547008517,0.905982905982906,-0.04401709401709397,0.04401709401709397,0.023504273504273494,0.04401709401709397,7.0,18.0,7.0,1.0,8.25,True,True
9.0,234,0.07434486857979343,0.27440397225581015,0.03822984965773595,0.07054194507106969,0.23062623428105106,0.5341880341880342,0.03418803418803418,0.03418803418803418,0.7991452991452992,-0.0008547008547008517,0.0008547008547008517,0.9145299145299145,-0.035470085470085455,0.035470085470085455,0.023504273504273494,0.035470085470085455,9.0,15.0,9.0,1.0,8.5,True,False
9.25,234,0.07446683410769181,0.2728290611363779,0.03895153649474297,0.06920834292362998,0.23668848002630177,0.5470085470085471,0.047008547008547064,0.047008547008547064,0.8162393162393162,0.01623931623931618,0.01623931623931618,0.9145299145299145,-0.035470085470085455,0.035470085470085455,0.0329059829059829,0.047008547008547064,11.0,13.0,11.0,5.0,10.0,True,False
9.5,234,0.07461114152660402,0.2715869725337638,0.040573141543094195,0.07127625152442424,0.24251448486436566,0.5726495726495726,0.07264957264957261,0.07264957264957261,0.8290598290598291,0.029059829059829068,0.029059829059829068,0.9188034188034188,-0.031196581196581197,0.031196581196581197,0.044301994301994295,0.07264957264957261,13.0,10.0,12.0,8.0,10.75,True,False
9.75,234,0.07477713625130324,0.27064476501380214,0.03793292978969804,0.06409227749584322,0.24811530295928988,0.5769230769230769,0.07692307692307687,0.07692307692307687,0.8333333333333334,0.033333333333333326,0.033333333333333326,0.9230769230769231,-0.026923076923076827,0.026923076923076827,0.045726495726495675,0.07692307692307687,15.0,8.0,8.0,9.0,10.0,True,False
10.0,234,0.07496415655420646,0.26997329038773826,0.043087646237741764,0.08167373685835817,0.35387039551156246,0.5897435897435898,0.08974358974358976,0.08974358974358976,0.8376068376068376,0.037606837606837584,0.037606837606837584,0.9273504273504274,-0.02264957264957257,0.02264957264957257,0.04999999999999997,0.08974358974358976,17.0,6.0,13.0,10.0,11.5,True,False
10.25,234,0.07517153381367847,0.2695466687110384,0.055591968204276344,0.09336673502640969,0.35726663351334914,0.594017094017094,0.09401709401709402,0.09401709401709402,0.8418803418803419,0.04188034188034184,0.04188034188034184,0.9273504273504274,-0.02264957264957257,0.02264957264957257,0.05284900284900281,0.09401709401709402,19.0,4.0,20.0,11.0,13.5,True,False
10.5,234,0.07539859348148667,0.26934184791583404,0.05952487106591042,0.10114729922484522,0.36051237637586636,0.6111111111111112,0.11111111111111116,0.11111111111111116,0.8504273504273504,0.05042735042735036,0.05042735042735036,0.9273504273504274,-0.02264957264957257,0.02264957264957257,0.06139601139601136,0.11111111111111116,21.0,2.0,28.0,13.0,16.0,True,False
10.75,234,0.07564465656831805,0.2693382325270732,0.06266518928500685,0.09880145519389931,0.3636171510568682,0.6153846153846154,0.11538461538461542,0.11538461538461542,0.8547008547008547,0.05470085470085462,0.05470085470085462,0.9358974358974359,-0.014102564102564052,0.014102564102564052,0.06139601139601136,0.11538461538461542,22.0,1.0,34.0,13.0,17.5,True,False
11.0,234,0.07590904148037228,0.26951736911505103,0.059850671797350624,0.09382460643751525,0.36658972076623125,0.6239316239316239,0.12393162393162394,0.12393162393162394,0.8589743589743589,0.058974358974358876,0.058974358974358876,0.9358974358974359,-0.014102564102564052,0.014102564102564052,0.06566951566951562,0.12393162393162394,24.0,3.0,29.0,15.0,17.75,False,False
11.25,234,0.07619106606961637,0.2698626786173139,0.0527820112285493,0.09123854732294596,0.3694381572641389,0.6324786324786325,0.13247863247863245,0.13247863247863245,0.8717948717948718,0.07179487179487176,0.07179487179487176,0.9401709401709402,-0.009829059829059794,0.009829059829059794,0.07136752136752134,0.13247863247863245,26.0,5.0,16.0,16.0,15.75,True,False
11.5,234,0.07649004978591895,0.2703592275942855,0.05683988243724095,0.0913019631002401,0.3556844719620915,0.6410256410256411,0.14102564102564108,0.14102564102564108,0.8760683760683761,0.07606837606837602,0.07606837606837602,0.9487179487179487,-0.0012820512820512775,0.0012820512820512775,0.07279202279202279,0.14102564102564108,27.0,7.0,24.0,18.0,19.0,False,False
11.75,234,0.0768053158415204,0.2709935319954414,0.05667500777630147,0.09011128508876141,0.3586060554747062,0.6495726495726496,0.1495726495726496,0.1495726495726496,0.8803418803418803,0.08034188034188028,0.08034188034188028,0.9529914529914529,0.002991452991452981,0.002991452991452981,0.07763532763532761,0.1495726495726496,28.0,9.0,22.0,19.0,19.5,False,False
12.0,234,0.07713619331759101,0.27175338820463973,0.05389839697279307,0.08908715947623658,0.3614146284612458,0.6538461538461539,0.15384615384615385,0.15384615384615385,0.8846153846153846,0.08461538461538454,0.08461538461538454,0.9529914529914529,0.002991452991452981,0.002991452991452981,0.08048433048433046,0.15384615384615385,29.0,11.0,17.0,20.0,19.25,False,False
12.25,234,0.07748201915933589,0.27262772707817684,0.05403042337046374,0.08806326875468555,0.36411644751474154,0.6581196581196581,0.1581196581196581,0.1581196581196581,0.8931623931623932,0.09316239316239316,0.09316239316239316,0.9529914529914529,0.002991452991452981,0.002991452991452981,0.08475783475783476,0.1581196581196581,30.0,12.0,18.0,21.0,20.25,False,False
12.5,234,0.07784214002049254,0.27360648744324795,0.0567440739866744,0.09136671817969046,0.3667173299055489,0.6623931623931624,0.16239316239316237,0.16239316239316237,0.8931623931623932,0.09316239316239316,0.09316239316239316,0.9529914529914529,0.002991452991452981,0.002991452991452981,0.08618233618233617,0.16239316239316237,31.0,14.0,23.0,22.0,22.5,False,False
12.75,234,0.0782159139303533,0.2746805061302743,0.059414928254590195,0.09378089907998302,0.36922269004508745,0.6666666666666666,0.16666666666666663,0.16666666666666663,0.8931623931623932,0.09316239316239316,0.09316239316239316,0.9529914529914529,0.002991452991452981,0.002991452991452981,0.08760683760683759,0.16666666666666663,32.0,16.0,27.0,23.0,24.5,False,False
13.0,234,0.07860271176680356,0.27584142210227575,0.062085621250123374,0.09599379946998345,0.3716375725525951,0.6794871794871795,0.17948717948717952,0.17948717948717952,0.8974358974358975,0.09743589743589742,0.09743589743589742,0.9529914529914529,0.002991452991452981,0.002991452991452981,0.0933048433048433,0.17948717948717952,33.0,17.0,33.0,25.0,27.0,False,False
13.25,234,0.0790019185274635,0.2770815926428908,0.061309568655464,0.08848523234218426,0.36846597776104356,0.6837606837606838,0.18376068376068377,0.18376068376068377,0.9017094017094017,0.10170940170940168,0.10170940170940168,0.9658119658119658,0.015811965811965867,0.015811965811965867,0.10042735042735045,0.18376068376068377,34.0,19.0,32.0,27.0,28.0,False,False
13.5,234,0.07941293439800994,0.2783940198906767,0.06393354377544866,0.09008872041212139,0.37080563492726837,0.6837606837606838,0.18376068376068377,0.18376068376068377,0.905982905982906,0.10598290598290594,0.10598290598290594,0.9658119658119658,0.015811965811965867,0.015811965811965867,0.10185185185185186,0.18376068376068377,35.0,20.0,35.0,28.0,29.5,False,False
13.75,234,0.07983517562228726,0.2797722862756588,0.0665413690801844,0.09266286520238842,0.37306518199237815,0.7008547008547008,0.2008547008547008,0.2008547008547008,0.9145299145299145,0.11452991452991446,0.11452991452991446,0.9658119658119658,0.015811965811965867,0.015811965811965867,0.11039886039886038,0.2008547008547008,36.0,22.0,36.0,30.0,31.0,False,False
14.0,234,0.08026807518305511,0.28121049763608136,0.06913243521828916,0.09717813116927468,0.37524857628504693,0.7136752136752137,0.2136752136752137,0.2136752136752137,0.9145299145299145,0.11452991452991446,0.11452991452991446,0.9658119658119658,0.015811965811965867,0.015811965811965867,0.11467236467236468,0.2136752136752137,37.0,23.0,37.0,31.0,32.0,False,False
14.25,234,0.08071108330531902,0.282703232977824,0.07170618064669754,0.09901406020226955,0.3648712629223621,0.7222222222222222,0.2222222222222222,0.2222222222222222,0.9145299145299145,0.11452991452991446,0.11452991452991446,0.9658119658119658,0.015811965811965867,0.015811965811965867,0.1175213675213675,0.2222222222222222,38.0,25.0,39.0,32.0,33.5,False,False
14.5,234,0.08116366779630704,0.2842454999930051,0.07084009139017934,0.09794293986429552,0.36043680510713494,0.7350427350427351,0.2350427350427351,0.2350427350427351,0.9188034188034188,0.11880341880341871,0.11880341880341871,0.9658119658119658,0.015811965811965867,0.015811965811965867,0.12321937321937322,0.2350427350427351,39.0,26.0,38.0,34.0,34.25,False,False
14.75,234,0.08162531423744446,0.28583269558341945,0.07336355198939325,0.10051854841192731,0.3626878826335635,0.7478632478632479,0.24786324786324787,0.24786324786324787,0.9230769230769231,0.12307692307692308,0.12307692307692308,0.9658119658119658,0.015811965811965867,0.015811965811965867,0.12891737891737895,0.24786324786324787,40.0,28.0,40.0,35.0,35.75,False,False
15.0,234,0.0820955260442826,0.2874605707430813,0.07586872379847662,0.10001010849082059,0.3648693071755451,0.7564102564102564,0.2564102564102564,0.2564102564102564,0.9230769230769231,0.12307692307692308,0.12307692307692308,0.9658119658119658,0.015811965811965867,0.015811965811965867,0.13176638176638178,0.2564102564102564,41.0,29.0,41.0,36.0,36.75,False,False
15.25,234,0.08257382441038995,0.2891251992458264,0.07835518873582281,0.10285374303789371,0.3669841747264648,0.7606837606837606,0.26068376068376065,0.26068376068376065,0.9273504273504274,0.12735042735042734,0.12735042735042734,0.9658119658119658,0.015811965811965867,0.015811965811965867,0.1346153846153846,0.26068376068376065,42.0,31.0,42.0,37.0,38.0,False,False
15.5,234,0.08305974815083966,0.2908229496615309,0.08082256572200228,0.10587275929296316,0.3690354061569424,0.7777777777777778,0.2777777777777778,0.2777777777777778,0.9273504273504274,0.12735042735042734,0.12735042735042734,0.9658119658119658,0.015811965811965867,0.015811965811965867,0.14031339031339032,0.2777777777777778,43.0,32.0,43.0,38.0,39.0,False,False
15.75,234,0.08355285346022694,0.2925504602903779,0.08327050867632435,0.1089508908877089,0.37102575895908146,0.7777777777777778,0.2777777777777778,0.2777777777777778,0.9273504273504274,0.12735042735042734,0.12735042735042734,0.9658119658119658,0.015811965811965867,0.015811965811965867,0.14031339031339032,0.2777777777777778,44.0,33.0,44.0,38.0,39.75,False,False
16.0,234,0.08405271359922384,0.29430461666065927,0.08559285980333137,0.10848336402955082,0.36591674662940876,0.782051282051282,0.28205128205128205,0.28205128205128205,0.9273504273504274,0.12735042735042734,0.12735042735042734,0.9658119658119658,0.015811965811965867,0.015811965811965867,0.14173789173789175,0.28205128205128205,45.0,35.0,45.0,41.0,41.5,False,False
16.25,234,0.08455891852259824,0.2960825312834022,0.08806777721995546,0.11101291372477501,0.35473210796481325,0.7905982905982906,0.29059829059829057,0.29059829059829057,0.9358974358974359,0.13589743589743586,0.13589743589743586,0.9658119658119658,0.015811965811965867,0.015811965811965867,0.14743589743589744,0.29059829059829057,46.0,36.0,46.0,42.0,42.5,False,False
16.5,234,0.0850710744604587,0.29788152539797236,0.09052041919261233,0.11362038392955044,0.35681456878485596,0.7991452991452992,0.2991452991452992,0.2991452991452992,0.9358974358974359,0.13589743589743586,0.13589743589743586,0.9700854700854701,0.020085470085470125,0.020085470085470125,0.15170940170940173,0.2991452991452992,47.0,37.0,47.0,43.0,43.5,False,False
16.75,234,0.0855888034632854,0.2996991124778029,0.09295064996765352,0.11355335531708141,0.33917146893457184,0.7991452991452992,0.2991452991452992,0.2991452991452992,0.9358974358974359,0.13589743589743586,0.13589743589743586,0.9700854700854701,0.020085470085470125,0.020085470085470125,0.15170940170940173,0.2991452991452992,48.0,39.0,48.0,43.0,44.5,False,False
17.0,234,0.08611174292011194,0.30153298329541606,0.0953583555715759,0.11677644760758056,0.3302104199261005,0.7991452991452992,0.2991452991452992,0.2991452991452992,0.9401709401709402,0.14017094017094012,0.14017094017094012,0.9700854700854701,0.020085470085470125,0.020085470085470125,0.15313390313390315,0.2991452991452992,49.0,40.0,49.0,45.0,45.75,False,False
17.25,234,0.086639545058064,0.30338099237171967,0.09774344281324418,0.11612958272623797,0.21434082142521083,0.8034188034188035,0.30341880341880345,0.30341880341880345,0.9401709401709402,0.14017094017094012,0.14017094017094012,0.9700854700854701,0.020085470085470125,0.020085470085470125,0.15455840455840456,0.30341880341880345,50.0,41.0,50.0,46.0,46.75,False,False
17.5,234,0.08717187643035935,0.30524114565677957,0.10010583832685654,0.11917039477149241,0.21665534405791353,0.8162393162393162,0.3162393162393162,0.3162393162393162,0.9487179487179487,0.14871794871794863,0.14871794871794863,0.9700854700854701,0.020085470085470125,0.020085470085470125,0.16168091168091167,0.3162393162393162,51.0,43.0,51.0,48.0,48.25,False,False
17.75,234,0.08770841739884701,0.30711158930842763,0.10244548765117216,0.11977984965017499,0.20789713446904573,0.8205128205128205,0.3205128205128205,0.3205128205128205,0.9487179487179487,0.14871794871794863,0.14871794871794863,0.9700854700854701,0.020085470085470125,0.020085470085470125,0.16310541310541307,0.3205128205128205,52.0,44.0,52.0,49.0,49.25,False,False
18.0,234,0.08824886161621705,0.3089905994516279,0.10476235434129468,0.11968058040196107,0.21022745572603763,0.8290598290598291,0.3290598290598291,0.3290598290598291,0.9529914529914529,0.1529914529914529,0.1529914529914529,0.9743589743589743,0.024358974358974383,0.024358974358974383,0.1688034188034188,0.3290598290598291,53.0,45.0,53.0,50.0,50.25,False,False
18.25,234,0.08879291551215632,0.310876572815832,0.10705641910999147,0.12183960897648591,0.22148713270562928,0.8290598290598291,0.3290598290598291,0.3290598290598291,0.9529914529914529,0.1529914529914529,0.1529914529914529,0.9743589743589743,0.024358974358974383,0.024358974358974383,0.1688034188034188,0.3290598290598291,54.0,46.0,54.0,50.0,51.0,False,False
18.5,234,0.0893402977869536,0.3127680181599687,0.10932767899612846,0.12404273174861896,0.22372845899756963,0.8333333333333334,0.33333333333333337,0.33333333333333337,0.9529914529914529,0.1529914529914529,0.1529914529914529,0.9743589743589743,0.024358974358974383,0.024358974358974383,0.17022792022792022,0.33333333333333337,55.0,48.0,55.0,52.0,52.5,False,False
18.75,234,0.08989073891537668,0.3146635484054733,0.11157614655831312,0.12514051949211097,0.22591642839311424,0.8333333333333334,0.33333333333333337,0.33333333333333337,0.9529914529914529,0.1529914529914529,0.1529914529914529,0.9743589743589743,0.024358974358974383,0.024358974358974383,0.17022792022792022,0.33333333333333337,56.0,49.0,56.0,52.0,53.25,False,False
19.0,234,0.09044398066304127,0.31656187340711556,0.11380184909227316,0.12755437139351705,0.23476484681043144,0.8376068376068376,0.33760683760683763,0.33760683760683763,0.9529914529914529,0.1529914529914529,0.1529914529914529,0.9786324786324786,0.028632478632478642,0.028632478632478642,0.17307692307692304,0.33760683760683763,57.0,50.0,57.0,55.0,54.75,False,False
19.25,234,0.09099977561697177,0.3184617932995246,0.1160048278708571,0.1304163074967331,0.2466422149981406,0.8418803418803419,0.3418803418803419,0.3418803418803419,0.9529914529914529,0.1529914529914529,0.1529914529914529,0.9786324786324786,0.028632478632478642,0.028632478632478642,0.17450142450142447,0.3418803418803419,58.0,51.0,58.0,56.0,55.75,False,False
19.5,234,0.09155788673160148,0.32036219236440117,0.11818513740583682,0.13248807262973109,0.2487469809524559,0.8461538461538461,0.34615384615384615,0.34615384615384615,0.9529914529914529,0.1529914529914529,0.1529914529914529,0.9786324786324786,0.028632478632478642,0.028632478632478642,0.1759259259259259,0.34615384615384615,59.0,53.0,59.0,57.0,57.0,False,False
19.75,234,0.0921180868910779,0.32226203336959575,0.12034284473092458,0.13476186919434224,0.25080406697903057,0.8504273504273504,0.3504273504273504,0.3504273504273504,0.9529914529914529,0.1529914529914529,0.1529914529914529,0.9829059829059829,0.0329059829059829,0.0329059829059829,0.17877492877492873,0.3504273504273504,60.0,54.0,60.0,58.0,58.0,False,False
20.0,234,0.09268015848841284,0.32416035233664453,0.1224780287056005,0.136913606810468,0.2528150007506366,0.8504273504273504,0.3504273504273504,0.3504273504273504,0.9572649572649573,0.15726495726495726,0.15726495726495726,0.9829059829059829,0.0329059829059829,0.0329059829059829,0.1801994301994302,0.3504273504273504,61.0,55.0,61.0,59.0,59.0,False,False
