race_id,cycle,state,election_date,actual_margin_dem,production_predicted_margin_dem,forecast_error_dem,global_sd,predicted_dem_win_probability,actual_dem_win,brier_contribution,log_loss_contribution,predicted_margin_lower_50,predicted_margin_upper_50,actual_margin_covered_50,predicted_margin_lower_80,predicted_margin_upper_80,actual_margin_covered_80,predicted_margin_lower_95,predicted_margin_upper_95,actual_margin_covered_95,incumbency_category,model_incumbent_party,model_open_seat,lineage_appointed_incumbent,sd_source,holdout_cycle,training_residual_sd
2012_AZ,2012,AZ,2012-11-06,-3.1721173153280375,-8.807801439232641,5.635684123904603,10.892700211584057,0.20937358194621725,0,0.04383729681698935,0.2349297134820483,-16.154816083904777,-1.4607867945605042,True,-22.767358448396187,5.151755569930906,True,-30.15710154832922,12.541498669863937,True,open_seat,R,True,False,leave_one_cycle_out_training_residual_sd,2012,10.892700211584057
2012_CA,2012,CA,2012-11-06,25.048568944289187,24.376899183170817,0.6716697611183733,10.892700211584057,0.9873865868647141,1,0.00015909819092140178,0.012693637547075462,17.02988453849868,31.723913827842953,True,10.41734217400727,38.33645619233437,True,3.0275990740742387,45.726199292267395,True,elected_incumbent_running,D,False,False,leave_one_cycle_out_training_residual_sd,2012,10.892700211584057
2012_CT,2012,CT,2012-11-06,12.00608169746934,22.45667649950835,-10.450594802039012,10.892700211584057,0.9803783327216183,1,0.0003850098267835136,0.01981672801954374,15.109661854836215,29.803691144180487,False,8.497119490344804,36.416233508671894,True,1.1073763904117726,43.80597660860493,True,open_seat,D,True,False,leave_one_cycle_out_training_residual_sd,2012,10.892700211584057
2012_DE,2012,DE,2012-11-06,39.28341839077444,25.09627729977712,14.187141090997322,10.892700211584057,0.9893873795038104,1,0.00011262771379614372,0.01066933597656397,17.749262655104985,32.44329194444926,False,11.136720290613574,39.05583430894067,False,3.7469771906805427,46.4455774088737,True,elected_incumbent_running,D,False,False,leave_one_cycle_out_training_residual_sd,2012,10.892700211584057
2012_FL,2012,FL,2012-11-06,13.345297340747948,2.659320061798588,10.68597727894936,10.892700211584057,0.5964379580045089,1,0.1628623217395705,0.5167800529047033,-4.687694582873549,10.006334706470724,False,-11.300236947364958,16.618877070962135,True,-18.68998004729799,24.008620170895167,True,elected_incumbent_running,D,False,False,leave_one_cycle_out_training_residual_sd,2012,10.892700211584057
2012_HI,2012,HI,2012-11-06,25.203085836142193,45.80745175691083,-20.604365920768636,10.892700211584057,0.9999869652049556,1,1.69905881850611e-10,1.3034879998121211e-05,38.460437112238694,53.154466401582965,False,31.847894747747283,59.767008766074376,False,24.45815164781425,67.15675186600741,True,open_seat,D,True,False,leave_one_cycle_out_training_residual_sd,2012,10.892700211584057
2012_IN,2012,IN,2012-11-06,6.110645924593399,0.8639068907561761,5.246739033837223,10.892700211584057,0.5316072233617682,1,0.21939179320687247,0.6318503642711633,-6.48310775391596,8.210921535428312,True,-13.09565011840737,14.823463899919723,True,-20.485393218340402,22.213206999852755,True,open_seat,R,True,False,leave_one_cycle_out_training_residual_sd,2012,10.892700211584057
2012_MA,2012,MA,2012-11-06,7.554477975801376,26.214156426705905,-18.65967845090453,10.892700211584057,0.9919486655607715,1,6.482398625230614e-05,0.008083921462901869,18.86714178203377,33.56117107137804,False,12.254599417542359,40.17371343586945,False,4.864856317609327,47.56345653580249,True,elected_incumbent_running,R,False,False,leave_one_cycle_out_training_residual_sd,2012,10.892700211584057
2012_MD,2012,MD,2012-11-06,36.02316963954084,25.680174585771063,10.342995053769776,10.892700211584057,0.99080221399772,1,8.459926734373883e-05,0.009240346813797413,18.333159941098927,33.0271892304432,False,11.720617576607516,39.63973159493461,True,4.330874476674484,47.029474694867645,True,elected_incumbent_running,D,False,False,leave_one_cycle_out_training_residual_sd,2012,10.892700211584057
2012_MI,2012,MI,2012-11-06,21.50553871325623,16.562603152309045,4.942935560947184,10.892700211584057,0.9358102311276826,1,0.00412032642788153,0.06634256758170058,9.215588507636909,23.90961779698118,True,2.603046143145498,30.52216016147259,True,-4.786696956787534,37.91190326140563,True,elected_incumbent_running,D,False,False,leave_one_cycle_out_training_residual_sd,2012,10.892700211584057
2012_MN,2012,MN,2012-11-06,36.23860405374484,10.278749990785478,25.95985406295936,10.892700211584057,0.8273222946720191,1,0.029817589917336997,0.18956094443398952,2.9317353461133413,17.625764635457614,False,-3.6808070183780686,24.238306999949025,False,-11.0705501183111,31.628050099882056,False,elected_incumbent_running,D,False,False,leave_one_cycle_out_training_residual_sd,2012,10.892700211584057
2012_MO,2012,MO,2012-11-06,16.71556749173139,-0.3151582993532929,17.030725791084684,10.892700211584057,0.48845902038980427,1,0.2616741738205587,0.7164996996777114,-7.662172944025429,7.031856345318844,False,-14.27471530851684,13.644398709810254,False,-21.66445840844987,21.034141809743286,True,elected_incumbent_running,D,False,False,leave_one_cycle_out_training_residual_sd,2012,10.892700211584057
2012_MS,2012,MS,2012-11-06,-16.99449259042794,-13.463861985727668,-3.5306306047002707,10.892700211584057,0.10822101492553143,0,0.011711788071512097,0.11453695168351252,-20.810876630399804,-6.116847341055531,True,-27.423418994891215,0.49569502343587857,True,-34.81316209482425,7.88543812336891,True,appointed_incumbent_running,R,False,True,leave_one_cycle_out_training_residual_sd,2012,10.892700211584057
2012_MT,2012,MT,2012-11-06,3.979091713748474,-2.518806567881463,6.497898281629936,10.892700211584057,0.4085649423583528,1,0.3497954274075785,0.8951043996962558,-9.8658212125536,4.828208076790673,True,-16.47836357704501,11.440750441282084,True,-23.86810667697804,18.830493541215116,True,elected_incumbent_running,D,False,False,leave_one_cycle_out_training_residual_sd,2012,10.892700211584057
2012_ND,2012,ND,2012-11-06,0.9182518186765378,-8.99731256393624,9.91556438261278,10.892700211584057,0.20440355122898474,1,0.6329737092970507,1.5876590468848004,-16.344327208608377,-1.650297919264104,False,-22.956869573099787,4.962244445227306,True,-30.34661267303282,12.351987545160338,True,open_seat,D,True,False,leave_one_cycle_out_training_residual_sd,2012,10.892700211584057
2012_NE,2012,NE,2012-11-06,-15.548865544300329,-15.39814884433128,-0.1507166999690472,10.892700211584057,0.0787366184271942,0,0.006199455081349578,0.08200931013192042,-22.745163489003417,-8.051134199659142,True,-29.357705853494828,-1.438591835167733,True,-36.747448953427856,5.951151264765299,True,open_seat,D,True,False,leave_one_cycle_out_training_residual_sd,2012,10.892700211584057
2012_NJ,2012,NJ,2012-11-06,19.840323838015877,15.5492597428479,4.291064095167977,10.892700211584057,0.9232811644230194,1,0.005885779732287778,0.07982147068997168,8.202245098175762,22.896274387520037,True,1.5897027336843532,29.508816752011448,True,-5.800040366248679,36.898559851944476,True,elected_incumbent_running,D,False,False,leave_one_cycle_out_training_residual_sd,2012,10.892700211584057
2012_NM,2012,NM,2012-11-06,5.95158887087554,15.149800037595176,-9.198211166719636,10.892700211584057,0.9178601967128336,1,0.006746947284054394,0.0857101911216138,7.802785392923039,22.496814682267313,False,1.1902430284316292,29.109357046758724,True,-6.199500071501403,36.49910014669175,True,open_seat,D,True,False,leave_one_cycle_out_training_residual_sd,2012,10.892700211584057
2012_NV,2012,NV,2012-11-06,-1.2809050430656723,12.593476250392207,-13.874381293457882,10.892700211584057,0.8761878605439334,0,0.7677051669645553,2.0889898665432227,5.246461605720071,19.940490895064343,False,-1.3660807587713393,26.553033259555754,True,-8.755823858704371,33.94277635948879,True,appointed_incumbent_running,R,False,True,leave_one_cycle_out_training_residual_sd,2012,10.892700211584057
2012_NY,2012,NY,2012-11-06,46.51511255351639,31.34771475956852,15.167397793947869,10.892700211584057,0.9979981143557998,1,4.007546132454969e-06,0.0020038920955043615,24.000700114896386,38.69472940424066,False,17.388157750404975,45.307271768732065,False,9.998414650471943,52.6970148686651,True,appointed_incumbent_running,D,False,True,leave_one_cycle_out_training_residual_sd,2012,10.892700211584057
2012_OH,2012,OH,2012-11-06,6.2899714181396575,4.487681524508254,1.8022898936314036,10.892700211584057,0.6598265550852906,1,0.1157179726251408,0.4157782738237254,-2.8593331201638827,11.83469616918039,True,-9.471875484655293,18.4472385336718,True,-16.861618584588324,25.836981633604832,True,elected_incumbent_running,D,False,False,leave_one_cycle_out_training_residual_sd,2012,10.892700211584057
2012_PA,2012,PA,2012-11-06,9.261954081514574,10.279407630968896,-1.0174535494543218,10.892700211584057,0.8273377255891813,1,0.029812261004716865,0.18954229296846348,2.932392986296759,17.626422275641033,True,-3.680149378194651,24.238964640132444,True,-11.069892478127683,31.628707740065472,True,elected_incumbent_running,D,False,False,leave_one_cycle_out_training_residual_sd,2012,10.892700211584057
2012_RI,2012,RI,2012-11-06,29.912571658646016,28.21627501829155,1.6962966403544648,10.892700211584057,0.9952065520288927,1,2.2977143451712274e-05,0.004804973388575782,20.869260373619415,35.56328966296369,True,14.256718009128004,42.1758320274551,True,6.8669749091949726,49.56557512738813,True,elected_incumbent_running,D,False,False,leave_one_cycle_out_training_residual_sd,2012,10.892700211584057
2012_TN,2012,TN,2012-11-06,-36.186410224537525,-15.442943604708924,-20.7434666198286,10.892700211584057,0.07813432487921046,0,0.006104972724330007,0.08135575462832195,-22.789958249381062,-8.095928960036787,False,-29.40250061387247,-1.4833865955453778,False,-36.792243713805505,5.906356504387654,True,elected_incumbent_running,R,False,False,leave_one_cycle_out_training_residual_sd,2012,10.892700211584057
2012_TX,2012,TX,2012-11-06,-16.309097081569973,-12.05187350188144,-4.257223579688533,10.892700211584057,0.1342729398044501,0,0.018029222363729478,0.14418559308149867,-19.398888146553578,-4.704858857209303,True,-26.011430511044985,1.9076835072821066,True,-33.40117361097802,9.297426607215138,True,open_seat,R,True,False,leave_one_cycle_out_training_residual_sd,2012,10.892700211584057
2012_UT,2012,UT,2012-11-06,-37.07577325658352,-29.23272274548014,-7.843050511103378,10.892700211584057,0.0036406373107269463,0,1.3254240028257131e-05,0.0036472805594150214,-36.579737390152275,-21.885708100808003,False,-43.192279754643685,-15.273165736316592,True,-50.58202285457672,-7.8834226363835604,True,elected_incumbent_running,R,False,False,leave_one_cycle_out_training_residual_sd,2012,10.892700211584057
2012_VA,2012,VA,2012-11-06,5.9153880181019645,6.185168812255107,-0.2697807941531422,10.892700211584057,0.7149237631613632,1,0.08126846081007855,0.33557936692211576,-1.16184583241703,13.532183456927243,True,-7.77438819690844,20.144725821418653,True,-15.164131296841472,27.534468921351685,True,open_seat,D,True,False,leave_one_cycle_out_training_residual_sd,2012,10.892700211584057
2012_VT,2012,VT,2012-11-06,48.06836072464077,37.61836347867621,10.44999724596456,10.892700211584057,0.9997233587093717,1,7.653040368050322e-08,0.00027667956288878246,30.271348834004073,44.965378123348344,False,23.658806469512662,51.577920487839755,True,16.26906336957963,58.96766358777279,True,elected_incumbent_running,D,False,False,leave_one_cycle_out_training_residual_sd,2012,10.892700211584057
2012_WA,2012,WA,2012-11-06,20.901982363426015,17.3240536042179,3.5779287592081133,10.892700211584057,0.9441307997768362,1,0.003121367533575963,0.05749056334942825,9.977038959545766,24.671068248890037,True,3.364496595054355,31.283610613381448,True,-4.025246504878677,38.673353713314484,True,elected_incumbent_running,D,False,False,leave_one_cycle_out_training_residual_sd,2012,10.892700211584057
2012_WI,2012,WI,2012-11-06,5.704300652835613,13.931356495636829,-8.227055842801214,10.892700211584057,0.8995448918261848,1,0.010091228758212913,0.10586631930360939,6.584341850964692,21.278371140308966,False,-0.02820051352671804,27.890913504800373,True,-7.41794361345975,35.28065660473341,True,open_seat,D,True,False,leave_one_cycle_out_training_residual_sd,2012,10.892700211584057
2012_WV,2012,WV,2012-11-06,24.834513060240212,-13.527487534274508,38.36200059451472,10.892700211584057,0.10713938696360203,1,0.7972000743117323,2.233624610371322,-20.874502178946646,-6.180472889602371,False,-27.487044543438053,0.4320694748890386,False,-34.87678764337109,7.82181257482207,False,elected_incumbent_running,D,False,False,leave_one_cycle_out_training_residual_sd,2012,10.892700211584057
2012_WY,2012,WY,2012-11-06,-55.496518640696024,-33.304046710191834,-22.19247193050419,10.892700211584057,0.001116089542319454,0,1.2456558664748481e-06,0.0011167128340621147,-40.65106135486397,-25.957032065519698,False,-47.26360371935538,-19.344489701028287,False,-54.653346819288416,-11.954746601095255,False,appointed_incumbent_running,R,False,True,leave_one_cycle_out_training_residual_sd,2012,10.892700211584057
2014_AK,2014,AK,2014-11-04,-2.2704963832132705,-16.79058096312075,14.52008457990748,11.24415499903917,0.06768301092697904,0,0.004580989968141564,0.0700824050920934,-24.374648259588703,-9.206513666652796,False,-31.200545405365542,-2.3806165208759573,False,-38.828719797823524,5.247557871582028,True,elected_incumbent_running,D,False,False,leave_one_cycle_out_training_residual_sd,2014,11.24415499903917
2014_AR,2014,AR,2014-11-04,-17.791666102906177,-26.46881070245924,8.677144599553063,11.24415499903917,0.009286150386274339,0,8.623258899650306e-05,0.009329535476635517,-34.052877998927194,-18.884743405991287,False,-40.878775144704036,-12.058846260214448,True,-48.506949537162015,-4.4306718677564625,True,elected_incumbent_running,D,False,False,leave_one_cycle_out_training_residual_sd,2014,11.24415499903917
2014_CO,2014,CO,2014-11-04,-2.0584058661040388,3.3359766284050316,-5.39438249450907,11.24415499903917,0.6166466478869479,0,0.3802530883502095,0.9587981247529052,-4.248090668062921,10.920043924872985,True,-11.07398781383976,17.745941070649824,True,-18.702162206297746,25.37411546310781,True,elected_incumbent_running,D,False,False,leave_one_cycle_out_training_residual_sd,2014,11.24415499903917
2014_DE,2014,DE,2014-11-04,13.871482233591024,16.73390983855633,-2.862427604965305,11.24415499903917,0.9316551226182561,1,0.004671022264325607,0.07079257288744883,9.149842542088376,24.317977135024282,True,2.3239453963115366,31.14387428080112,True,-5.304228996146449,38.77204867325911,True,elected_incumbent_running,D,False,False,leave_one_cycle_out_training_residual_sd,2014,11.24415499903917
2014_GA,2014,GA,2014-11-04,-7.831874164069305,-10.073298196113443,2.24142403204414,11.24415499903917,0.18516116909407881,0,0.03428465854028605,0.2047649387867412,-17.657365492581395,-2.4892308996454906,True,-24.483262638358234,4.336666246131349,True,-32.11143703081622,11.964840638589335,True,open_seat,R,True,False,leave_one_cycle_out_training_residual_sd,2014,11.24415499903917
2014_HI,2014,HI,2014-11-04,43.157412428624866,41.247697002148826,1.9097154264760403,11.24415499903917,0.9998779481080553,1,1.4896664327279914e-08,0.00012205934088297116,33.663629705680876,48.831764298616775,True,26.837732559904033,55.65766144439362,True,19.209558167446048,63.285835836851604,True,open_seat,D,True,False,leave_one_cycle_out_training_residual_sd,2014,11.24415499903917
2014_IA,2014,IA,2014-11-04,-8.698964398007291,3.758703856200352,-12.457668254207643,11.24415499903917,0.6309161186521709,0,0.39805514877512016,0.996731340049227,-3.8253634402676004,11.342771152668305,False,-10.65126058604444,18.168668298445144,True,-18.279434978502426,25.79684269090313,True,open_seat,D,True,False,leave_one_cycle_out_training_residual_sd,2014,11.24415499903917
2014_ID,2014,ID,2014-11-04,-30.65672392890638,-35.002773687150665,4.346049758244284,11.24415499903917,0.000926058451893752,0,8.575842563238526e-07,0.0009264875089302958,-42.586840983618615,-27.41870639068271,True,-49.41273812939546,-20.592809244905872,True,-57.04091252185344,-12.964634852447887,True,elected_incumbent_running,R,False,False,leave_one_cycle_out_training_residual_sd,2014,11.24415499903917
2014_IL,2014,IL,2014-11-04,11.27730879697269,14.995046784233818,-3.717737987261128,11.24415499903917,0.9088301999869048,1,0.008311932434427766,0.09559700094798142,7.410979487765865,22.57911408070177,True,0.5850823419890254,29.40501122647861,True,-7.04309205046896,37.0331856189366,True,elected_incumbent_running,D,False,False,leave_one_cycle_out_training_residual_sd,2014,11.24415499903917
2014_KS,2014,KS,2014-11-04,-11.098776187913444,-24.38665349050611,13.287877302592666,11.24415499903917,0.01504782066737742,0,0.00022643690683755104,0.015162187889474987,-31.970720786974063,-16.802586194038156,False,-38.796617932750905,-9.976689048261317,True,-46.424792325208884,-2.3485146558033314,True,elected_incumbent_running,R,False,False,leave_one_cycle_out_training_residual_sd,2014,11.24415499903917
2014_KY,2014,KY,2014-11-04,-15.960574494155525,-25.24554478760982,9.284970293454297,11.24415499903917,0.01237716874085748,0,0.00015319430603965954,0.012454403856960164,-32.82961208407777,-17.661477491141866,False,-39.655509229854616,-10.835580345365027,True,-47.283683622312594,-3.207405952907042,True,elected_incumbent_running,R,False,False,leave_one_cycle_out_training_residual_sd,2014,11.24415499903917
2014_LA,2014,LA,2014-11-04,-4.61783687567376,-19.65365122822796,15.0358143525542,11.24415499903917,0.04024072860861322,0,0.0016193162389520623,0.04107278493284737,-27.237718524695914,-12.069583931760008,False,-34.06361567047276,-5.243686785983169,False,-41.691790062930735,2.384487606474817,True,elected_incumbent_running,D,False,False,leave_one_cycle_out_training_residual_sd,2014,11.24415499903917
2014_MA,2014,MA,2014-11-04,23.920238014039143,21.411361498120012,2.5088765159191304,11.24415499903917,0.9715593274560502,1,0.0008088718547521785,0.02885294413826794,13.827294201652059,28.995428794587966,True,7.00139705587522,35.8213259403648,True,-0.6267773365827658,43.449500332822794,True,elected_incumbent_running,D,False,False,leave_one_cycle_out_training_residual_sd,2014,11.24415499903917
2014_ME,2014,ME,2014-11-04,-36.97684009679358,13.55984278715422,-50.536682883947805,11.24415499903917,0.8860808273997285,0,0.7851392326853874,2.1722660943340366,5.975775490686268,21.143910083622174,False,-0.8501216550905717,27.969807229399013,False,-8.478296047548557,35.597981621857,False,elected_incumbent_running,R,False,False,leave_one_cycle_out_training_residual_sd,2014,11.24415499903917
2014_MI,2014,MI,2014-11-04,13.847021920547816,7.441064142355751,6.4059577781920645,11.24415499903917,0.7459412435458654,1,0.06454585173102126,0.29310844388312696,-0.14300315411220144,15.025131438823703,True,-6.968900299889041,21.85102858460054,True,-14.597074692347027,29.479202977058527,True,open_seat,D,True,False,leave_one_cycle_out_training_residual_sd,2014,11.24415499903917
2014_MN,2014,MN,2014-11-04,10.663790458498127,5.722452923396386,4.9413375351017415,11.24415499903917,0.6945982673511071,1,0.09327021830494586,0.3644216331309223,-1.8616143730715669,13.306520219864339,True,-8.687511518848407,20.132417365641178,True,-16.315685911306392,27.760591758099164,True,elected_incumbent_running,D,False,False,leave_one_cycle_out_training_residual_sd,2014,11.24415499903917
2014_MS,2014,MS,2014-11-04,-22.50161833247023,-13.76379839757556,-8.73781993489467,11.24415499903917,0.11046013355793999,0,0.01220144110563794,0.11705095394628552,-21.347865694043513,-6.179731101107607,False,-28.173762839820352,0.6461660446692328,True,-35.801937232278334,8.274340437127218,True,elected_incumbent_running,R,False,False,leave_one_cycle_out_training_residual_sd,2014,11.24415499903917
2014_MT,2014,MT,2014-11-04,-18.106180556131235,-16.228463727762918,-1.8777168283683177,11.24415499903917,0.07447080945700274,0,0.0055459014611812085,0.07738960717099683,-23.81253102423087,-8.644396431294965,True,-30.63842817000771,-1.8184992855181257,True,-38.26660256246569,5.80967510693986,True,open_seat,D,True,True,leave_one_cycle_out_training_residual_sd,2014,11.24415499903917
2014_NC,2014,NC,2014-11-04,-1.6283279362778558,-4.2280698060100015,2.5997418697321457,11.24415499903917,0.3534496040144472,0,0.12492662257796952,0.43610413178117585,-11.812137102477955,3.355997490457951,True,-18.638034248254794,10.18189463623479,True,-26.26620864071278,17.810069028692777,True,elected_incumbent_running,D,False,False,leave_one_cycle_out_training_residual_sd,2014,11.24415499903917
2014_NE,2014,NE,2014-11-04,-34.283832564319965,-24.41878053645073,-9.865052027869236,11.24415499903917,0.014939655653464223,0,0.00022319331104408554,0.01505237639059184,-32.00284783291868,-16.834713239982776,False,-38.828744978695525,-10.008816094205937,True,-46.456919371153504,-2.380641701747951,True,open_seat,R,True,False,leave_one_cycle_out_training_residual_sd,2014,11.24415499903917
2014_NH,2014,NH,2014-11-04,3.255085493010725,3.5075039565162136,-0.2524184635054887,11.24415499903917,0.6224570146317717,1,0.14253870580075423,0.47408070582789547,-4.076563339951739,11.091571252984167,True,-10.902460485728579,17.917468398761006,True,-18.530634878186564,25.54564279121899,True,elected_incumbent_running,D,False,False,leave_one_cycle_out_training_residual_sd,2014,11.24415499903917
2014_NJ,2014,NJ,2014-11-04,13.76275567892334,15.743931101171553,-1.981175422248212,11.24415499903917,0.9192714885063846,1,0.006517092567974789,0.08417378294518918,8.159863804703601,23.327998397639504,True,1.3339666589267605,30.153895543416347,True,-6.294207733531225,37.78206993587433,True,elected_incumbent_running,D,False,False,leave_one_cycle_out_training_residual_sd,2014,11.24415499903917
2014_NM,2014,NM,2014-11-04,11.11762035747401,8.430409293817387,2.6872110636566227,11.24415499903917,0.7733001442464404,1,0.05139282459868471,0.2570880208335549,0.8463419973494348,16.01447659028534,True,-5.979555148427405,22.84037373606218,True,-13.60772954088539,30.468548128520165,True,elected_incumbent_running,D,False,False,leave_one_cycle_out_training_residual_sd,2014,11.24415499903917
2014_OK_REGULAR,2014,OK,2014-11-04,-40.86688126914103,-35.704639486033116,-5.162241783107916,11.24415499903917,0.0007481619585406052,0,5.597463162073143e-07,0.0007484419713706626,-43.288706782501066,-28.120572189565163,True,-50.11460392827791,-21.294675043788324,True,-57.742778320735894,-13.666500651330338,True,elected_incumbent_running,R,False,False,leave_one_cycle_out_training_residual_sd,2014,11.24415499903917
2014_OK_SPECIAL,2014,OK,2014-11-04,-40.13951001666823,-35.704639486033116,-4.434870530635116,11.24415499903917,0.0007481619585406052,0,5.597463162073143e-07,0.0007484419713706626,-43.288706782501066,-28.120572189565163,True,-50.11460392827791,-21.294675043788324,True,-57.742778320735894,-13.666500651330338,True,open_seat,R,True,False,leave_one_cycle_out_training_residual_sd,2014,11.24415499903917
2014_OR,2014,OR,2014-11-04,20.370419629609927,10.382334357494768,9.98808527211516,11.24415499903917,0.8220885959651547,1,0.031652467685649964,0.19590710875440265,2.7982670610268157,17.96640165396272,False,-4.027630084750024,24.792298799739562,True,-11.65580447720801,32.42047319219755,True,elected_incumbent_running,D,False,False,leave_one_cycle_out_training_residual_sd,2014,11.24415499903917
2014_RI,2014,RI,2014-11-04,41.40580795867984,25.873491957764248,15.53231600091559,11.24415499903917,0.9893059219177839,1,0.00011436330602853517,0.010751670703238392,18.289424661296295,33.4575592542322,False,11.463527515519456,40.283456400009044,False,3.83535312306147,47.91163079246702,True,elected_incumbent_running,D,False,False,leave_one_cycle_out_training_residual_sd,2014,11.24415499903917
2014_SC_REGULAR,2014,SC,2014-11-04,-16.640291747625824,-12.776509409130744,-3.863782338495082,11.24415499903917,0.12791968119529717,0,0.016363444837106465,0.1368737505939157,-20.360576705598696,-5.192442112662792,True,-27.18647385137554,1.633455033114048,True,-34.814648243833524,9.261629425572034,True,elected_incumbent_running,R,False,False,leave_one_cycle_out_training_residual_sd,2014,11.24415499903917
2014_SC_SPECIAL,2014,SC,2014-11-04,-24.46026374139339,-12.776509409130744,-11.683754332262648,11.24415499903917,0.12791968119529717,0,0.016363444837106465,0.1368737505939157,-20.360576705598696,-5.192442112662792,False,-27.18647385137554,1.633455033114048,True,-34.814648243833524,9.261629425572034,True,appointed_incumbent_running,R,False,True,leave_one_cycle_out_training_residual_sd,2014,11.24415499903917
2014_SD,2014,SD,2014-11-04,-26.113702245101862,-20.596998276390483,-5.516703968711379,11.24415499903917,0.03349090887730566,0,0.001121640977427991,0.03406457414654194,-28.181065572858436,-13.01293097992253,True,-35.00696271863528,-6.187033834145691,True,-42.63513711109326,1.441140558312295,True,open_seat,D,True,False,leave_one_cycle_out_training_residual_sd,2014,11.24415499903917
2014_TN,2014,TN,2014-11-04,-32.00774883825659,-22.8621430525881,-9.14560578566849,11.24415499903917,0.021013793541573955,0,0.00044157951900789525,0.021237725970264427,-30.446210349056052,-15.278075756120145,False,-37.272107494832895,-8.452178610343307,True,-44.90028188729087,-0.8240042178853209,True,elected_incumbent_running,R,False,False,leave_one_cycle_out_training_residual_sd,2014,11.24415499903917
2014_TX,2014,TX,2014-11-04,-28.350913831561822,-18.175794430212765,-10.175119401349058,11.24415499903917,0.052996797663428574,0,0.0028086605625783885,0.05445280424256674,-25.759861726680718,-10.591727133744811,False,-32.58575887245756,-3.7658299879679724,True,-40.21393326491554,3.8623444044900133,True,elected_incumbent_running,R,False,False,leave_one_cycle_out_training_residual_sd,2014,11.24415499903917
2014_VA,2014,VA,2014-11-04,0.8324071060998648,1.7747533775289632,-0.9423462714290984,11.24415499903917,0.5627077182214713,1,0.19122453970307218,0.5749949362313015,-5.809313918938989,9.358820673996917,True,-12.635211064715829,16.184717819773756,True,-20.263385457173815,23.81289221223174,True,elected_incumbent_running,D,False,False,leave_one_cycle_out_training_residual_sd,2014,11.24415499903917
2014_WV,2014,WV,2014-11-04,-28.63206901273449,-29.508595264085475,0.8765262513509846,11.24415499903917,0.004340729436423163,0,1.884193204023055e-05,0.0043501777540835545,-37.09266256055343,-21.92452796761752,True,-43.91855970633027,-15.098630821840683,True,-51.54673409878825,-7.470456429382697,True,open_seat,D,True,False,leave_one_cycle_out_training_residual_sd,2014,11.24415499903917
2014_WY,2014,WY,2014-11-04,-61.07227806083574,-44.48126802304285,-16.5910100377929,11.24415499903917,3.811621834370893e-05,0,1.4528461008252932e-09,3.811694478521887e-05,-52.0653353195108,-36.8972007265749,False,-58.89123246528764,-30.07130358079806,False,-66.51940685774562,-22.443129188340073,True,elected_incumbent_running,R,False,False,leave_one_cycle_out_training_residual_sd,2014,11.24415499903917
2016_AK,2016,AK,2016-11-08,-58.47409506220282,-14.09058096312075,-44.38351409908207,10.549771971171332,0.09083528982471245,0,0.00825104987753951,0.09522900190652327,-21.206294024581727,-6.974867901659774,False,-27.610657748913916,-0.5705041773275852,False,-34.76775407172669,6.5865921454851915,False,elected_incumbent_running,R,False,False,leave_one_cycle_out_training_residual_sd,2016,10.549771971171332
2016_AL,2016,AL,2016-11-08,-28.14048093566937,-21.892457066875416,-6.248023868793954,10.549771971171332,0.018985888198641165,0,0.0003604639506913019,0.01916843440162627,-29.008170128336392,-14.77674400541444,True,-35.41253385266858,-8.37238028108225,True,-42.56963017548136,-1.2152839582694739,True,elected_incumbent_running,R,False,False,leave_one_cycle_out_training_residual_sd,2016,10.549771971171332
2016_AR,2016,AR,2016-11-08,-24.598667778419824,-23.76881070245924,-0.8298570759605823,10.549771971171332,0.012129053178591642,0,0.00014711393100910402,0.012203210391991008,-30.884523763920217,-16.653097640998265,True,-37.288887488252406,-10.248733916666076,True,-44.44598381106518,-3.0916375938532994,True,elected_incumbent_running,R,False,False,leave_one_cycle_out_training_residual_sd,2016,10.549771971171332
2016_AZ,2016,AZ,2016-11-08,-13.721830302462408,-8.686760447406375,-5.035069855056033,10.549771971171332,0.20513817443696203,0,0.04208167061132946,0.22958698375674955,-15.802473508867351,-1.5710473859453984,True,-22.20683723319954,4.8333163383867905,True,-29.363933556012316,11.990412661199567,True,elected_incumbent_running,R,False,False,leave_one_cycle_out_training_residual_sd,2016,10.549771971171332
2016_CO,2016,CO,2016-11-08,6.008906322746697,6.035976628405032,-0.0270703056583352,10.549771971171332,0.7163874001469535,1,0.08043610679540429,0.3335341966848172,-1.0797364330559445,13.151689689866007,True,-7.484100157388133,19.556053414198196,True,-14.641196480200911,26.713149737010973,True,elected_incumbent_running,D,False,False,leave_one_cycle_out_training_residual_sd,2016,10.549771971171332
2016_CT,2016,CT,2016-11-08,29.211732267578704,18.08515495381419,11.126577313764514,10.549771971171332,0.9567604019301672,1,0.001869662841240688,0.044202282584742514,10.969441892353213,25.200868015275166,False,4.565078168021024,31.605231739607355,True,-2.5920181547917522,38.76232806242013,True,elected_incumbent_running,D,False,False,leave_one_cycle_out_training_residual_sd,2016,10.549771971171332
2016_FL,2016,FL,2016-11-08,-7.961156507461695,1.4245042787324644,-9.385660786194158,10.549771971171332,0.5537047447457846,0,0.3065889443539945,0.8067745386957951,-5.691208782728512,8.54021734019344,False,-12.095572507060702,14.944581064525629,True,-19.25266882987348,22.101677387338405,True,elected_incumbent_running,R,False,False,leave_one_cycle_out_training_residual_sd,2016,10.549771971171332
2016_GA,2016,GA,2016-11-08,-14.35083409806154,-7.373298196113445,-6.977535901948095,10.549771971171332,0.24230541050935606,0,0.05871191196210756,0.2774748907715793,-14.489011257574422,-0.25758513465246846,True,-20.89337498190661,6.1467785896797205,True,-28.050471304719387,13.303874912492496,True,elected_incumbent_running,R,False,False,leave_one_cycle_out_training_residual_sd,2016,10.549771971171332
2016_HI,2016,HI,2016-11-08,53.58728838818104,43.94769700214883,9.639591386032208,10.549771971171332,0.9999844833677586,1,2.4076587611544614e-10,1.5516752625602447e-05,36.83198394068785,51.06341006360981,False,30.427620216355663,57.467773787941994,True,23.270523893542887,64.62487011075477,True,elected_incumbent_running,D,False,False,leave_one_cycle_out_training_residual_sd,2016,10.549771971171332
2016_IA,2016,IA,2016-11-08,-25.52053011012785,6.458703856200352,-31.9792339663282,10.549771971171332,0.7298014634522363,0,0.5326101760570258,1.3085982696521876,-0.657009205260624,13.574416917661328,False,-7.061372929592813,19.978780641993517,False,-14.21846925240559,27.135876964806293,False,elected_incumbent_running,R,False,False,leave_one_cycle_out_training_residual_sd,2016,10.549771971171332
2016_ID,2016,ID,2016-11-08,-40.919804288946835,-32.30277368715067,-8.617030601796166,10.549771971171332,0.0010995359328150878,0,1.2089792675515451e-06,0.0011001408659199751,-39.41848674861164,-25.187060625689693,False,-45.822850472943834,-18.782696901357504,True,-52.97994679575661,-11.625600578544727,True,elected_incumbent_running,R,False,False,leave_one_cycle_out_training_residual_sd,2016,10.549771971171332
2016_IL,2016,IL,2016-11-08,15.935102754485117,17.695046784233817,-1.7599440297487003,10.549771971171332,0.9532572894535115,1,0.002184880989232806,0.04787043332535497,10.57933372277284,24.810759845694793,True,4.174969998440652,31.215123570026982,True,-2.9821263243721248,38.37221989283976,True,elected_incumbent_running,R,False,False,leave_one_cycle_out_training_residual_sd,2016,10.549771971171332
2016_IN,2016,IN,2016-11-08,-10.261338057669208,-9.860749194654607,-0.4005888630145993,10.549771971171332,0.1749744604242035,0,0.030616061800741157,0.1923409360650445,-16.976462256115582,-2.745036133193631,True,-23.380825980447774,3.659327591138558,True,-30.53792230326055,10.816423913951335,True,open_seat,R,True,False,leave_one_cycle_out_training_residual_sd,2016,10.549771971171332
2016_KS,2016,KS,2016-11-08,-31.70856277582555,-21.68665349050611,-10.021909285319438,10.549771971171332,0.01990806493496955,0,0.00039633104945496414,0.020108900426676016,-28.802366551967086,-14.570940429045134,False,-35.206730276299275,-8.166576704712945,True,-42.36382659911205,-1.0094803819001683,True,elected_incumbent_running,R,False,False,leave_one_cycle_out_training_residual_sd,2016,10.549771971171332
2016_KY,2016,KY,2016-11-08,-14.549104429230924,-22.54554478760982,7.996440358378896,10.549771971171332,0.01629636666623835,0,0.00026557156652048437,0.016430612931807694,-29.661257849070797,-15.429831726148844,False,-36.065621573402986,-9.025468001816655,True,-43.22271789621576,-1.8683716790038787,True,elected_incumbent_running,R,False,False,leave_one_cycle_out_training_residual_sd,2016,10.549771971171332
2016_LA,2016,LA,2016-11-08,-21.30922040210089,-16.95365122822796,-4.355569173872929,10.549771971171332,0.05402544085645555,0,0.002918748259734377,0.055539603374818204,-24.069364289688938,-9.837938166766985,True,-30.473728014021127,-3.4335744424347965,True,-37.6308243368339,3.72352188037798,True,open_seat,R,True,False,leave_one_cycle_out_training_residual_sd,2016,10.549771971171332
2016_MD,2016,MD,2016-11-08,26.11051851041458,27.18345157381196,-1.0729330633973788,10.549771971171332,0.9950123764573057,1,2.4876388603638743e-05,0.005000103250345193,20.067738512350985,34.29916463527294,True,13.663374788018796,40.70352835960513,True,6.5062784652060195,47.86062468241791,True,open_seat,D,True,False,leave_one_cycle_out_training_residual_sd,2016,10.549771971171332
2016_MO,2016,MO,2016-11-08,-2.921537575905546,-9.017333506759948,6.0957959308544005,10.549771971171332,0.19634698859222643,0,0.038552139929235896,0.21858768081072316,-16.133046568220927,-1.9016204452989722,True,-22.537410292553112,4.502743279033217,True,-29.69450661536589,11.659839601845993,True,elected_incumbent_running,R,False,False,leave_one_cycle_out_training_residual_sd,2016,10.549771971171332
2016_NC,2016,NC,2016-11-08,-5.907120107897768,-1.5280698060100013,-4.379050301887767,10.549771971171332,0.4424170718620483,0,0.19573286547498883,0.5841440366868194,-8.643782867470978,5.587643255450975,True,-15.048146591803167,11.992006979783163,True,-22.205242914615944,19.14910330259594,True,elected_incumbent_running,R,False,False,leave_one_cycle_out_training_residual_sd,2016,10.549771971171332
2016_ND,2016,ND,2016-11-08,-64.44460759121944,-19.682416577823453,-44.762191013395984,10.549771971171332,0.031043618746626866,0,0.000963706264885923,0.03153568229094515,-26.79812963928443,-12.566703516362477,False,-33.20249336361662,-6.162339792030288,False,-40.359589686429395,0.9947565307824888,False,elected_incumbent_running,R,False,False,leave_one_cycle_out_training_residual_sd,2016,10.549771971171332
2016_NH,2016,NH,2016-11-08,0.1435870791394933,6.207503956516214,-6.0639168773767205,10.549771971171332,0.7218686576954693,1,0.07735704357212005,0.32591207118698096,-0.9082091049447625,13.32321701797719,True,-7.312572829276951,19.727580742309378,True,-14.469669152089729,26.884677065122155,True,elected_incumbent_running,R,False,False,leave_one_cycle_out_training_residual_sd,2016,10.549771971171332
2016_NV,2016,NV,2016-11-08,2.646319389070399,7.355084326693068,-4.708764937622669,10.549771971171332,0.7571547542439855,1,0.05897381338629908,0.27818761546825377,0.23937126523209162,14.470797388154043,True,-6.164992459100097,20.875161112486232,True,-13.322088781912875,28.03225743529901,True,open_seat,D,True,False,leave_one_cycle_out_training_residual_sd,2016,10.549771971171332
2016_NY,2016,NY,2016-11-08,44.42624578533713,32.62538974055478,11.80085604478235,10.549771971171332,0.9990076785290369,1,9.847019017343002e-07,0.000992814147870147,25.509676679093804,39.74110280201576,False,19.105312954761615,46.145466526347946,True,11.948216631948839,53.30256284916072,True,elected_incumbent_running,D,False,False,leave_one_cycle_out_training_residual_sd,2016,10.549771971171332
2016_OH,2016,OH,2016-11-08,-21.926780992967423,3.5681135384989853,-25.494894531466407,10.549771971171332,0.6324002139393162,0,0.3999300305904929,1.000760470490209,-3.547599522961991,10.68382659995996,False,-9.95196324729418,17.08819032429215,False,-17.109059570106957,24.245286647104926,False,elected_incumbent_running,R,False,False,leave_one_cycle_out_training_residual_sd,2016,10.549771971171332
2016_OK,2016,OK,2016-11-08,-46.751914829634586,-33.00463948603311,-13.747275343601473,10.549771971171332,0.000878596336309323,0,7.71931522176165e-07,0.00087898252829161,-40.12035254749409,-25.888926424572137,False,-46.52471627182628,-19.484562700239948,False,-53.681812594639055,-12.327466377427172,True,elected_incumbent_running,R,False,False,leave_one_cycle_out_training_residual_sd,2016,10.549771971171332
2016_OR,2016,OR,2016-11-08,25.851642016256463,13.08233435749477,12.769307658761694,10.549771971171332,0.8925231205152488,1,0.011551279623779723,0.11370286032466602,5.966621296033793,20.198047418955746,False,-0.43774242829839594,26.602411143287934,True,-7.594838751111173,33.759507466100715,True,elected_incumbent_running,D,False,False,leave_one_cycle_out_training_residual_sd,2016,10.549771971171332
2016_PA,2016,PA,2016-11-08,-1.490360364975828,6.003868003783659,-7.494228368759488,10.549771971171332,0.7153556284444083,0,0.5117336751470942,1.2565146969911771,-1.111845057677317,13.119581065244635,False,-7.516208782009506,19.523944789576824,True,-14.673305104822283,26.6810411123896,True,elected_incumbent_running,R,False,False,leave_one_cycle_out_training_residual_sd,2016,10.549771971171332
2016_SC,2016,SC,2016-11-08,-24.245946350276768,-10.076509409130743,-14.169436941146024,10.549771971171332,0.16975344657138197,0,0.028816232622863033,0.18603256997916331,-17.19222247059172,-2.960796347669767,False,-23.59658619492391,3.443567376662422,False,-30.753682517736685,10.600663699475199,True,elected_incumbent_running,R,False,False,leave_one_cycle_out_training_residual_sd,2016,10.549771971171332
2016_SD,2016,SD,2016-11-08,-43.65572315882875,-17.896998276390484,-25.758724882438266,10.549771971171332,0.04490180216798623,0,0.0020161718379329728,0.045941118832541886,-25.01271133785146,-10.781285214929508,False,-31.41707506218365,-4.376921490597319,False,-38.574171384996426,2.780174832215458,False,elected_incumbent_running,R,False,False,leave_one_cycle_out_training_residual_sd,2016,10.549771971171332
2016_UT,2016,UT,2016-11-08,-43.157093923421826,-48.71237779029496,5.555283866873133,10.549771971171332,1.943012726379756e-06,0,3.775298454873692e-12,1.9430146140314285e-06,-55.82809085175593,-41.596664728833986,True,-62.232454576088124,-35.19230100450179,True,-69.3895508989009,-28.035204681689017,True,elected_incumbent_running,R,False,False,leave_one_cycle_out_training_residual_sd,2016,10.549771971171332
2016_VT,2016,VT,2016-11-08,29.946599972962012,37.03451765278124,-7.087917679819228,10.549771971171332,0.9997763311678188,1,5.002774648928727e-08,0.0002236938497849205,29.918804591320264,44.15023071424221,True,23.514440866988075,50.554594438574405,True,16.357344544175298,57.71169076138718,True,elected_incumbent_running,D,False,False,leave_one_cycle_out_training_residual_sd,2016,10.549771971171332
2016_WA,2016,WA,2016-11-08,18.026020891574888,15.796596541243694,2.2294243503311932,10.549771971171332,0.9328476061619252,1,0.004509443998183907,0.06951342892283228,8.680883479782718,22.91230960270467,True,2.276519755450529,29.31667332703686,True,-4.880576567362247,36.473769649849636,True,elected_incumbent_running,D,False,False,leave_one_cycle_out_training_residual_sd,2016,10.549771971171332
2016_WI,2016,WI,2016-11-08,-3.4665288484603565,7.466859965744825,-10.93338881420518,10.549771971171332,0.7604573591578504,0,0.5782953950973319,1.4290238368840316,0.35114690428384865,14.5825730272058,False,-6.05321682004834,20.98693675153799,True,-13.210313142861118,28.144033074350766,True,elected_incumbent_running,R,False,False,leave_one_cycle_out_training_residual_sd,2016,10.549771971171332
2018_AZ,2018,AZ,2018-11-06,2.402957486136785,2.791759107726598,-0.3888016215898133,11.19826863279228,0.5984366958697065,1,0.1612530872240386,0.5134345308903917,-4.761358305034084,10.34487652048728,True,-11.559399590017339,17.142917805470535,True,-19.15644410175086,24.739962317204057,True,open_seat,R,True,False,leave_one_cycle_out_training_residual_sd,2018,11.19826863279228
2018_CT,2018,CT,2018-11-06,20.408576995776254,20.85309503452728,-0.4445180387510241,11.19826863279228,0.9687105293986096,1,0.0009790309705152757,0.03178944299122993,13.299977621766597,28.40621244728796,True,6.501936336783341,35.20425373227121,True,-1.0951081749501803,42.80129824400474,True,elected_incumbent_running,D,False,False,leave_one_cycle_out_training_residual_sd,2018,11.19826863279228
2018_DE,2018,DE,2018-11-06,22.639007988446096,18.567242887362447,4.071765101083649,11.19826863279228,0.9513458943338182,1,0.002367221998175982,0.049877566126190424,11.014125474601766,26.120360300123128,True,4.21608418961851,32.91840158510638,True,-3.380960322115012,40.51544609683991,True,elected_incumbent_running,D,False,False,leave_one_cycle_out_training_residual_sd,2018,11.19826863279228
2018_FL,2018,FL,2018-11-06,-0.1225183560779328,5.3323290544490405,-5.454847410526973,11.19826863279228,0.6830249385994553,0,0.46652306674878974,1.1489321788602975,-2.2207883583116415,12.885446467209722,True,-9.018829643294897,19.683487752192978,True,-16.61587415502842,27.2805322639265,True,elected_incumbent_running,D,False,False,leave_one_cycle_out_training_residual_sd,2018,11.19826863279228
2018_HI,2018,HI,2018-11-06,42.30219569410147,41.452674901070914,0.8495207930305568,11.19826863279228,0.9998929217812068,1,1.1465744939921938e-08,0.00010708395207493514,33.89955748831023,49.0057923138316,True,27.101516203326977,55.80383359881485,True,19.504471691593455,63.400878110548376,True,elected_incumbent_running,D,False,False,leave_one_cycle_out_training_residual_sd,2018,11.19826863279228
2018_IN,2018,IN,2018-11-06,-6.162903216195062,-13.664619049016142,7.50171583282108,11.19826863279228,0.11118621374609122,0,0.012362374127191485,0.11786752969025649,-21.217736461776823,-6.11150163625546,True,-28.01577774676008,0.6865396487277948,True,-35.6128222584936,8.283584160461317,True,elected_incumbent_running,D,False,False,leave_one_cycle_out_training_residual_sd,2018,11.19826863279228
2018_MA,2018,MA,2018-11-06,25.038879177334593,35.872557379258986,-10.833678201924393,11.19826863279228,0.999320928988476,1,4.6113743869220076e-07,0.0006793016846782054,28.319439966498305,43.42567479201967,False,21.52139868151505,50.22371607700292,True,13.924354169781527,57.82076058873645,True,elected_incumbent_running,D,False,False,leave_one_cycle_out_training_residual_sd,2018,11.19826863279228
2018_MD,2018,MD,2018-11-06,36.30566322052462,34.59199101713032,1.713672203394303,11.19826863279228,0.9989960055405668,1,1.0080048745726072e-06,0.0010044987994685005,27.038873604369638,42.145108429891,True,20.24083231938638,48.94314971487425,True,12.64378780765286,56.54019422660778,True,open_seat,D,True,False,leave_one_cycle_out_training_residual_sd,2018,11.19826863279228
2018_MI,2018,MI,2018-11-06,6.6371383113556135,6.334663566076905,0.3024747452787082,11.19826863279228,0.714195151905505,1,0.08168441119431738,0.3365990319916992,-1.2184538466837767,13.887780978837586,True,-8.016495131667032,20.685822263820842,True,-15.613539643400554,28.282866775554364,True,elected_incumbent_running,D,False,False,leave_one_cycle_out_training_residual_sd,2018,11.19826863279228
2018_MN_REGULAR,2018,MN,2018-11-06,24.963466608899424,8.233387414360969,16.730079194538455,11.19826863279228,0.7689025781186203,1,0.0534060184002204,0.2627910039536286,0.6802700016002872,15.78650482712165,False,-6.117771283382968,22.584546112104906,False,-13.71481579511649,30.181590623838428,True,elected_incumbent_running,D,False,False,leave_one_cycle_out_training_residual_sd,2018,11.19826863279228
2018_MN_SPECIAL,2018,MN,2018-11-06,11.140619798671466,8.233387414360969,2.907232384310497,11.19826863279228,0.7689025781186203,1,0.0534060184002204,0.2627910039536286,0.6802700016002872,15.78650482712165,True,-6.117771283382968,22.584546112104906,True,-13.71481579511649,30.181590623838428,True,appointed_incumbent_running,D,False,True,leave_one_cycle_out_training_residual_sd,2018,11.19826863279228
2018_MO,2018,MO,2018-11-06,-5.996633249741748,-13.067121991132131,7.070488741390385,11.19826863279228,0.12162786076599219,0,0.014793336514511582,0.12968492635965806,-20.620239403892814,-5.514004578371449,True,-27.418280688876067,1.284036706611806,True,-35.01532520060959,8.881081218345328,True,elected_incumbent_running,D,False,False,leave_one_cycle_out_training_residual_sd,2018,11.19826863279228
2018_MS_REGULAR,2018,MS,2018-11-06,-19.41285627996939,-11.60969464812012,-7.803161631849271,11.19826863279228,0.14992848858961838,0,0.022478551690767328,0.1624348019655578,-19.162812060880803,-4.0565772353594385,False,-25.96085334586406,2.7414640496238167,True,-33.55789785759758,10.338508561357338,True,elected_incumbent_running,R,False,False,leave_one_cycle_out_training_residual_sd,2018,11.19826863279228
2018_MS_SPECIAL,2018,MS,2018-11-06,-7.266512999290427,-11.60969464812012,4.343181648829692,11.19826863279228,0.14992848858961838,0,0.022478551690767328,0.1624348019655578,-19.162812060880803,-4.0565772353594385,True,-25.96085334586406,2.7414640496238167,True,-33.55789785759758,10.338508561357338,True,appointed_incumbent_running,R,False,True,leave_one_cycle_out_training_residual_sd,2018,11.19826863279228
2018_MT,2018,MT,2018-11-06,3.6569158437772415,-15.649328634048878,19.30624447782612,11.19826863279228,0.08113501162625536,1,0.8443128668590819,2.511640701695456,-23.20244604680956,-8.096211221288197,False,-30.000487331792815,-1.2981699363049408,False,-37.59753184352634,6.298874575428581,True,elected_incumbent_running,D,False,False,leave_one_cycle_out_training_residual_sd,2018,11.19826863279228
2018_ND,2018,ND,2018-11-06,-10.905410742496043,-33.0484857930395,22.14307505054345,11.19826863279228,0.0015826382765402602,0,2.504743914370325e-06,0.0015838919714357333,-40.60160320580018,-25.495368380278816,False,-47.39964449078343,-18.69732709529556,False,-54.99668900251696,-11.100282583562038,False,elected_incumbent_running,D,False,False,leave_one_cycle_out_training_residual_sd,2018,11.19826863279228
2018_NE,2018,NE,2018-11-06,-19.79502813980163,-20.525348226355145,0.7303200865535153,11.19826863279228,0.033408445281082,0,0.0011161242160990501,0.03397925670955171,-28.078465639115826,-12.972230813594464,True,-34.87650692409908,-6.174189528611208,True,-42.473551435832604,1.4228549831223134,True,elected_incumbent_running,R,False,False,leave_one_cycle_out_training_residual_sd,2018,11.19826863279228
2018_NJ,2018,NJ,2018-11-06,11.544410589867937,21.13838028580259,-9.593969695934652,11.19826863279228,0.9704633346054745,1,0.0008724146026281594,0.029981656988373937,13.58526287304191,28.69149769856327,False,6.787221588058653,35.489538983546524,True,-0.8098229236748686,43.08658349528005,True,elected_incumbent_running,D,False,False,leave_one_cycle_out_training_residual_sd,2018,11.19826863279228
2018_NM,2018,NM,2018-11-06,27.83688334059555,15.871589868648222,11.965293471947328,11.19826863279228,0.9218060847214088,1,0.006114288386595499,0.0814203978047262,8.318472455887541,23.424707281408903,False,1.5204311709042848,30.22274856639216,True,-6.076613340829237,37.819793078125684,True,elected_incumbent_running,D,False,False,leave_one_cycle_out_training_residual_sd,2018,11.19826863279228
2018_NV,2018,NV,2018-11-06,5.247548248472796,9.157418839970395,-3.909870591497601,11.19826863279228,0.7932509071451727,1,0.042745187396294015,0.23161570493906034,1.6043014272097134,16.710536252731078,True,-5.193739857773542,23.50857753771433,True,-12.790784369507064,31.105622049447852,True,elected_incumbent_running,R,False,False,leave_one_cycle_out_training_residual_sd,2018,11.19826863279228
2018_NY,2018,NY,2018-11-06,33.99933379035469,33.39301299955074,0.6063207908039487,11.19826863279228,0.9985680464219993,1,2.0504910495491333e-06,0.001432979803313851,25.83989558679006,40.946130412311426,True,19.041854301806804,47.744171697294675,True,11.444809790073283,55.341216209028204,True,elected_incumbent_running,D,False,False,leave_one_cycle_out_training_residual_sd,2018,11.19826863279228
2018_OH,2018,OH,2018-11-06,6.847342539013482,-1.965369154271805,8.812711693285287,11.19826863279228,0.43034082416063696,1,0.3245115766179823,0.8431777699203172,-9.518486567032486,5.587748258488877,False,-16.316527852015742,12.385789543472132,True,-23.913572363749264,19.982834055205654,True,elected_incumbent_running,D,False,False,leave_one_cycle_out_training_residual_sd,2018,11.19826863279228
2018_PA,2018,PA,2018-11-06,13.085564092459125,5.818928385019667,7.266635707439457,11.19826863279228,0.6983383880102658,1,0.09099972814824493,0.3590514971193463,-1.7341890277410146,13.372045797780348,True,-8.53223031272427,20.170087082763605,True,-16.12927482445779,27.767131594497126,True,elected_incumbent_running,D,False,False,leave_one_cycle_out_training_residual_sd,2018,11.19826863279228
2018_RI,2018,RI,2018-11-06,23.159474112658216,23.191408185319624,-0.0319340726614072,11.19826863279228,0.980819741762709,1,0.0003678823060491681,0.019366585778138327,15.638290772558943,30.744525598080305,True,8.840249487575687,37.54256688306356,True,1.2432049758421648,45.139611394797086,True,elected_incumbent_running,D,False,False,leave_one_cycle_out_training_residual_sd,2018,11.19826863279228
2018_TN,2018,TN,2018-11-06,-10.937204153944108,-20.678686090523975,9.741481936579866,11.19826863279228,0.03240280520174377,0,0.001049941784942153,0.03293939938414219,-28.231803503284656,-13.125568677763294,False,-35.02984478826791,-6.327527392780038,True,-42.62688930000144,1.269517118953484,True,open_seat,R,True,False,leave_one_cycle_out_training_residual_sd,2018,11.19826863279228
2018_TX,2018,TX,2018-11-06,-2.5874814972216456,-2.8564511559439794,0.2689696587223338,11.19826863279228,0.3993307661005384,0,0.15946506075444292,0.5097108555186304,-10.40956856870466,4.696666256816703,True,-17.207609853687917,11.494707541799958,True,-24.804654365421438,19.09175205353348,True,elected_incumbent_running,R,False,False,leave_one_cycle_out_training_residual_sd,2018,11.19826863279228
2018_UT,2018,UT,2018-11-06,-33.878940101996875,-18.19579669082257,-15.683143411174306,11.19826863279228,0.05209450340667432,0,0.0027138372851880023,0.053500468834050324,-25.74891410358325,-10.642679278061888,False,-32.5469553885665,-3.8446379930786314,False,-40.14399990030003,3.7524065186548903,True,open_seat,R,True,False,leave_one_cycle_out_training_residual_sd,2018,11.19826863279228
2018_VA,2018,VA,2018-11-06,16.319900580969303,12.222752554309402,4.097148026659902,11.19826863279228,0.862470438233952,1,0.01891438035956122,0.14795440517536673,4.66963514154872,19.775869967070083,True,-2.1284061434345354,26.57391125205334,True,-9.725450655168057,34.170955763786864,True,open_seat,D,True,False,leave_one_cycle_out_training_residual_sd,2018,11.19826863279228
2018_VT,2018,VT,2018-11-06,42.16474561566585,36.94285264764074,5.221892968025109,11.19826863279228,0.9995148140858208,1,2.354053713179365e-07,0.0004853036549505398,29.38973523488006,44.495970060401426,True,22.591693949896804,51.294011345384675,True,14.994649438163282,58.891055857118204,True,elected_incumbent_running,D,False,False,leave_one_cycle_out_training_residual_sd,2018,11.19826863279228
2018_WA,2018,WA,2018-11-06,16.867519849859107,24.143862400129528,-7.276342550270421,11.19826863279228,0.9844595453193717,1,0.0002415057316806607,0.015662473347674764,16.590744987368847,31.69697981289021,True,9.792703702385591,38.49502109787346,True,2.1956591906520693,46.09206560960699,True,elected_incumbent_running,D,False,False,leave_one_cycle_out_training_residual_sd,2018,11.19826863279228
2018_WI,2018,WI,2018-11-06,10.83712500456204,5.754021923940577,5.083103080621463,11.19826863279228,0.6963150598223413,1,0.09222454289070812,0.36195304891431374,-1.7990954888201047,13.307139336701258,True,-8.59713677380336,20.105180621684514,True,-16.19418128553688,27.702225133418036,True,elected_incumbent_running,D,False,False,leave_one_cycle_out_training_residual_sd,2018,11.19826863279228
2018_WV,2018,WV,2018-11-06,3.3894179136536167,-37.75210450259154,41.14152241624516,11.19826863279228,0.0003741467087473027,1,0.9992518465682652,7.890862568089446,-45.30522191535223,-30.19898708983086,False,-52.103263200335476,-23.400945804847606,False,-59.700307712069005,-15.803901293114084,False,elected_incumbent_running,D,False,False,leave_one_cycle_out_training_residual_sd,2018,11.19826863279228
2018_WY,2018,WY,2018-11-06,-37.97819051140363,-44.84063925830758,6.862448746903951,11.19826863279228,3.1107600382385137e-05,0,9.676828015501679e-10,3.1108084233820244e-05,-52.39375667106827,-37.2875218455469,True,-59.191797956051516,-30.489480560563646,True,-66.78884246778505,-22.892436048830124,True,elected_incumbent_running,R,False,False,leave_one_cycle_out_training_residual_sd,2018,11.19826863279228
2020_AK,2020,AK,2020-11-03,-13.359036716293971,-10.65130942213614,-2.7077272941578308,11.645566720155305,0.1801946490327675,0,0.03247011154004226,0.19868834377141528,-18.506124810105494,-2.7964940341667868,True,-25.57570368400527,4.273084839732988,True,-33.476200773198784,12.173581928926499,True,elected_incumbent_running,R,False,False,leave_one_cycle_out_training_residual_sd,2020,11.645566720155305
2020_AL,2020,AL,2020-11-03,-20.39295082406724,-22.628287187921483,2.2353363638542447,11.645566720155305,0.026003145901271618,0,0.000676163596762819,0.026347205222920295,-30.483102575890836,-14.77347179995213,True,-37.55268144979061,-7.7038929260523545,True,-45.45317853898412,0.19660416314115636,True,elected_incumbent_running,D,False,False,leave_one_cycle_out_training_residual_sd,2020,11.645566720155305
2020_AZ,2020,AZ,2020-11-03,2.3495227373552865,2.341759107726598,0.0077636296286884,11.645566720155305,0.579684291231848,1,0.17666529503727402,0.5452716491028891,-5.513056280242756,10.196574495695952,True,-12.58263515414253,17.266153369595727,True,-20.48313224333604,25.16665045878924,True,appointed_incumbent_running,R,False,True,leave_one_cycle_out_training_residual_sd,2020,11.645566720155305
2020_CO,2020,CO,2020-11-03,9.543169885775072,11.486666745364868,-1.9434968595897963,11.645566720155305,0.8380206101272747,1,0.026237322743540348,0.17671258437853643,3.6318513573955142,19.34148213333422,True,-3.4377275165042604,26.411061007233997,True,-11.338224605697771,34.311558096427504,True,elected_incumbent_running,R,False,False,leave_one_cycle_out_training_residual_sd,2020,11.645566720155305
2020_DE,2020,DE,2020-11-03,22.130005147972824,18.117242887362448,4.012762260610376,11.645566720155305,0.9401126743836741,1,0.0035864917694758474,0.061755544535875534,10.262427499393095,25.9720582753318,True,3.192848625493319,33.041637149231576,True,-4.707648463700192,40.94213423842508,True,elected_incumbent_running,D,False,False,leave_one_cycle_out_training_residual_sd,2020,11.645566720155305
2020_GA_REGULAR,2020,GA,2020-11-03,-1.8212843302317765,0.7976548013935725,-2.618939131625349,11.645566720155305,0.5273039165609172,0,0.27804942042048275,0.7493026267279912,-7.057160586575781,8.652470189362926,True,-14.126739460475555,15.722049063262702,True,-22.027236549669066,23.622546152456213,True,elected_incumbent_running,R,False,False,leave_one_cycle_out_training_residual_sd,2020,11.645566720155305
2020_IA,2020,IA,2020-11-03,-6.799246352762225,-4.007095690240694,-2.7921506625215313,11.645566720155305,0.36539018503043025,0,0.13350998731657204,0.454744933565047,-11.861911078210047,3.8477196977286603,True,-18.93148995210982,10.917298571628436,True,-26.831987041303332,18.817795660821947,True,elected_incumbent_running,R,False,False,leave_one_cycle_out_training_residual_sd,2020,11.645566720155305
2020_ID,2020,ID,2020-11-03,-30.641627543035987,-30.500353361611165,-0.1412741814248228,11.645566720155305,0.004408715781329509,0,1.943677484054386e-05,0.004418462827269835,-38.35516874958052,-22.64553797364181,True,-45.42474762348029,-15.575959099742036,True,-53.32524471267381,-7.675462010548525,True,open_seat,R,True,False,leave_one_cycle_out_training_residual_sd,2020,11.645566720155305
2020_IL,2020,IL,2020-11-03,17.129742087590202,24.16010278142296,-7.030360693832758,11.645566720155305,0.9809890255062084,1,0.00036141715120359603,0.019194006527047346,16.305287393453607,32.01491816939232,True,9.235708519553832,39.08449704329209,True,1.3352114303603209,46.984994132485596,True,elected_incumbent_running,D,False,False,leave_one_cycle_out_training_residual_sd,2020,11.645566720155305
2020_KS,2020,KS,2020-11-03,-12.0379348237619,-16.10294068521333,4.06500586145143,11.645566720155305,0.08337032888764562,0,0.006950611738834198,0.08705173659059,-23.957756073182683,-8.248125297243977,True,-31.02733494708246,-1.1785464233442013,True,-38.92783203627597,6.72195066584931,True,open_seat,R,True,False,leave_one_cycle_out_training_residual_sd,2020,11.645566720155305
2020_KY,2020,KY,2020-11-03,-20.348541061255716,-25.221258035019726,4.87271697376401,11.645566720155305,0.015165568475319025,0,0.0002299944671795902,0.0152817417613846,-33.07607342298908,-17.366442647050373,True,-40.145652296888855,-10.296863773150598,True,-48.04614938608236,-2.396366683957087,True,elected_incumbent_running,R,False,False,leave_one_cycle_out_training_residual_sd,2020,11.645566720155305
2020_LA,2020,LA,2020-11-03,-51.44061118070289,-14.223354475615585,-37.21725670508731,11.645566720155305,0.11097608951951726,0,0.01231569244504391,0.11763114790136953,-22.07816986358494,-6.368539087646231,False,-29.14774873748471,0.7010397862535438,False,-37.048245826678226,8.601536875447055,False,elected_incumbent_running,R,False,False,leave_one_cycle_out_training_residual_sd,2020,11.645566720155305
2020_MA,2020,MA,2020-11-03,33.37630608212415,35.42255737925898,-2.0462512971348303,11.645566720155305,0.9988238484160445,1,1.3833325484409226e-06,0.001176843793044783,27.56774199128963,43.277372767228336,True,20.498163117389854,50.346951641128115,True,12.597666028196343,58.24744873032162,True,elected_incumbent_running,D,False,False,leave_one_cycle_out_training_residual_sd,2020,11.645566720155305
2020_ME,2020,ME,2020-11-03,-9.20707886851065,9.313582258325066,-18.520661126835716,11.645566720155305,0.7880731733260985,0,0.6210593265162668,1.5515142210891584,1.4587668703557126,17.16839764629442,False,-5.610812003544062,24.237976520194195,False,-13.511309092737573,32.1384736093877,True,elected_incumbent_running,R,False,False,leave_one_cycle_out_training_residual_sd,2020,11.645566720155305
2020_MI,2020,MI,2020-11-03,1.7172850548123364,5.884663566076905,-4.167378511264569,11.645566720155305,0.6933307136535618,1,0.09404605118823371,0.36624817334630705,-1.9701518218924488,13.739478954046259,True,-9.039730695792223,20.809057827946035,True,-16.940227784985733,28.709554917139545,True,elected_incumbent_running,D,False,False,leave_one_cycle_out_training_residual_sd,2020,11.645566720155305
2020_MN,2020,MN,2020-11-03,5.679457423042791,7.783387414360969,-2.1039299913181777,11.645566720155305,0.7480468954343809,1,0.06348036690025381,0.29028960854188307,-0.07142797360838493,15.638202802330323,True,-7.14100684750816,22.7077816762301,True,-15.04150393670167,30.60827876542361,True,elected_incumbent_running,D,False,False,leave_one_cycle_out_training_residual_sd,2020,11.645566720155305
2020_MS,2020,MS,2020-11-03,-10.155239628567571,-12.059694648120118,1.9044550195525467,11.645566720155305,0.15020349863082882,0,0.022561091000941398,0.162758368314877,-19.91451003608947,-4.204879260150764,True,-26.984088909989246,2.8646996137490106,True,-34.88458599918276,10.765196702942522,True,elected_incumbent_running,R,False,False,leave_one_cycle_out_training_residual_sd,2020,11.645566720155305
2020_MT,2020,MT,2020-11-03,-10.024321499512084,-16.099328634048877,6.0750071345367935,11.645566720155305,0.08341790727804438,0,0.006958547254648409,0.08710364373121392,-23.95414402201823,-8.244513246079524,True,-31.023722895918006,-1.1749343721797487,True,-38.92421998511152,6.725562717013762,True,elected_incumbent_running,R,False,False,leave_one_cycle_out_training_residual_sd,2020,11.645566720155305
2020_NC,2020,NC,2020-11-03,-1.826603939251612,2.312508392562573,-4.139112331814185,11.645566720155305,0.5787020578584638,0,0.33489607176962083,0.8644149945532775,-5.542306995406781,10.167323780531927,True,-12.611885869306555,17.236902654431702,True,-20.512382958500066,25.137399743625213,True,elected_incumbent_running,R,False,False,leave_one_cycle_out_training_residual_sd,2020,11.645566720155305
2020_NE,2020,NE,2020-11-03,-43.95175515420045,-20.975348226355145,-22.976406927845304,11.645566720155305,0.0358400551817013,0,0.0012845095554273945,0.03649808027313177,-28.830163614324498,-13.120532838385792,False,-35.89974248822428,-6.050953964486016,False,-43.800239577417784,1.8495431247074947,False,elected_incumbent_running,R,False,False,leave_one_cycle_out_training_residual_sd,2020,11.645566720155305
2020_NH,2020,NH,2020-11-03,16.02932792111268,6.514056884761412,9.515271036351267,11.645566720155305,0.7120417584185308,1,0.08291994889469179,0.3396187198257452,-1.340758503207942,14.368872272730766,False,-8.410337377107716,21.43845114663054,True,-16.310834466301227,29.338948235824052,True,elected_incumbent_running,D,False,False,leave_one_cycle_out_training_residual_sd,2020,11.645566720155305
2020_NJ,2020,NJ,2020-11-03,16.615139632373698,20.68838028580259,-4.073240653428893,11.645566720155305,0.9621749482742017,1,0.0014307345380593177,0.03855898593786651,12.833564897833238,28.543195673771944,True,5.763986023933462,35.61277454767172,True,-2.1365110652600485,43.51327163686523,True,elected_incumbent_running,D,False,False,leave_one_cycle_out_training_residual_sd,2020,11.645566720155305
2020_NM,2020,NM,2020-11-03,6.27123541097869,15.421589868648224,-9.150354457669533,11.645566720155305,0.9072892456775705,1,0.008595283967033877,0.09729397598209227,7.566774480678871,23.27640525661758,False,0.4971956067790959,30.34598413051735,True,-7.403301482414415,38.246481219710866,True,open_seat,D,True,False,leave_one_cycle_out_training_residual_sd,2020,11.645566720155305
2020_OK,2020,OK,2020-11-03,-31.525022113596386,-32.48947447665626,0.9644523630598768,11.645566720155305,0.0026365602589955017,0,6.951449999314427e-06,0.002640042105406964,-40.344289864625615,-24.63465908868691,True,-47.413868738525395,-17.565080214787134,True,-55.3143658277189,-9.664583125593623,True,open_seat,R,True,False,leave_one_cycle_out_training_residual_sd,2020,11.645566720155305
2020_OR,2020,OR,2020-11-03,18.274771796454655,18.431677890108713,-0.156906093654058,11.645566720155305,0.9432574150816799,1,0.0032197209432127645,0.05841605896354881,10.57686250213936,26.286493278078066,True,3.507283628239584,33.35607215197784,True,-4.393213460953927,41.25656924117135,True,elected_incumbent_running,D,False,False,leave_one_cycle_out_training_residual_sd,2020,11.645566720155305
2020_RI,2020,RI,2020-11-03,33.17984958322271,22.741408185319624,10.438441397903087,11.645566720155305,0.9745780733163438,1,0.0006462743563091897,0.025750646962136775,14.886592797350271,30.596223573288977,False,7.817013923450496,37.66580244718875,True,-0.08348316574301506,45.56629953638226,True,open_seat,D,True,False,leave_one_cycle_out_training_residual_sd,2020,11.645566720155305
2020_SC,2020,SC,2020-11-03,-10.415832481506795,-8.80051272104804,-1.615319760458755,11.645566720155305,0.22491562472015747,0,0.05058703824325871,0.254783384226014,-16.655328109017393,-0.9456973330786864,True,-23.72490698291717,6.123881540821088,True,-31.62540407211068,14.0243786300146,True,elected_incumbent_running,R,False,False,leave_one_cycle_out_training_residual_sd,2020,11.645566720155305
2020_SD,2020,SD,2020-11-03,-31.470495146578337,-25.823716158862503,-5.64677898771583,11.645566720155305,0.013295432949476937,0,0.000176768537314037,0.01338460851867809,-33.678531546831856,-17.96890077089315,True,-40.748110420731635,-10.899321896993374,True,-48.64860750992514,-2.9988248077998634,True,elected_incumbent_running,R,False,False,leave_one_cycle_out_training_residual_sd,2020,11.645566720155305
2020_TN,2020,TN,2020-11-03,-27.770345608038824,-21.128686090523978,-6.641659517514849,11.645566720155305,0.034814887952162976,0,0.0012120764231216628,0.0354353700830896,-28.98350147849333,-13.273870702554625,True,-36.05308035239311,-6.204291828654849,True,-43.95357744158662,1.6962052605386617,True,open_seat,R,True,False,leave_one_cycle_out_training_residual_sd,2020,11.645566720155305
2020_TX,2020,TX,2020-11-03,-9.899042062075353,-3.3064511559439795,-6.592590906131373,11.645566720155305,0.3882344674648374,0,0.1507260017277059,0.49140618665040176,-11.161266543913333,4.548364232025374,True,-18.230845417813107,11.61794310592515,True,-26.131342507006618,19.51844019511866,True,elected_incumbent_running,R,False,False,leave_one_cycle_out_training_residual_sd,2020,11.645566720155305
2020_VA,2020,VA,2020-11-03,12.09582841271353,11.772752554309402,0.3230758584041275,11.645566720155305,0.8439729734606151,1,0.024344433010721932,0.16963480686498994,3.9179371663400486,19.627567942278755,True,-3.151641707559726,26.69714681617853,True,-11.052138796753237,34.59764390537204,True,elected_incumbent_running,D,False,False,leave_one_cycle_out_training_residual_sd,2020,11.645566720155305
2020_WV,2020,WV,2020-11-03,-44.49214332185656,-38.202104502591546,-6.290038819265014,11.645566720155305,0.0005183020078534106,0,2.6863697134487695e-07,0.0005184363727688258,-46.0569198905609,-30.347289114622193,True,-53.12649876446068,-23.277710240722417,True,-61.026995853654185,-15.377213151528906,True,elected_incumbent_running,R,False,False,leave_one_cycle_out_training_residual_sd,2020,11.645566720155305
2020_WY,2020,WY,2020-11-03,-46.2715881653659,-45.290639258307586,-0.9809489070583126,11.645566720155305,5.031071781635976e-05,0,2.5311683271973796e-09,5.031198344297326e-05,-53.14545464627694,-37.43582387033823,True,-60.21503352017672,-30.366244996438457,True,-68.11553060937023,-22.465747907244946,True,open_seat,R,True,False,leave_one_cycle_out_training_residual_sd,2020,11.645566720155305
2022_AL,2022,AL,2022-11-08,-36.652984262818194,-26.90274966670944,-9.750234596108754,11.659691885366854,0.010518232380071435,0,0.0001106332124011832,0.010573939960787036,-34.76709233383381,-19.03840699958507,False,-41.845246056169,-11.960253277249874,True,-49.7553258328624,-4.050173500556486,True,open_seat,R,True,False,leave_one_cycle_out_training_residual_sd,2022,11.659691885366854
2022_AR,2022,AR,2022-11-08,-35.782880140816665,-29.504866555966306,-6.278013584850363,11.659691885366854,0.005694981635232355,0,3.2432815825633785e-05,0.005711259875417646,-37.36920922309068,-21.640523888841933,True,-44.44736294542587,-14.56237016650674,True,-52.35744272211926,-6.652290389813352,True,elected_incumbent_running,R,False,False,leave_one_cycle_out_training_residual_sd,2022,11.659691885366854
2022_AZ,2022,AZ,2022-11-08,4.992147589578039,-0.7663366417413773,5.758484231319416,11.659691885366854,0.47379826833255173,1,0.2768882624098213,0.7469736421131142,-8.630679308865748,7.098006025382993,True,-15.708833031200943,14.176159747718188,True,-23.618912807894333,22.086239524411575,True,elected_incumbent_running,D,False,False,leave_one_cycle_out_training_residual_sd,2022,11.659691885366854
2022_CA_REGULAR,2022,CA,2022-11-08,22.12900637700405,28.737822721335142,-6.6088163443310926,11.659691885366854,0.9931438950676015,1,4.700617484405933e-05,0.006879716001685306,20.873480054210773,36.60216538845951,True,13.795326331875577,43.680319110794706,True,5.885246555182189,51.59039888748809,True,appointed_incumbent_running,D,False,True,leave_one_cycle_out_training_residual_sd,2022,11.659691885366854
2022_CA_SPECIAL,2022,CA,2022-11-08,21.787140037865683,28.737822721335142,-6.950682683469459,11.659691885366854,0.9931438950676015,1,4.700617484405933e-05,0.006879716001685306,20.873480054210773,36.60216538845951,True,13.795326331875577,43.680319110794706,True,5.885246555182189,51.59039888748809,True,appointed_incumbent_running,D,False,True,leave_one_cycle_out_training_residual_sd,2022,11.659691885366854
2022_CO,2022,CO,2022-11-08,15.047246386477951,12.796638984600303,2.250607401877648,11.659691885366854,0.8637909416643249,1,0.01855290757269134,0.1464245051227869,4.932296317475933,20.660981651724676,True,-2.145857404859262,27.73913537405987,True,-10.05593718155265,35.64921515075326,True,elected_incumbent_running,D,False,False,leave_one_cycle_out_training_residual_sd,2022,11.659691885366854
2022_FL,2022,FL,2022-11-08,-16.587594994456367,-4.469509324283111,-12.118085670173256,11.659691885366854,0.3507375607307124,0,0.12301683650733015,0.4319182691784022,-12.333851991407482,3.3948333428412596,False,-19.412005713742676,10.472987065176454,True,-27.322085490436066,18.38306684186984,True,elected_incumbent_running,R,False,False,leave_one_cycle_out_training_residual_sd,2022,11.659691885366854
2022_GA,2022,GA,2022-11-08,0.9774140180497994,-0.841340674182705,1.8187546922325044,11.659691885366854,0.4712380631722086,1,0.27958918583787723,0.7523918706792793,-8.705683341307076,7.023001992941666,True,-15.78383706364227,14.10115571527686,True,-23.69391684033566,22.011235491970247,True,elected_incumbent_running,D,False,False,leave_one_cycle_out_training_residual_sd,2022,11.659691885366854
2022_HI,2022,HI,2022-11-08,46.45313302387402,28.98532929302977,17.467803730844246,11.659691885366854,0.9935395668419468,1,4.173719658967357e-05,0.006481392074232372,21.120986625905402,36.84967196015414,False,14.042832903570206,43.927825682489335,False,6.132753126876818,51.83790545918272,True,elected_incumbent_running,D,False,False,leave_one_cycle_out_training_residual_sd,2022,11.659691885366854
2022_IA,2022,IA,2022-11-08,-12.196840548191474,-9.44652616927411,-2.7503143789173645,11.659691885366854,0.2089164678130434,0,0.0436460905234784,0.23435171351962727,-17.31086883639848,-1.5821835021497392,True,-24.389022558733675,5.4959702201854554,True,-32.299102335427065,13.406049996878844,True,elected_incumbent_running,R,False,False,leave_one_cycle_out_training_residual_sd,2022,11.659691885366854
2022_ID,2022,ID,2022-11-08,-35.721031821889774,-32.834285850155744,-2.8867459717340296,11.659691885366854,0.0024308981510842154,0,5.9092658209446565e-06,0.0024338575810160076,-40.69862851728011,-24.969943183031376,True,-47.77678223961531,-17.89178946069618,True,-55.686862016308694,-9.98170968400279,True,elected_incumbent_running,R,False,False,leave_one_cycle_out_training_residual_sd,2022,11.659691885366854
2022_IL,2022,IL,2022-11-08,15.584397861044309,16.238087465613845,-0.6536896045695357,11.659691885366854,0.9181399949422878,1,0.006701060428048664,0.08540540005144724,8.373744798489474,24.102430132738213,True,1.2955910761542793,31.180583855073408,True,-6.614488700539109,39.0906636317668,True,elected_incumbent_running,D,False,False,leave_one_cycle_out_training_residual_sd,2022,11.659691885366854
2022_IN,2022,IN,2022-11-08,-21.495551038239668,-17.470096014885925,-4.025455023353743,11.659691885366854,0.0670234340310118,0,0.00449214070930939,0.06937519531090408,-25.334438682010294,-9.605753347761555,True,-32.41259240434549,-2.52759962542636,True,-40.32267218103888,5.382480151267028,True,elected_incumbent_running,R,False,False,leave_one_cycle_out_training_residual_sd,2022,11.659691885366854
2022_KS,2022,KS,2022-11-08,-23.66328612885694,-16.0668565112627,-7.596429617594239,11.659691885366854,0.08410427761327977,0,0.007073529512851632,0.08785276097746299,-23.931199178387068,-8.202513844138329,True,-31.009352900722263,-1.124360121803134,True,-38.91943267741566,6.785719654890254,True,elected_incumbent_running,R,False,False,leave_one_cycle_out_training_residual_sd,2022,11.659691885366854
2022_KY,2022,KY,2022-11-08,-23.619806488332387,-27.480205800525937,3.8603993121935503,11.659691885366854,0.009215215230299889,0,8.492019174075104e-05,0.00925793799503864,-35.344548467650306,-19.615863133401568,True,-42.4227021899855,-12.537709411066372,True,-50.332781966678894,-4.627629634372983,True,elected_incumbent_running,R,False,False,leave_one_cycle_out_training_residual_sd,2022,11.659691885366854
2022_LA,2022,LA,2022-11-08,-55.0418251781291,-20.008880912582107,-35.032944265546995,11.659691885366854,0.04307435305892715,0,0.0018553998914451067,0.044029584443985505,-27.873223579706476,-12.144538245457737,False,-34.95137730204167,-5.066384523122542,False,-42.86145707873506,2.8436952535708464,False,elected_incumbent_running,R,False,False,leave_one_cycle_out_training_residual_sd,2022,11.659691885366854
2022_MD,2022,MD,2022-11-08,31.743055937654752,32.97809409418468,-1.2350381565299244,11.659691885366854,0.9976608224724707,1,5.471751505298199e-06,0.002341917677247076,25.113751427060308,40.842436761309045,True,18.035597704725113,47.92059048364424,True,10.125517928031723,55.83067026033763,True,elected_incumbent_running,D,False,False,leave_one_cycle_out_training_residual_sd,2022,11.659691885366854
2022_MO,2022,MO,2022-11-08,-13.652645873736844,-16.751641288802887,3.0989954150660424,11.659691885366854,0.07539965323130243,0,0.005685107707400655,0.07839369238082121,-24.615983955927256,-8.887298621678516,True,-31.69413767826245,-1.8091448993433215,True,-39.604217454955844,6.100934877350067,True,open_seat,R,True,False,leave_one_cycle_out_training_residual_sd,2022,11.659691885366854
2022_NC,2022,NC,2022-11-08,-3.299253218639862,-2.448365066373442,-0.8508881522664193,11.659691885366854,0.4168395339925083,0,0.17375519709909146,0.5392928886384003,-10.312707733497813,5.415977600750928,True,-17.390861455833008,12.494131323086123,True,-25.300941232526394,20.404211099779513,True,open_seat,R,True,False,leave_one_cycle_out_training_residual_sd,2022,11.659691885366854
2022_ND,2022,ND,2022-11-08,-38.61430712798449,-35.514816845793256,-3.0994902821912333,11.659691885366854,0.0011597391779729627,0,1.3449949609254032e-06,0.0011604121958538817,-43.379159512917624,-27.650474178668887,True,-50.45731323525282,-20.572320456333692,True,-58.367393011946206,-12.662240679640302,True,elected_incumbent_running,R,False,False,leave_one_cycle_out_training_residual_sd,2022,11.659691885366854
2022_NH,2022,NH,2022-11-08,9.349948447759571,6.416695443190077,2.933253004569494,11.659691885366854,0.7089539804524867,1,0.0847077854944515,0.34396466223998,-1.4476472239342932,14.281038110314448,True,-8.525800946269488,21.359191832649643,True,-16.435880722962878,29.26927160934303,True,open_seat,D,True,False,leave_one_cycle_out_training_residual_sd,2022,11.659691885366854
2022_NV,2022,NV,2022-11-08,0.801857785545522,1.3662346800876135,-0.5643768945420917,11.659691885366854,0.5466396606766616,1,0.20553559727137255,0.6039654492535109,-6.498107987036757,9.230577347211984,True,-13.576261709371952,16.30873106954718,True,-21.48634148606534,24.21881084624057,True,elected_incumbent_running,D,False,False,leave_one_cycle_out_training_residual_sd,2022,11.659691885366854
2022_NY,2022,NY,2022-11-08,14.075069326686034,22.353669786024497,-8.278600459338463,11.659691885366854,0.972392148481251,1,0.0007621934654812917,0.027996110944166305,14.489327118900126,30.218012453148866,False,7.411173396564932,37.29616617548406,True,-0.49890638012845656,45.206245952177454,True,elected_incumbent_running,D,False,False,leave_one_cycle_out_training_residual_sd,2022,11.659691885366854
2022_OH,2022,OH,2022-11-08,-6.114454849606801,-9.233395295405431,3.1189404457986303,11.659691885366854,0.21420736067818824,0,0.045884793368715426,0.24106233901565832,-17.097737962529802,-1.369052628281061,True,-24.175891684864997,5.709101094054134,True,-32.08597146155839,13.619180870747522,True,open_seat,R,True,False,leave_one_cycle_out_training_residual_sd,2022,11.659691885366854
2022_OK_REGULAR,2022,OK,2022-11-08,-33.40665086133072,-34.96007899381302,1.5534281324823027,11.659691885366854,0.0013571363341933762,0,1.8418190295878353e-06,0.0013580580777569527,-42.82442166093739,-27.09573632668865,True,-49.902575383272584,-20.017582604353457,True,-57.81265515996597,-12.107502827660067,True,elected_incumbent_running,R,False,False,leave_one_cycle_out_training_residual_sd,2022,11.659691885366854
2022_OK_SPECIAL,2022,OK,2022-11-08,-27.35172468172955,-34.96007899381302,7.6083543120834705,11.659691885366854,0.0013571363341933762,0,1.8418190295878353e-06,0.0013580580777569527,-42.82442166093739,-27.09573632668865,True,-49.902575383272584,-20.017582604353457,True,-57.81265515996597,-12.107502827660067,True,open_seat,R,True,False,leave_one_cycle_out_training_residual_sd,2022,11.659691885366854
2022_OR,2022,OR,2022-11-08,15.408528397166307,15.534313970883458,-0.1257855737171507,11.659691885366854,0.9086206861571712,1,0.008350178998386207,0.09582755884889534,7.6699713037590875,23.39865663800783,True,0.5918175814238928,30.476810360343023,True,-7.3182621952694955,38.38689013703641,True,elected_incumbent_running,D,False,False,leave_one_cycle_out_training_residual_sd,2022,11.659691885366854
2022_PA,2022,PA,2022-11-08,5.035095542957677,0.098410518698115,4.936685024259562,11.659691885366854,0.5033671259072319,1,0.24664421162964328,0.6864355025308653,-7.765932148426256,7.962753185822486,True,-14.84408587076145,15.04090690815768,True,-22.75416564745484,22.950986684851067,True,open_seat,R,True,False,leave_one_cycle_out_training_residual_sd,2022,11.659691885366854
2022_SC,2022,SC,2022-11-08,-25.896486784856165,-12.933217499164188,-12.963269285691975,11.659691885366854,0.13366664342131662,0,0.017866771563521407,0.14348550617687914,-20.79756016628856,-5.068874832039818,False,-27.875713888623753,2.009278890295377,True,-35.785793665317144,9.919358666988765,True,elected_incumbent_running,R,False,False,leave_one_cycle_out_training_residual_sd,2022,11.659691885366854
2022_SD,2022,SD,2022-11-08,-45.39410721732374,-27.949559723362995,-17.444547493960748,11.659691885366854,0.00826248929688389,0,6.826872938112084e-05,0.00829681285769965,-35.813902390487364,-20.085217056238626,False,-42.89205611282256,-13.00706333390343,False,-50.80213588951595,-5.0969835572100415,True,elected_incumbent_running,R,False,False,leave_one_cycle_out_training_residual_sd,2022,11.659691885366854
2022_UT,2022,UT,2022-11-08,-10.854978816433643,-22.467210243703263,11.61223142726962,11.659691885366854,0.026995245248751187,0,0.0007287432660402236,0.027366310116140883,-30.331552910827632,-14.602867576578893,False,-37.40970663316283,-7.524713854243698,True,-45.31978640985622,0.38536592244969015,True,elected_incumbent_running,R,False,False,leave_one_cycle_out_training_residual_sd,2022,11.659691885366854
2022_VT,2022,VT,2022-11-08,41.90937868850685,35.51837310561312,6.391005582893726,11.659691885366854,0.9988414367102916,1,1.3422688962600085e-06,0.0011592349429752173,27.654030438488753,43.38271577273749,True,20.57587671615356,50.460869495072686,True,12.665796939460169,58.37094927176608,True,open_seat,D,True,False,leave_one_cycle_out_training_residual_sd,2022,11.659691885366854
2022_WA,2022,WA,2022-11-08,14.550585979180894,18.771006369581382,-4.220420390400491,11.659691885366854,0.9462907959694339,1,0.0028846785975969796,0.05520536184999289,10.906663702457012,26.635349036705755,True,3.828509980121817,33.71350275904095,True,-4.081569796571571,41.623582535734336,True,elected_incumbent_running,D,False,False,leave_one_cycle_out_training_residual_sd,2022,11.659691885366854
2022_WI,2022,WI,2022-11-08,-1.0091205339674616,-0.4418734669320106,-0.567247067035451,11.659691885366854,0.48488469312284355,0,0.23511316562483417,0.6633645065307122,-8.306216134056381,7.42246920019236,True,-15.384369856391576,14.500622922527555,True,-23.294449633084966,22.41070269922094,True,elected_incumbent_running,R,False,False,leave_one_cycle_out_training_residual_sd,2022,11.659691885366854
2024_AZ,2024,AZ,2024-11-05,2.4624583141814895,0.0436633582586227,2.4187949559228668,11.897158147736798,0.5014641413010754,1,0.2485380024086741,0.6902231770257818,-7.980847868851648,8.068174585368894,True,-15.203158291505169,15.290485008022415,True,-23.27433812968276,23.361664846200007,True,open_seat,D,True,False,leave_one_cycle_out_training_residual_sd,2024,11.897158147736798
2024_CA_REGULAR,2024,CA,2024-11-05,17.745034382389406,29.54782272133514,-11.802788338945737,11.897158147736798,0.9934969719846671,1,4.228937336820414e-05,0.006524264821113334,21.52331149422487,37.57233394844541,False,14.30100107157135,44.79464437109893,True,6.229821233393757,52.865824209276525,True,open_seat,D,True,True,leave_one_cycle_out_training_residual_sd,2024,11.897158147736798
2024_CA_SPECIAL,2024,CA,2024-11-05,17.50078847533601,29.54782272133514,-12.047034245999132,11.897158147736798,0.9934969719846671,1,4.228937336820414e-05,0.006524264821113334,21.52331149422487,37.57233394844541,False,14.30100107157135,44.79464437109893,True,6.229821233393757,52.865824209276525,True,open_seat,D,True,True,leave_one_cycle_out_training_residual_sd,2024,11.897158147736798
2024_CT,2024,CT,2024-11-05,19.20478918086353,20.12009817615569,-0.9153089952921613,11.897158147736798,0.9545976799222613,1,0.002061370668441435,0.04646530483204429,12.095586949045419,28.14460940326596,True,4.873276526391898,35.36691982591948,True,-3.1979033117856943,43.438099664097074,True,elected_incumbent_running,D,False,False,leave_one_cycle_out_training_residual_sd,2024,11.897158147736798
2024_DE,2024,DE,2024-11-05,17.782937775828344,18.983488329968942,-1.2005505541406016,11.897158147736798,0.944714530179653,1,0.0030564831732564977,0.05687248159107323,10.958977102858672,27.007999557079213,True,3.7366666802051505,34.23030997973274,True,-4.334513157972442,42.30148981791032,True,open_seat,D,True,False,leave_one_cycle_out_training_residual_sd,2024,11.897158147736798
2024_FL,2024,FL,2024-11-05,-12.991751177582984,-3.659509324283111,-9.332241853299871,11.897158147736798,0.3791951678531958,0,0.14378897532321333,0.47673852640179065,-11.684020551393381,4.36500190282716,False,-18.906330974046902,11.587312325480681,True,-26.977510812224494,19.658492163658273,True,elected_incumbent_running,R,False,False,leave_one_cycle_out_training_residual_sd,2024,11.897158147736798
2024_HI,2024,HI,2024-11-05,33.89004871259568,29.79532929302977,4.094719419565909,11.897158147736798,0.9938671622561206,1,3.761169879275182e-05,0.00615172083749514,21.7708180659195,37.81984052014004,True,14.548507643265978,45.04215094279356,True,6.477327805088386,53.113330780971154,True,elected_incumbent_running,D,False,False,leave_one_cycle_out_training_residual_sd,2024,11.897158147736798
2024_IN,2024,IN,2024-11-05,-20.401222284822257,-16.660096014885927,-3.7411262699363306,11.897158147736798,0.08070539199158444,0,0.006513360296515302,0.08414863345279293,-24.684607241996197,-8.635584787775656,True,-31.90691766464972,-1.4132743651221347,True,-39.97809750282731,6.657905473055457,True,open_seat,R,True,False,leave_one_cycle_out_training_residual_sd,2024,11.897158147736798
2024_MA,2024,MA,2024-11-05,19.847565736102283,33.9610990802963,-14.113533344194018,11.897158147736798,0.997845145446568,1,4.643398146446651e-06,0.0021571795931873716,25.93658785318603,41.985610307406574,False,18.71427743053251,49.207920730060096,True,10.643097592354916,57.27910056823768,True,elected_incumbent_running,D,False,False,leave_one_cycle_out_training_residual_sd,2024,11.897158147736798
2024_MD,2024,MD,2024-11-05,12.106519772814307,33.78809409418467,-21.681574321370363,11.897158147736798,0.9977444213477025,1,5.08763505670034e-06,0.002258126301495594,25.7635828670744,41.81260532129494,False,18.54127244442088,49.03491574394846,False,10.470092606243288,57.10609558212606,True,open_seat,D,True,False,leave_one_cycle_out_training_residual_sd,2024,11.897158147736798
2024_MI,2024,MI,2024-11-05,0.3515485263113902,2.5571186888189135,-2.2055701625075232,11.897158147736798,0.5850911001350746,1,0.1721493951871227,0.5359877171478054,-5.467392538291357,10.581629915929184,True,-12.689702960944878,17.803940338582706,True,-20.76088279912247,25.875120176760298,True,open_seat,D,True,False,leave_one_cycle_out_training_residual_sd,2024,11.897158147736798
2024_MN,2024,MN,2024-11-05,16.235543437695867,7.00902729713334,9.226516140562527,11.897158147736798,0.7221145018062666,1,0.07722035010637943,0.32557156290396533,-1.0154839299769307,15.03353852424361,False,-8.237794352630452,22.25584894689713,True,-16.308974190808044,30.327028785074724,True,elected_incumbent_running,D,False,False,leave_one_cycle_out_training_residual_sd,2024,11.897158147736798
2024_MO,2024,MO,2024-11-05,-14.096355376281892,-15.941641288802888,1.845285912520996,11.897158147736798,0.09013019613764439,0,0.008123452255810248,0.09445376238584345,-23.96615251591316,-7.9171300616926175,True,-31.18846293856668,-0.6948196390390962,True,-39.25964277674427,7.376360199138496,True,elected_incumbent_running,R,False,False,leave_one_cycle_out_training_residual_sd,2024,11.897158147736798
2024_MS,2024,MS,2024-11-05,-25.624382405477704,-17.03997165477772,-8.584410750699984,11.897158147736798,0.07603293451312204,0,0.005781007130676705,0.07907885138816421,-25.06448288188799,-9.015460427667449,False,-32.28679330454151,-1.7931500050139277,True,-40.3579731427191,6.278029833163664,True,elected_incumbent_running,R,False,False,leave_one_cycle_out_training_residual_sd,2024,11.897158147736798
2024_MT,2024,MT,2024-11-05,-7.278178886452224,-17.064360184096206,9.78618129764398,11.897158147736798,0.07574014336381896,0,0.005736569316771849,0.07876201675249501,-25.088871411206476,-9.039848956985935,False,-32.31118183386,-1.8175385343324137,True,-40.38236167203759,6.253641303845178,True,elected_incumbent_running,D,False,False,leave_one_cycle_out_training_residual_sd,2024,11.897158147736798
2024_ND,2024,ND,2024-11-05,-33.03319923672319,-34.70481684579326,1.6716176090700685,11.897158147736798,0.0017666948367662805,0,3.1212106462566346e-06,0.0017682572826039228,-42.72932807290353,-26.68030561868299,True,-49.95163849555705,-19.45799519602947,True,-58.02281833373465,-11.386815357851876,True,elected_incumbent_running,R,False,False,leave_one_cycle_out_training_residual_sd,2024,11.897158147736798
2024_NE_REGULAR,2024,NE,2024-11-05,-6.694085293448069,-19.83810449320345,13.14401919975538,11.897158147736798,0.04771090832487629,0,0.0022763307731847498,0.04888662256251339,-27.86261572031372,-11.813593266093179,False,-35.08492614296724,-4.591282843439657,True,-43.15610598114483,3.479896994737935,True,elected_incumbent_running,R,False,False,leave_one_cycle_out_training_residual_sd,2024,11.897158147736798
2024_NE_SPECIAL,2024,NE,2024-11-05,-25.155052646777293,-19.83810449320345,-5.316948153573843,11.897158147736798,0.04771090832487629,0,0.0022763307731847498,0.04888662256251339,-27.86261572031372,-11.813593266093179,True,-35.08492614296724,-4.591282843439657,True,-43.15610598114483,3.479896994737935,True,appointed_incumbent_running,R,False,True,leave_one_cycle_out_training_residual_sd,2024,11.897158147736798
2024_NJ,2024,NJ,2024-11-05,9.857537839129066,15.872567173589683,-6.015029334460618,11.897158147736798,0.9089222858013792,1,0.008295150023645646,0.09549568262739254,7.848055946479413,23.897078400699954,True,0.6257455238258913,31.119388823353475,True,-7.445434314351701,39.19056866153107,True,open_seat,D,True,True,leave_one_cycle_out_training_residual_sd,2024,11.897158147736798
2024_NM,2024,NM,2024-11-05,10.113349665840444,10.766980303439478,-0.6536306375990346,11.897158147736798,0.8172684681705478,1,0.033390812724738116,0.20178763568815103,2.7424690763292077,18.79149153054975,True,-4.479841346324314,26.01380195320327,True,-12.551021184501906,34.08498179138086,True,elected_incumbent_running,D,False,False,leave_one_cycle_out_training_residual_sd,2024,11.897158147736798
2024_NV,2024,NV,2024-11-05,1.7457448421834698,2.176234680087614,-0.4304898379041439,11.897158147736798,0.5725698197684628,1,0.1826965589727644,0.557620595062316,-5.848276547022657,10.200745907197884,True,-13.070586969676178,17.423056329851406,True,-21.14176680785377,25.494236168028998,True,elected_incumbent_running,D,False,False,leave_one_cycle_out_training_residual_sd,2024,11.897158147736798
2024_NY,2024,NY,2024-11-05,18.40805372062256,23.163669786024496,-4.755616065401934,11.897158147736798,0.9742321432812454,1,0.000663982439878266,0.026105663613615236,15.139158558914225,31.188181013134766,True,7.916848136260704,38.41049143578829,True,-0.15433170191688816,46.48167127396588,True,elected_incumbent_running,D,False,False,leave_one_cycle_out_training_residual_sd,2024,11.897158147736798
2024_OH,2024,OH,2024-11-05,-3.747668078104226,-8.423395295405431,4.675727217301205,11.897158147736798,0.2394672178148302,0,0.057344548407975336,0.2737360621169328,-16.4479065225157,-0.39888406829516043,True,-23.670216945169223,6.823426354358361,True,-31.741396783346815,14.894606192535953,True,elected_incumbent_running,D,False,False,leave_one_cycle_out_training_residual_sd,2024,11.897158147736798
2024_PA,2024,PA,2024-11-05,-0.2228208993178242,0.9084105186981152,-1.1312314180159393,11.897158147736798,0.5304317656636289,0,0.28135785802503493,0.7559416568440107,-7.116100708412155,8.932921745808386,True,-14.338411131065676,16.155232168461907,True,-22.40959096924327,24.2264120066395,True,elected_incumbent_running,D,False,False,leave_one_cycle_out_training_residual_sd,2024,11.897158147736798
2024_RI,2024,RI,2024-11-05,20.098878346212786,20.92871976791852,-0.8298414217057335,11.897158147736798,0.9607227983122453,1,0.0015426985724205627,0.040069362909905364,12.904208540808249,28.95323099502879,True,5.681898118154727,36.17554141768231,True,-2.389281720022865,44.2467212558599,True,elected_incumbent_running,D,False,False,leave_one_cycle_out_training_residual_sd,2024,11.897158147736798
2024_TN,2024,TN,2024-11-05,-30.25187665212592,-23.925540744132707,-6.3263359079932115,11.897158147736798,0.022161149370278688,0,0.0004911165414118035,0.022410396931351707,-31.950051971242978,-15.901029517022437,True,-39.1723623938965,-8.678719094368915,True,-47.24354223207409,-0.6075392561913233,True,elected_incumbent_running,R,False,False,leave_one_cycle_out_training_residual_sd,2024,11.897158147736798
2024_TX,2024,TX,2024-11-05,-8.705251955409139,-5.931442473559063,-2.7738094818500763,11.897158147736798,0.3090448341401366,0,0.09550870950870455,0.36968034030084324,-13.955953700669333,2.093068753551208,True,-21.178264123322855,9.315379176204729,True,-29.249443961500447,17.38655901438232,True,elected_incumbent_running,R,False,False,leave_one_cycle_out_training_residual_sd,2024,11.897158147736798
2024_UT,2024,UT,2024-11-05,-32.640668786229845,-21.657210243703265,-10.98345854252658,11.897158147736798,0.03435146385303911,0,0.0011800230688466527,0.03495534518974277,-29.681721470813535,-13.632699016592994,False,-36.90403189346706,-6.410388593939473,True,-44.97521173164465,1.6607912442381192,True,open_seat,R,True,False,leave_one_cycle_out_training_residual_sd,2024,11.897158147736798
2024_VA,2024,VA,2024-11-05,8.952032284687988,10.039373998799812,-1.0873417141118242,11.897158147736798,0.8006223766442254,1,0.03975143669499711,0.2223658829713538,2.0148627716895415,18.063885225910084,True,-5.20744765096398,25.286195648563606,True,-13.278627489141572,33.3573754867412,True,open_seat,D,True,False,leave_one_cycle_out_training_residual_sd,2024,11.897158147736798
2024_VT,2024,VT,2024-11-05,32.64053697017699,36.32837310561312,-3.687836135436129,11.897158147736798,0.9988691833354517,1,1.2787463288201067e-06,0.001131456520131082,28.303861878502847,44.35288433272339,True,21.081551455849326,51.57519475537691,True,13.010371617671733,59.6463745935545,True,elected_incumbent_running,D,False,False,leave_one_cycle_out_training_residual_sd,2024,11.897158147736798
2024_WA,2024,WA,2024-11-05,18.501674485843935,19.581006369581385,-1.0793318837374493,11.897158147736798,0.9501032713838417,1,0.002489683526594555,0.051184593575864516,11.556495142471114,27.605517596691655,True,4.334184719817593,34.827828019345176,True,-3.7369951183599994,42.89900785752277,True,elected_incumbent_running,D,False,False,leave_one_cycle_out_training_residual_sd,2024,11.897158147736798
2024_WI,2024,WI,2024-11-05,0.8677410241822372,0.3681265330679895,0.4996144911142477,11.897158147736798,0.5123422589821579,1,0.23781007237462476,0.6687624026977093,-7.656384694042281,8.39263776017826,True,-14.878695116695802,15.614948182831782,True,-22.949874954873394,23.686128021009374,True,elected_incumbent_running,D,False,False,leave_one_cycle_out_training_residual_sd,2024,11.897158147736798
2024_WV,2024,WV,2024-11-05,-42.47776205712924,-39.86706462784405,-2.6106974292851888,11.897158147736798,0.00040263968026377217,0,1.621187121229127e-07,0.0004027207613848818,-47.891575854954326,-31.84255340073378,True,-55.11388627760785,-24.62024297808026,True,-63.18506611578543,-16.549063139902668,True,open_seat,D,True,False,leave_one_cycle_out_training_residual_sd,2024,11.897158147736798
2024_WY,2024,WY,2024-11-05,-51.380342939975975,-45.23086875117019,-6.149474188805783,11.897158147736798,7.181816934664909e-05,0,5.157849448303966e-09,7.182074839485566e-05,-53.25537997828046,-37.206357524059925,True,-60.47769040093398,-29.9840471014064,True,-68.54887023911158,-21.912867263228808,True,elected_incumbent_running,R,False,False,leave_one_cycle_out_training_residual_sd,2024,11.897158147736798
