race_id,cycle,state,election_date,actual_margin_dem,production_predicted_margin_dem,forecast_error_dem,global_sd,predicted_dem_win_probability,actual_dem_win,brier_contribution,log_loss_contribution,predicted_margin_lower_50,predicted_margin_upper_50,actual_margin_covered_50,predicted_margin_lower_80,predicted_margin_upper_80,actual_margin_covered_80,predicted_margin_lower_95,predicted_margin_upper_95,actual_margin_covered_95,incumbency_category,model_incumbent_party,model_open_seat,lineage_appointed_incumbent,sd_source
2012_AZ,2012,AZ,2012-11-06,-3.1721173153280375,-8.807801439232641,5.635684123904603,8.75,0.1570621041361781,0,0.024668504555683656,0.1708619940810033,-14.709586753448356,-2.906016125016926,True,-20.021377637747896,2.405774759282613,True,-25.957486303958113,8.341883425492831,True,open_seat,R,True,False,recommended_global_baseline
2012_CA,2012,CA,2012-11-06,25.048568944289187,24.376899183170817,0.6716697611183733,8.75,0.9973312911741562,1,7.122006797136603e-06,0.0026722761774710477,18.475113868955102,30.278684497386532,True,13.163322984655563,35.59047538168607,True,7.227214318445345,41.52658404789629,True,elected_incumbent_running,D,False,False,recommended_global_baseline
2012_CT,2012,CT,2012-11-06,12.00608169746934,22.45667649950835,-10.450594802039012,8.75,0.9948631327325418,1,2.6387405323483595e-05,0.0051501063277784006,16.554891185292636,28.358461813724066,False,11.243100300993097,33.6702526980236,True,5.306991634782879,39.60636136423382,True,open_seat,D,True,False,recommended_global_baseline
2012_DE,2012,DE,2012-11-06,39.28341839077444,25.09627729977712,14.187141090997322,8.75,0.9979355750762009,1,4.261850266002928e-06,0.0020665587862370946,19.194491985561406,30.998062613992836,False,13.882701101261867,36.30985349829238,False,7.946592435051649,42.24596216450259,True,elected_incumbent_running,D,False,False,recommended_global_baseline
2012_FL,2012,FL,2012-11-06,13.345297340747948,2.659320061798588,10.68597727894936,8.75,0.6194064532633405,1,0.1448514478175898,0.4789935929255599,-3.242465252417127,8.561105376014304,False,-8.554256136716665,13.872896260313842,True,-14.490364802926884,19.80900492652406,True,elected_incumbent_running,D,False,False,recommended_global_baseline
2012_HI,2012,HI,2012-11-06,25.203085836142193,45.80745175691083,-20.604365920768636,8.75,0.999999917568887,1,6.794888398086596e-15,8.24311164439549e-08,39.905666442695114,51.709237071126545,False,34.593875558395574,57.021027955426085,False,28.657766892185357,62.9571366216363,False,open_seat,D,True,False,recommended_global_baseline
2012_IN,2012,IN,2012-11-06,6.110645924593399,0.8639068907561761,5.246739033837223,8.75,0.5393245554557419,1,0.21222186520604985,0.6174377455862425,-5.037878423459539,6.7656922049718915,True,-10.349669307759077,12.07748308927143,True,-16.285777973969296,18.01359175548165,True,open_seat,R,True,False,recommended_global_baseline
2012_MA,2012,MA,2012-11-06,7.554477975801376,26.214156426705905,-18.65967845090453,8.75,0.998631835346923,1,1.8718745179292705e-06,0.0013691014448904064,20.31237111249019,32.11594174092162,False,15.000580228190652,37.42773262522116,False,9.064471561980433,43.36384129143138,False,elected_incumbent_running,R,False,False,recommended_global_baseline
2012_MD,2012,MD,2012-11-06,36.02316963954084,25.680174585771063,10.342995053769776,8.75,0.9983316008653242,1,2.783555672586817e-06,0.0016697924624789774,19.778389271555348,31.581959899986778,False,14.466598387255809,36.89375078428632,True,8.53048972104559,42.829859450496535,True,elected_incumbent_running,D,False,False,recommended_global_baseline
2012_MI,2012,MI,2012-11-06,21.50553871325623,16.562603152309045,4.942935560947184,8.75,0.9708123490990719,1,0.0008519189651144501,0.02962208467179112,10.66081783809333,22.46438846652476,True,5.349026953793791,27.7761793508243,True,-0.5870817124164276,33.71228801703452,True,elected_incumbent_running,D,False,False,recommended_global_baseline
2012_MN,2012,MN,2012-11-06,36.23860405374484,10.278749990785478,25.95985406295936,8.75,0.8799454787593807,1,0.014413088070314318,0.1278953293844836,4.376964676569763,16.180535305001193,False,-0.9348262077297758,21.492326189300734,False,-6.870934873939994,27.42843485551095,False,elected_incumbent_running,D,False,False,recommended_global_baseline
2012_MO,2012,MO,2012-11-06,16.71556749173139,-0.3151582993532929,17.030725791084684,8.75,0.48563396674918,1,0.26457241616218363,0.7223000936823133,-6.216943613569008,5.586627014862422,False,-11.528734497868546,10.898417899161961,False,-17.464843164078765,16.83452656537218,True,elected_incumbent_running,D,False,False,recommended_global_baseline
2012_MS,2012,MS,2012-11-06,-16.99449259042794,-13.463861985727668,-3.5306306047002707,8.75,0.061935468685651585,0,0.003836002281311328,0.06393653563190475,-19.365647299943383,-7.562076671511953,True,-24.677438184242924,-2.2502857872124142,True,-30.61354685045314,3.6858228789978043,True,appointed_incumbent_running,R,False,True,recommended_global_baseline
2012_MT,2012,MT,2012-11-06,3.979091713748474,-2.518806567881463,6.497898281629936,8.75,0.38672557254276485,1,0.3761055233729996,0.9500399523698072,-8.420591882097177,3.382978746334252,False,-13.732382766396716,8.694769630633791,True,-19.668491432606935,14.63087829684401,True,elected_incumbent_running,D,False,False,recommended_global_baseline
2012_ND,2012,ND,2012-11-06,0.9182518186765378,-8.99731256393624,9.91556438261278,8.75,0.15191276128395836,1,0.7192519644730002,1.8844488618231767,-14.899097878151956,-3.0955272497205257,False,-20.210888762451496,2.216263634579013,True,-26.146997428661713,8.152372300789231,True,open_seat,D,True,False,recommended_global_baseline
2012_NE,2012,NE,2012-11-06,-15.548865544300329,-15.39814884433128,-0.1507166999690472,8.75,0.03922184196876738,0,0.0015383528874229621,0.04001174158130809,-21.299934158546996,-9.496363530115564,True,-26.611725042846533,-4.184572645816026,True,-32.54783370905675,1.7515360203941928,True,open_seat,D,True,False,recommended_global_baseline
2012_NJ,2012,NJ,2012-11-06,19.840323838015877,15.5492597428479,4.291064095167977,8.75,0.9622206723241988,1,0.001427277599635556,0.03851146551169601,9.647474428632185,21.451045057063617,True,4.335683544332646,26.762835941363154,True,-1.6004251218775725,32.698944607573374,True,elected_incumbent_running,D,False,False,recommended_global_baseline
2012_NM,2012,NM,2012-11-06,5.95158887087554,15.149800037595176,-9.198211166719636,8.75,0.9583102863033193,1,0.0017380322281112088,0.04258366378277685,9.24801472337946,21.051585351810893,False,3.936223839079922,26.36337623611043,True,-1.9998848271302965,32.29948490232065,True,open_seat,D,True,False,recommended_global_baseline
2012_NV,2012,NV,2012-11-06,-1.2809050430656723,12.593476250392207,-13.874381293457882,8.75,0.9249607753364736,0,0.8555524359110503,2.5897443066466295,6.691690936176492,18.495261564607922,False,1.3799000518769535,23.807052448907463,False,-4.556208614333265,29.74316111511768,True,appointed_incumbent_running,R,False,True,recommended_global_baseline
2012_NY,2012,NY,2012-11-06,46.51511255351639,31.34771475956852,15.167397793947869,8.75,0.9998299017158376,1,2.8933426274981595e-08,0.00017011275251622326,25.445929445352807,37.24950007378423,False,20.13413856105327,42.561290958083774,False,14.19802989484305,48.49739962429399,True,appointed_incumbent_running,D,False,True,recommended_global_baseline
2012_OH,2012,OH,2012-11-06,6.2899714181396575,4.487681524508254,1.8022898936314036,8.75,0.6959816292420743,1,0.09242716975830358,0.36243201376320006,-1.414103789707461,10.389466838723969,True,-6.725894674007,15.701257723023508,True,-12.662003340217218,21.637366389233726,True,elected_incumbent_running,D,False,False,recommended_global_baseline
2012_PA,2012,PA,2012-11-06,9.261954081514574,10.279407630968896,-1.0174535494543218,8.75,0.8799605177280471,1,0.014409477304118503,0.1278782387345321,4.377622316753181,16.181192945184613,True,-0.934168567546358,21.49298382948415,True,-6.8702772337565765,27.42909249569437,True,elected_incumbent_running,D,False,False,recommended_global_baseline
2012_RI,2012,RI,2012-11-06,29.912571658646016,28.21627501829155,1.6962966403544648,8.75,0.9993695140617943,1,3.975125182751139e-07,0.0006306847780463729,22.314489704075836,34.11806033250727,True,17.0026988197763,39.4298512168068,True,11.066590153566079,45.36595988301703,True,elected_incumbent_running,D,False,False,recommended_global_baseline
2012_TN,2012,TN,2012-11-06,-36.186410224537525,-15.442943604708924,-20.7434666198286,8.75,0.038789627881192335,0,0.0015046352311613737,0.03956198437612124,-21.344728918924638,-9.54115829049321,False,-26.656519803224178,-4.229367406193671,False,-32.592628469434395,1.706741260016548,False,elected_incumbent_running,R,False,False,recommended_global_baseline
2012_TX,2012,TX,2012-11-06,-16.309097081569973,-12.05187350188144,-4.257223579688533,8.75,0.08420095457079102,0,0.007089800750632413,0.08795832109511982,-17.953658816097153,-6.150088187665725,True,-23.265449700396694,-0.8382973033661862,True,-29.20155836660691,5.097811362844032,True,open_seat,R,True,False,recommended_global_baseline
2012_UT,2012,UT,2012-11-06,-37.07577325658352,-29.23272274548014,-7.843050511103378,8.75,0.00041756264043546487,0,1.7435855868743732e-07,0.0004176498439909514,-35.134508059695854,-23.330937431264424,False,-40.446298943995394,-18.019146546964883,True,-46.38240761020561,-12.083037880754667,True,elected_incumbent_running,R,False,False,recommended_global_baseline
2012_VA,2012,VA,2012-11-06,5.9153880181019645,6.185168812255107,-0.2697807941531422,8.75,0.7601783655237928,1,0.05751441636283953,0.27420218175882244,0.28338349803939167,12.086954126470822,True,-5.028407386260147,17.398745010770362,True,-10.964516052470366,23.33485367698058,True,open_seat,D,True,False,recommended_global_baseline
2012_VT,2012,VT,2012-11-06,48.06836072464077,37.61836347867621,10.44999724596456,8.75,0.9999914308194301,1,7.343085563965773e-11,8.569217285543755e-06,31.716578164460493,43.52014879289192,False,26.404787280160953,48.831939677191464,True,20.468678613950736,54.76804834340168,True,elected_incumbent_running,D,False,False,recommended_global_baseline
2012_WA,2012,WA,2012-11-06,20.901982363426015,17.3240536042179,3.5779287592081133,8.75,0.9761421582662265,1,0.0005691966121937834,0.02414704921425521,11.422268290002187,23.225838918433617,True,6.110477405702648,28.537629802733157,True,0.17436873949242937,34.473738468943374,True,elected_incumbent_running,D,False,False,recommended_global_baseline
2012_WI,2012,WI,2012-11-06,5.704300652835613,13.931356495636829,-8.227055842801214,8.75,0.9443250623822159,1,0.003099698678744149,0.05728482636615259,8.029571181421113,19.833141809852542,False,2.7177802971215748,25.144932694152082,True,-3.2183283690886437,31.0810413603623,True,open_seat,D,True,False,recommended_global_baseline
2012_WV,2012,WV,2012-11-06,24.834513060240212,-13.527487534274508,38.36200059451472,8.75,0.06105245594407127,1,0.8816224904886603,2.796021850830448,-19.42927284849022,-7.625702220058793,False,-24.741063732789762,-2.3139113357592542,False,-30.67717239899998,3.6221973304509643,False,elected_incumbent_running,D,False,False,recommended_global_baseline
2012_WY,2012,WY,2012-11-06,-55.496518640696024,-33.304046710191834,-22.19247193050419,8.75,7.056576561020877e-05,0,4.979527276154924e-09,7.056825549092558e-05,-39.20583202440755,-27.40226139597612,False,-44.51762290870709,-22.09047051167658,False,-50.453731574917306,-16.15436184546636,False,appointed_incumbent_running,R,False,True,recommended_global_baseline
2014_AK,2014,AK,2014-11-04,-2.2704963832132705,-16.79058096312075,14.52008457990748,8.75,0.027497005593493662,0,0.0007560853166086217,0.027882124413035603,-22.692366277336465,-10.888795648905035,False,-28.004157161636,-5.577004764605496,False,-33.94026582784622,0.3591039016047226,True,elected_incumbent_running,D,False,False,recommended_global_baseline
2014_AR,2014,AR,2014-11-04,-17.791666102906177,-26.46881070245924,8.677144599553063,8.75,0.0012431371218143972,0,1.5453899036329834e-06,0.0012439104577411067,-32.37059601667495,-20.567025388243525,False,-37.68238690097449,-15.255234503943987,True,-43.61849556718471,-9.319125837733768,True,elected_incumbent_running,D,False,False,recommended_global_baseline
2014_CO,2014,CO,2014-11-04,-2.0584058661040388,3.3359766284050316,-5.39438249450907,8.75,0.6484927834253209,0,0.4205428901547202,1.0455250371464984,-2.5658086858106834,9.237761942620747,True,-7.877599570110222,14.549552826920285,True,-13.81370823632044,20.485661493130504,True,elected_incumbent_running,D,False,False,recommended_global_baseline
2014_DE,2014,DE,2014-11-04,13.871482233591024,16.73390983855633,-2.862427604965305,8.75,0.97209054743036,1,0.0007789375427369818,0.028306323067877875,10.832124524340614,22.635695152772044,True,5.520333640041075,27.947486037071585,True,-0.4157750261691433,33.8835947032818,True,elected_incumbent_running,D,False,False,recommended_global_baseline
2014_GA,2014,GA,2014-11-04,-7.831874164069305,-10.073298196113443,2.24142403204414,8.75,0.1248179742151751,0,0.015579526687180116,0.13332338479128078,-15.975083510329158,-4.171512881897728,True,-21.286874394628697,1.1402780024018107,True,-27.222983060838914,7.076386668612029,True,open_seat,R,True,False,recommended_global_baseline
2014_HI,2014,HI,2014-11-04,43.157412428624866,41.247697002148826,1.9097154264760403,8.75,0.9999987856309509,1,1.4746921874028577e-12,1.2143697864429106e-06,35.34591168793311,47.14948231636454,True,30.03412080363357,52.46127320066408,True,24.098012137423353,58.3973818668743,True,open_seat,D,True,False,recommended_global_baseline
2014_IA,2014,IA,2014-11-04,-8.698964398007291,3.758703856200352,-12.457668254207643,8.75,0.6662443693609361,0,0.4438815597051515,1.0973461985813329,-2.143081458015363,9.660489170416067,False,-7.454872342314902,14.972280054715606,False,-13.39098100852512,20.908388720925824,True,open_seat,D,True,False,recommended_global_baseline
2014_ID,2014,ID,2014-11-04,-30.65672392890638,-35.002773687150665,4.346049758244284,8.75,3.162884549789968e-05,0,1.000383867530009e-09,3.1629345700380694e-05,-40.90455900136638,-29.10098837293495,True,-46.21634988566592,-23.78919748863541,True,-52.15245855187614,-17.853088822425192,True,elected_incumbent_running,R,False,False,recommended_global_baseline
2014_IL,2014,IL,2014-11-04,11.27730879697269,14.995046784233818,-3.717737987261128,8.75,0.9567098852531843,1,0.0018740340347924663,0.04425508369415399,9.093261470018103,20.896832098449533,True,3.781470585718564,26.20862298274907,True,-2.1546380804916545,32.144731648959294,True,elected_incumbent_running,D,False,False,recommended_global_baseline
2014_KS,2014,KS,2014-11-04,-11.098776187913444,-24.38665349050611,13.287877302592666,8.75,0.0026595454682961095,0,7.073182097934372e-06,0.0026630883423622996,-30.288438804721824,-18.484868176290394,False,-35.60022968902136,-13.173077291990856,False,-41.53633835523158,-7.236968625780637,True,elected_incumbent_running,R,False,False,recommended_global_baseline
2014_KY,2014,KY,2014-11-04,-15.960574494155525,-25.24554478760982,9.284970293454297,8.75,0.0019557935702672613,0,3.8251284894987604e-06,0.001957708631896158,-31.147330101825535,-19.343759473394105,False,-36.45912098612507,-14.031968589094566,True,-42.39522965233529,-8.095859922884348,True,elected_incumbent_running,R,False,False,recommended_global_baseline
2014_LA,2014,LA,2014-11-04,-4.61783687567376,-19.65365122822796,15.0358143525542,8.75,0.012347790903749822,0,0.00015246794020272686,0.012424658290889994,-25.555436542443676,-13.751865914012246,False,-30.867227426743213,-8.440075029712707,False,-36.80333609295343,-2.5039663635024887,True,elected_incumbent_running,D,False,False,recommended_global_baseline
2014_MA,2014,MA,2014-11-04,23.920238014039143,21.411361498120012,2.5088765159191304,8.75,0.9927977126876397,1,5.187294252978584e-05,0.007228348994837052,15.509576183904297,27.313146812335727,True,10.197785299604758,32.624937696635264,True,4.26167663339454,38.56104636284549,True,elected_incumbent_running,D,False,False,recommended_global_baseline
2014_ME,2014,ME,2014-11-04,-36.97684009679358,13.55984278715422,-50.536682883947805,8.75,0.9393927889103102,0,0.8824588118566906,2.8033413981068276,7.658057472938506,19.461628101369936,False,2.346266588638967,24.773418985669473,False,-3.5898420775712516,30.709527651879693,False,elected_incumbent_running,R,False,False,recommended_global_baseline
2014_MI,2014,MI,2014-11-04,13.847021920547816,7.441064142355751,6.4059577781920645,8.75,0.8024506690122055,1,0.03902573817372518,0.22008489750330554,1.539278828140036,13.342849456571466,False,-3.7725120561595027,18.654640340871005,True,-9.708620722369721,24.59074900708122,True,open_seat,D,True,False,recommended_global_baseline
2014_MN,2014,MN,2014-11-04,10.663790458498127,5.722452923396386,4.9413375351017415,8.75,0.7434423640651532,1,0.06582182055647741,0.2964640358377093,-0.1793323908193294,11.6242382376121,True,-5.491123275118868,16.936029121911638,True,-11.427231941329087,22.872137788121858,True,elected_incumbent_running,D,False,False,recommended_global_baseline
2014_MS,2014,MS,2014-11-04,-22.50161833247023,-13.76379839757556,-8.73781993489467,8.75,0.057858768737822364,0,0.0033476371198568103,0.05960008861379534,-19.665583711791275,-7.8620130833598445,False,-24.97737459609081,-2.550222199060306,True,-30.913483262301032,3.3858864671499127,True,elected_incumbent_running,R,False,False,recommended_global_baseline
2014_MT,2014,MT,2014-11-04,-18.106180556131235,-16.228463727762918,-1.8777168283683177,8.75,0.03182085613097074,0,0.0010125668849079383,0.03233814284775395,-22.130249041978633,-10.326678413547203,True,-27.44203992627817,-5.014887529247664,True,-33.37814859248839,0.9212211369625543,True,open_seat,D,True,True,recommended_global_baseline
2014_NC,2014,NC,2014-11-04,-1.6283279362778558,-4.2280698060100015,2.5997418697321457,8.75,0.3144740356693174,0,0.09889391911014712,0.37756890421175016,-10.129855120225717,1.6737155082057136,True,-15.441646004525255,6.985506392505252,True,-21.377754670735474,12.92161505871547,True,elected_incumbent_running,D,False,False,recommended_global_baseline
2014_NE,2014,NE,2014-11-04,-34.283832564319965,-24.41878053645073,-9.865052027869236,8.75,0.0026295653682159026,0,6.914614025720436e-06,0.0026330287480167934,-30.320565850666444,-18.516995222235014,False,-35.63235673496598,-13.205204337935475,True,-41.5684654011762,-7.269095671725257,True,open_seat,R,True,False,recommended_global_baseline
2014_NH,2014,NH,2014-11-04,3.255085493010725,3.5075039565162136,-0.2524184635054887,8.75,0.6557375140497204,1,0.11851665923266648,0.4219947011335938,-2.3942813576995015,9.409289270731929,True,-7.70607224199904,14.721080155031467,True,-13.642180908209259,20.657188821241686,True,elected_incumbent_running,D,False,False,recommended_global_baseline
2014_NJ,2014,NJ,2014-11-04,13.76275567892334,15.743931101171553,-1.981175422248212,8.75,0.9640148877781636,1,0.001294928301618161,0.03664854073756325,9.842145786955838,21.64571641538727,True,4.530354902656299,26.957507299686807,True,-1.4057537635539195,32.89361596589703,True,elected_incumbent_running,D,False,False,recommended_global_baseline
2014_NM,2014,NM,2014-11-04,11.11762035747401,8.430409293817387,2.6872110636566227,8.75,0.8323454851235897,1,0.028108036358444468,0.18350767780913846,2.5286239796016723,14.332194608033102,True,-2.7831669046978664,19.64398549233264,True,-8.719275570908085,25.58009415854286,True,elected_incumbent_running,D,False,False,recommended_global_baseline
2014_OK_REGULAR,2014,OK,2014-11-04,-40.86688126914103,-35.704639486033116,-5.162241783107916,8.75,2.2466542710986026e-05,0,5.047455413845593e-10,2.2466795087536745e-05,-41.60642480024883,-29.8028541718174,True,-46.91821568454837,-24.49106328751786,True,-52.85432435075859,-18.554954621307644,True,elected_incumbent_running,R,False,False,recommended_global_baseline
2014_OK_SPECIAL,2014,OK,2014-11-04,-40.13951001666823,-35.704639486033116,-4.434870530635116,8.75,2.2466542710986026e-05,0,5.047455413845593e-10,2.2466795087536745e-05,-41.60642480024883,-29.8028541718174,True,-46.91821568454837,-24.49106328751786,True,-52.85432435075859,-18.554954621307644,True,open_seat,R,True,False,recommended_global_baseline
2014_OR,2014,OR,2014-11-04,20.370419629609927,10.382334357494768,9.98808527211516,8.75,0.8822979088666366,1,0.01385378225716658,0.12522551485023747,4.480549043279053,16.284119671710485,False,-0.8312418410204856,21.595910556010022,True,-6.767350507230704,27.532019222220242,True,elected_incumbent_running,D,False,False,recommended_global_baseline
2014_RI,2014,RI,2014-11-04,41.40580795867984,25.873491957764248,15.53231600091559,8.75,0.9984466108480757,1,2.4130178573159936e-06,0.0015545969117623211,19.971706643548533,31.775277271979963,False,14.659915759248994,37.0870681562795,False,8.723807093038776,43.02317682248972,True,elected_incumbent_running,D,False,False,recommended_global_baseline
2014_SC_REGULAR,2014,SC,2014-11-04,-16.640291747625824,-12.776509409130744,-3.863782338495082,8.75,0.0721213350618255,0,0.0052014869711001,0.07485430373336678,-18.67829472334646,-6.874724094915029,True,-23.990085607645998,-1.5629332106154905,True,-29.92619427385622,4.373175455594728,True,elected_incumbent_running,R,False,False,recommended_global_baseline
2014_SC_SPECIAL,2014,SC,2014-11-04,-24.46026374139339,-12.776509409130744,-11.683754332262648,8.75,0.0721213350618255,0,0.0052014869711001,0.07485430373336678,-18.67829472334646,-6.874724094915029,False,-23.990085607645998,-1.5629332106154905,False,-29.92619427385622,4.373175455594728,True,appointed_incumbent_running,R,False,True,recommended_global_baseline
2014_SD,2014,SD,2014-11-04,-26.113702245101862,-20.596998276390483,-5.516703968711379,8.75,0.009287738107924826,0,8.626207916139902e-05,0.009331138081588856,-26.498783590606198,-14.695212962174768,True,-31.810574474905735,-9.38342207787523,True,-37.74668314111595,-3.447313411665011,True,open_seat,D,True,False,recommended_global_baseline
2014_TN,2014,TN,2014-11-04,-32.00774883825659,-22.8621430525881,-9.14560578566849,8.75,0.004489977108144971,0,2.015989443166588e-05,0.004500087329820698,-28.763928366803814,-16.960357738372384,False,-34.07571925110335,-11.648566854072845,True,-40.01182791731357,-5.712458187862627,True,elected_incumbent_running,R,False,False,recommended_global_baseline
2014_TX,2014,TX,2014-11-04,-28.350913831561822,-18.175794430212765,-10.175119401349058,8.75,0.018889999799393764,0,0.00035683209242109645,0.019070695019354628,-24.07757974442848,-12.27400911599705,False,-29.389370628728017,-6.962218231697511,True,-35.32547929493823,-1.0261095654872925,True,elected_incumbent_running,R,False,False,recommended_global_baseline
2014_VA,2014,VA,2014-11-04,0.8324071060998648,1.7747533775289632,-0.9423462714290984,8.75,0.5803656382070311,1,0.1760929975973923,0.544096963365248,-4.127031936686752,7.676538691744678,True,-9.43882282098629,12.988329576044217,True,-15.374931487196509,18.924438242254435,True,elected_incumbent_running,D,False,False,recommended_global_baseline
2014_WV,2014,WV,2014-11-04,-28.63206901273449,-29.508595264085475,0.8765262513509846,8.75,0.00037256597348767073,0,1.3880540460081578e-07,0.0003726353934328462,-35.41038057830119,-23.60680994986976,True,-40.72217146260073,-18.295019065570223,True,-46.658280128810944,-12.358910399360003,True,open_seat,D,True,False,recommended_global_baseline
2014_WY,2014,WY,2014-11-04,-61.07227806083574,-44.48126802304285,-16.5910100377929,8.75,1.851995868884515e-07,0,3.42988869836531e-14,1.851996040378971e-07,-50.383053337258566,-38.579482708827136,False,-55.69484422155811,-33.267691824527596,False,-61.63095288776832,-27.33158315831738,True,elected_incumbent_running,R,False,False,recommended_global_baseline
2016_AK,2016,AK,2016-11-08,-58.47409506220282,-14.09058096312075,-44.38351409908207,8.75,0.053660504548694976,0,0.0028794497484205144,0.05515389962612102,-19.992366277336465,-8.188795648905035,False,-25.304157161636006,-2.8770047646054966,False,-31.240265827846223,3.059103901604722,False,elected_incumbent_running,R,False,False,recommended_global_baseline
2016_AL,2016,AL,2016-11-08,-28.14048093566937,-21.892457066875416,-6.248023868793954,8.75,0.006174781820199704,0,3.812793052706877e-05,0.0061939246279200215,-27.79424238109113,-15.9906717526597,False,-33.10603326539067,-10.678880868360162,True,-39.04214193160089,-4.742772202149943,True,elected_incumbent_running,R,False,False,recommended_global_baseline
2016_AR,2016,AR,2016-11-08,-24.598667778419824,-23.76881070245924,-0.8298570759605823,8.75,0.0032994525034510946,0,1.0886386822529695e-05,0.0033049076996078874,-29.670596016674956,-17.867025388243526,True,-34.9823869009745,-12.555234503943987,True,-40.91849556718471,-6.619125837733769,True,elected_incumbent_running,R,False,False,recommended_global_baseline
2016_AZ,2016,AZ,2016-11-08,-13.721830302462408,-8.686760447406375,-5.035069855056033,8.75,0.16041038730025414,0,0.025731492353817536,0.17484206283712303,-14.58854576162209,-2.7849751331906596,True,-19.900336645921627,2.526815751108879,True,-25.836445312131847,8.462924417319098,True,elected_incumbent_running,R,False,False,recommended_global_baseline
2016_CO,2016,CO,2016-11-08,6.008906322746697,6.035976628405032,-0.0270703056583352,8.75,0.7548481606086377,1,0.0600994243569683,0.2812386617354363,0.13419131418931673,11.937761942620746,True,-5.177599570110222,17.249552826920286,True,-11.113708236320441,23.185661493130503,True,elected_incumbent_running,D,False,False,recommended_global_baseline
2016_CT,2016,CT,2016-11-08,29.211732267578704,18.08515495381419,11.126577313764514,8.75,0.9806270260172355,1,0.0003753121209368701,0.019563089450080208,12.183369639598475,23.986940268029905,False,6.871578755298936,29.298731152329445,True,0.9354700890887173,35.23483981853966,True,elected_incumbent_running,D,False,False,recommended_global_baseline
2016_FL,2016,FL,2016-11-08,-7.961156507461695,1.4245042787324644,-9.385660786194158,8.75,0.5646622383797387,0,0.3188434434520169,0.8316330856904276,-4.477281035483251,7.3262895929481795,False,-9.789071919782788,12.638080477247719,True,-15.725180585993009,18.574189143457936,True,elected_incumbent_running,R,False,False,recommended_global_baseline
2016_GA,2016,GA,2016-11-08,-14.35083409806154,-7.373298196113445,-6.977535901948095,8.75,0.1997085705687719,0,0.039883513158622146,0.22277933086149715,-13.27508351032916,-1.4715128818977297,False,-18.586874394628698,3.840278002401809,True,-24.522983060838918,9.776386668612027,True,elected_incumbent_running,R,False,False,recommended_global_baseline
2016_HI,2016,HI,2016-11-08,53.58728838818104,43.94769700214883,9.639591386032208,8.75,0.9999997451087588,1,6.496954485311777e-14,2.5489127370957516e-07,38.04591168793311,49.84948231636454,False,32.73412080363357,55.161273200664084,True,26.798012137423356,61.0973818668743,True,elected_incumbent_running,D,False,False,recommended_global_baseline
2016_IA,2016,IA,2016-11-08,-25.52053011012785,6.458703856200352,-31.9792339663282,8.75,0.7697845764314374,0,0.5925682941117275,1.4687397842065595,0.5569185419846372,12.360489170416066,False,-4.7548723423149015,17.672280054715607,False,-10.690981008525121,23.608388720925824,False,elected_incumbent_running,R,False,False,recommended_global_baseline
2016_ID,2016,ID,2016-11-08,-40.919804288946835,-32.30277368715067,-8.617030601796166,8.75,0.0001113601074851367,0,1.2401073539101198e-08,0.00011136630848227299,-38.204559001366384,-26.400988372934954,False,-43.516349885665925,-21.089197488635413,True,-49.45245855187614,-15.153088822425197,True,elected_incumbent_running,R,False,False,recommended_global_baseline
2016_IL,2016,IL,2016-11-08,15.935102754485117,17.695046784233817,-1.7599440297487003,8.75,0.9784268542209769,1,0.0004654006188029839,0.021809247907979997,11.793261470018102,23.596832098449532,True,6.481470585718563,28.908622982749073,True,0.5453619195083448,34.84473164895929,True,elected_incumbent_running,R,False,False,recommended_global_baseline
2016_IN,2016,IN,2016-11-08,-10.261338057669208,-9.860749194654607,-0.4005888630145993,8.75,0.12988334034185722,0,0.016869682098358717,0.13912798476189378,-15.762534508870322,-3.9589638804388922,True,-21.07432539316986,1.3528270038606465,True,-27.01043405938008,7.288935670070865,True,open_seat,R,True,False,recommended_global_baseline
2016_KS,2016,KS,2016-11-08,-31.70856277582555,-21.68665349050611,-10.021909285319438,8.75,0.006597273701270057,0,4.352402028946951e-05,0.006619131900804669,-27.588438804721825,-15.784868176290395,False,-32.900229689021366,-10.473077291990856,True,-38.83633835523158,-4.536968625780638,True,elected_incumbent_running,R,False,False,recommended_global_baseline
2016_KY,2016,KY,2016-11-08,-14.549104429230924,-22.54554478760982,7.996440358378896,8.75,0.004988380821101646,0,2.4883943216334727e-05,0.005000864324994519,-28.447330101825536,-16.643759473394105,False,-33.759120986125076,-11.331968589094567,True,-39.69522965233529,-5.395859922884348,True,elected_incumbent_running,R,False,False,recommended_global_baseline
2016_LA,2016,LA,2016-11-08,-21.30922040210089,-16.95365122822796,-4.355569173872929,8.75,0.02633845470779611,0,0.0006937141963946271,0.02669152516110046,-22.855436542443677,-11.051865914012247,True,-28.167227426743217,-5.740075029712708,True,-34.103336092953434,0.1960336364975106,True,open_seat,R,True,False,recommended_global_baseline
2016_MD,2016,MD,2016-11-08,26.11051851041458,27.18345157381196,-1.0729330633973788,8.75,0.9990539951567937,1,8.949251633697439e-07,0.0009464525881895218,21.281666259596246,33.08523688802768,True,15.969875375296708,38.39702777232721,True,10.033766709086489,44.33313643853744,True,open_seat,D,True,False,recommended_global_baseline
2016_MO,2016,MO,2016-11-08,-2.921537575905546,-9.017333506759948,6.0957959308544005,8.75,0.15137538360881864,0,0.022914506762717,0.16413833839615485,-14.919118820975664,-3.1155481925442334,False,-20.230909705275202,2.1962426917553053,True,-26.16701837148542,8.132351357965524,True,elected_incumbent_running,R,False,False,recommended_global_baseline
2016_NC,2016,NC,2016-11-08,-5.907120107897768,-1.5280698060100013,-4.379050301887767,8.75,0.43068261386119655,0,0.18548751388231252,0.563317203988869,-7.429855120225716,4.373715508205714,True,-12.741646004525254,9.685506392505253,True,-18.677754670735474,15.62161505871547,True,elected_incumbent_running,R,False,False,recommended_global_baseline
2016_ND,2016,ND,2016-11-08,-64.44460759121944,-19.682416577823453,-44.762191013395984,8.75,0.012242924259605492,0,0.00014988919442643668,0.012318486223108596,-25.584201892039168,-13.780631263607738,False,-30.89599277633871,-8.4688403793082,False,-36.832101442548925,-2.5327317130979807,False,elected_incumbent_running,R,False,False,recommended_global_baseline
2016_NH,2016,NH,2016-11-08,0.1435870791394933,6.207503956516214,-6.0639168773767205,8.75,0.7609708589253203,1,0.05713493028289911,0.27316021498726517,0.3057186423004987,12.109289270731928,False,-5.00607224199904,17.42108015503147,True,-10.94218090820926,23.357188821241685,True,elected_incumbent_running,R,False,False,recommended_global_baseline
2016_NV,2016,NV,2016-11-08,2.646319389070399,7.355084326693068,-4.708764937622669,8.75,0.7997086652128544,1,0.040116618790816426,0.22350778612358696,1.4532990124773528,13.256869640908782,True,-3.858491871822186,18.568660525208323,True,-9.794600538032405,24.50476919141854,True,open_seat,D,True,False,recommended_global_baseline
2016_NY,2016,NY,2016-11-08,44.42624578533713,32.62538974055478,11.80085604478235,8.75,0.9999037328497082,1,9.26736422529674e-09,9.627178427127729e-05,26.723604426339065,38.527175054770495,False,21.411813542039525,43.838965939070036,False,15.475704875829308,49.77507460528025,True,elected_incumbent_running,D,False,False,recommended_global_baseline
2016_OH,2016,OH,2016-11-08,-21.926780992967423,3.5681135384989853,-25.494894531466407,8.75,0.6582840178450433,0,0.4333378481502133,1.0737753484789598,-2.33367177571673,9.4698988527147,False,-7.6454626600162685,14.78168973701424,False,-13.581571326226488,20.717798403224457,False,elected_incumbent_running,R,False,False,recommended_global_baseline
2016_OK,2016,OK,2016-11-08,-46.751914829634586,-33.00463948603311,-13.747275343601473,8.75,8.098550296337104e-05,0,6.558651690230179e-09,8.098878246622329e-05,-38.90642480024883,-27.1028541718174,False,-44.21821568454837,-21.791063287517858,False,-50.154324350758586,-15.854954621307641,True,elected_incumbent_running,R,False,False,recommended_global_baseline
2016_OR,2016,OR,2016-11-08,25.851642016256463,13.08233435749477,12.769307658761694,8.75,0.9325589487328159,1,0.004548295396022959,0.06982291366293454,7.180549043279054,18.984119671710484,False,1.8687581589795155,24.29591055601002,False,-4.067350507230703,30.23201922222024,True,elected_incumbent_running,D,False,False,recommended_global_baseline
2016_PA,2016,PA,2016-11-08,-1.490360364975828,6.003868003783659,-7.494228368759488,8.75,0.753692737906491,0,0.5680527431729826,1.4011754895420008,0.1020826895679443,11.905653317999374,False,-5.209708194731594,17.217444202298914,True,-11.145816860941814,23.15355286850913,True,elected_incumbent_running,R,False,False,recommended_global_baseline
2016_SC,2016,SC,2016-11-08,-24.245946350276768,-10.076509409130743,-14.169436941146024,8.75,0.12474251965816152,0,0.015560696210666814,0.1332371726636451,-15.978294723346458,-4.174724094915028,False,-21.290085607646,1.1370667893845106,False,-27.226194273856215,7.073175455594729,True,elected_incumbent_running,R,False,False,recommended_global_baseline
2016_SD,2016,SD,2016-11-08,-43.65572315882875,-17.896998276390484,-25.758724882438266,8.75,0.02040913647321696,0,0.0004165328515823948,0.020620280686304834,-23.7987835906062,-11.995212962174769,False,-29.11057447490574,-6.68342207787523,False,-35.046683141115956,-0.7473134116650115,False,elected_incumbent_running,R,False,False,recommended_global_baseline
2016_UT,2016,UT,2016-11-08,-43.157093923421826,-48.71237779029496,5.555283866873133,8.75,1.2948542127411145e-08,0,1.6766474322534112e-16,1.2948542211243517e-08,-54.61416310451067,-42.81059247607924,True,-59.925953988810214,-37.4988015917797,True,-65.86206265502042,-31.562692925569486,True,elected_incumbent_running,R,False,False,recommended_global_baseline
2016_VT,2016,VT,2016-11-08,29.946599972962012,37.03451765278124,-7.087917679819228,8.75,0.9999884454422174,1,1.3350780555068164e-10,1.1554624536984076e-05,31.132732338565525,42.936302966996955,False,25.820941454265984,48.248093851296495,True,19.884832788055768,54.18420251750671,True,elected_incumbent_running,D,False,False,recommended_global_baseline
2016_WA,2016,WA,2016-11-08,18.026020891574888,15.796596541243694,2.2294243503311932,8.75,0.9644881050608283,1,0.0012610946821707705,0.036157779464265155,9.89481122702798,21.69838185545941,True,4.583020342728441,27.01017273975895,True,-1.3530883234817779,32.94628140596917,True,elected_incumbent_running,D,False,False,recommended_global_baseline
2016_WI,2016,WI,2016-11-08,-3.4665288484603565,7.466859965744825,-10.93338881420518,8.75,0.8032688835717967,0,0.6452408993146806,1.6259173737840076,1.5650746515291099,13.368645279960539,False,-3.746716232770429,18.68043616426008,True,-9.682824898980648,24.616544830470296,True,elected_incumbent_running,R,False,False,recommended_global_baseline
2018_AZ,2018,AZ,2018-11-06,2.402957486136785,2.791759107726598,-0.3888016215898133,8.75,0.625158803865108,1,0.14050592231983655,0.4697495753359903,-3.110026206489117,8.693544421942313,True,-8.421817090788656,14.005335306241852,True,-14.357925756998874,19.94144397245207,True,open_seat,R,True,False,recommended_global_baseline
2018_CT,2018,CT,2018-11-06,20.408576995776254,20.85309503452728,-0.4445180387510241,8.75,0.991418819670991,1,7.363665583897115e-05,0.008618210651698377,14.951309720311563,26.754880348742994,True,9.639518836012025,32.066671233042534,True,3.7034101698018063,38.00277989925275,True,elected_incumbent_running,D,False,False,recommended_global_baseline
2018_DE,2018,DE,2018-11-06,22.639007988446096,18.567242887362447,4.071765101083649,8.75,0.983079897163103,1,0.0002862898800111714,0.017064883233442584,12.665457573146732,24.469028201578162,True,7.353666688847193,29.780819085877702,True,1.4175580226369746,35.71692775208792,True,elected_incumbent_running,D,False,False,recommended_global_baseline
2018_FL,2018,FL,2018-11-06,-0.1225183560779328,5.3323290544490405,-5.454847410526973,8.75,0.7288733245921208,0,0.5312563233019711,1.3051691303876016,-0.5694562597666746,11.234114368664756,True,-5.881247144066213,16.545905252964296,True,-11.817355810276432,22.482013919174513,True,elected_incumbent_running,D,False,False,recommended_global_baseline
2018_HI,2018,HI,2018-11-06,42.30219569410147,41.452674901070914,0.8495207930305568,8.75,0.9999989178711592,1,1.1710028279980444e-12,1.082129426258816e-06,35.5508895868552,47.35446021528663,True,30.23909870255566,52.66625109958617,True,24.30299003634544,58.602359765796386,True,elected_incumbent_running,D,False,False,recommended_global_baseline
2018_IN,2018,IN,2018-11-06,-6.162903216195062,-13.664619049016142,7.50171583282108,8.75,0.059182786607426596,0,0.0035026022306201927,0.061006405456925844,-19.566404363231857,-7.762833734800427,False,-24.878195247531394,-2.4510428505008885,True,-30.814303913741615,3.48506581570933,True,elected_incumbent_running,D,False,False,recommended_global_baseline
2018_MA,2018,MA,2018-11-06,25.038879177334593,35.872557379258986,-10.833678201924393,8.75,0.9999793175608367,1,4.277632897440572e-10,2.0682653047904896e-05,29.97077206504327,41.7743426934747,False,24.65898118074373,47.08613357777424,True,18.722872514533513,53.02224224398446,True,elected_incumbent_running,D,False,False,recommended_global_baseline
2018_MD,2018,MD,2018-11-06,36.30566322052462,34.59199101713032,1.713672203394303,8.75,0.9999614709955957,1,1.4844841803838023e-09,3.8529746665420075e-05,28.690205702914604,40.493776331346034,True,23.378414818615063,45.805567215645574,True,17.442306152404846,51.74167588185579,True,open_seat,D,True,False,recommended_global_baseline
2018_MI,2018,MI,2018-11-06,6.6371383113556135,6.334663566076905,0.3024747452787082,8.75,0.7654553296796218,1,0.05501120237569489,0.26728442002258873,0.4328782518611902,12.23644888029262,True,-4.8789126324383485,17.54823976459216,True,-10.815021298648567,23.484348430802378,True,elected_incumbent_running,D,False,False,recommended_global_baseline
2018_MN_REGULAR,2018,MN,2018-11-06,24.963466608899424,8.233387414360969,16.730079194538455,8.75,0.82663695244352,1,0.030054746258070354,0.1903896737620166,2.331602100145254,14.135172728576684,False,-2.9801887841542847,19.446963612876225,False,-8.916297450364503,25.38307227908644,True,elected_incumbent_running,D,False,False,recommended_global_baseline
2018_MN_SPECIAL,2018,MN,2018-11-06,11.140619798671466,8.233387414360969,2.907232384310497,8.75,0.82663695244352,1,0.030054746258070354,0.1903896737620166,2.331602100145254,14.135172728576684,True,-2.9801887841542847,19.446963612876225,True,-8.916297450364503,25.38307227908644,True,appointed_incumbent_running,D,False,True,recommended_global_baseline
2018_MO,2018,MO,2018-11-06,-5.996633249741748,-13.067121991132131,7.070488741390385,8.75,0.06766817010542259,0,0.004578981245416407,0.07006648700456315,-18.968907305347848,-7.165336676916416,False,-24.280698189647385,-1.8535457926168775,True,-30.216806855857605,4.082562873593341,True,elected_incumbent_running,D,False,False,recommended_global_baseline
2018_MS_REGULAR,2018,MS,2018-11-06,-19.41285627996939,-11.60969464812012,-7.803161631849271,8.75,0.0922837449672736,0,0.008516289585184795,0.09682344367476078,-17.511479962335834,-5.707909333904405,False,-22.823270846635374,-0.39611844960486664,True,-28.75937951284559,5.539990216605352,True,elected_incumbent_running,R,False,False,recommended_global_baseline
2018_MS_SPECIAL,2018,MS,2018-11-06,-7.266512999290427,-11.60969464812012,4.343181648829692,8.75,0.0922837449672736,0,0.008516289585184795,0.09682344367476078,-17.511479962335834,-5.707909333904405,True,-22.823270846635374,-0.39611844960486664,True,-28.75937951284559,5.539990216605352,True,appointed_incumbent_running,R,False,True,recommended_global_baseline
2018_MT,2018,MT,2018-11-06,3.6569158437772415,-15.649328634048878,19.30624447782612,8.75,0.036848114905575324,1,0.927661553760944,3.3009508175419926,-21.551113948264593,-9.747543319833163,False,-26.862904832564134,-4.435752435533624,False,-32.79901349877435,1.5003562306765943,False,elected_incumbent_running,D,False,False,recommended_global_baseline
2018_ND,2018,ND,2018-11-06,-10.905410742496043,-33.0484857930395,22.14307505054345,8.75,7.93739842752661e-05,0,6.300229379730189e-09,7.937713455665732e-05,-38.95027110725521,-27.14670047882378,False,-44.26206199155475,-21.83490959452424,False,-50.19817065776497,-15.898800928314024,False,elected_incumbent_running,D,False,False,recommended_global_baseline
2018_NE,2018,NE,2018-11-06,-19.79502813980163,-20.525348226355145,0.7303200865535153,8.75,0.009494315649617446,0,9.014202965457076e-05,0.009539673990354507,-26.42713354057086,-14.62356291213943,True,-31.738924424870397,-9.311772027839892,True,-37.67503309108062,-3.375663361629673,True,elected_incumbent_running,R,False,False,recommended_global_baseline
2018_NJ,2018,NJ,2018-11-06,11.544410589867937,21.13838028580259,-9.593969695934652,8.75,0.9921499796571366,1,6.162281938336949e-05,0.007880993954694472,15.236594971586875,27.040165600018305,False,9.924804087287336,32.351956484317846,True,3.988695421077118,38.28806515052806,True,elected_incumbent_running,D,False,False,recommended_global_baseline
2018_NM,2018,NM,2018-11-06,27.83688334059555,15.871589868648222,11.965293471947328,8.75,0.9651531295017199,1,0.001214304383523901,0.03546850681056206,9.969804554432507,21.773375182863937,False,4.658013670132968,27.085166067163478,False,-1.2780949960772503,33.021274733373694,True,elected_incumbent_running,D,False,False,recommended_global_baseline
2018_NV,2018,NV,2018-11-06,5.247548248472796,9.157418839970395,-3.909870591497601,8.75,0.8523492174838483,1,0.02180075357763193,0.159758956454671,3.2556335257546802,15.05920415418611,True,-2.0561573585448585,20.37099503848565,True,-7.992266024755077,26.30710370469587,True,elected_incumbent_running,R,False,False,recommended_global_baseline
2018_NY,2018,NY,2018-11-06,33.99933379035469,33.39301299955074,0.6063207908039487,8.75,0.9999322782736728,1,4.58623221673423e-09,6.772401954682846e-05,27.491227685335026,39.29479831376646,True,22.179436801035486,44.606589198066,True,16.24332813482527,50.542697864276214,True,elected_incumbent_running,D,False,False,recommended_global_baseline
2018_OH,2018,OH,2018-11-06,6.847342539013482,-1.965369154271805,8.812711693285287,8.75,0.41113993511512015,1,0.34675617601622494,0.8888216477016189,-7.86715446848752,3.93641615994391,False,-13.178945352787059,9.248207044243449,True,-19.115054018997277,15.184315710453667,True,elected_incumbent_running,D,False,False,recommended_global_baseline
2018_PA,2018,PA,2018-11-06,13.085564092459125,5.818928385019667,7.266635707439457,8.75,0.7469812731909615,1,0.06401847611606684,0.29171516351970384,-0.0828569291960477,11.720713699235382,False,-5.394647813495586,17.032504583534923,True,-11.330756479705805,22.96861324974514,True,elected_incumbent_running,D,False,False,recommended_global_baseline
2018_RI,2018,RI,2018-11-06,23.159474112658216,23.191408185319624,-0.0319340726614072,8.75,0.9959807289101563,1,1.6154540093653196e-05,0.004027370068501939,17.28962287110391,29.09319349953534,True,11.97783198680437,34.40498438383488,True,6.041723320594151,40.341093050045096,True,elected_incumbent_running,D,False,False,recommended_global_baseline
2018_TN,2018,TN,2018-11-06,-10.937204153944108,-20.678686090523975,9.741481936579866,8.75,0.009057027850946087,0,8.202975349281309e-05,0.009098292070781383,-26.58047140473969,-14.77690077630826,False,-31.89226228903923,-9.465109892008721,True,-37.82837095524945,-3.5290012257985026,True,open_seat,R,True,False,recommended_global_baseline
2018_TX,2018,TX,2018-11-06,-2.5874814972216456,-2.8564511559439794,0.2689696587223338,8.75,0.37204136623883344,0,0.1384147781928578,0.465280984490509,-8.758236470159694,3.0453341582717357,True,-14.070027354459233,8.357125042571274,True,-20.00613602066945,14.293233708781493,True,elected_incumbent_running,R,False,False,recommended_global_baseline
2018_UT,2018,UT,2018-11-06,-33.878940101996875,-18.19579669082257,-15.683143411174306,8.75,0.018784808105016315,0,0.00035286901554228665,0.01896348374275086,-24.097582005038284,-12.294011376606854,False,-29.409372889337824,-6.982220492307315,False,-35.34548155554804,-1.0461118260970963,True,open_seat,R,True,False,recommended_global_baseline
2018_VA,2018,VA,2018-11-06,16.319900580969303,12.222752554309402,4.097148026659902,8.75,0.918776073314435,1,0.006597326266222037,0.08471284974001778,6.320967240093687,18.124537868525117,True,1.009176355794148,23.436328752824657,True,-4.9269323104160705,29.372437419034874,True,open_seat,D,True,False,recommended_global_baseline
2018_VT,2018,VT,2018-11-06,42.16474561566585,36.94285264764074,5.221892968025109,8.75,0.9999878949596862,1,1.4653200099853767e-10,1.21051135803841e-05,31.041067333425026,42.844637961856456,True,25.729276449125486,48.156428846156,True,19.79316778291527,54.09253751236621,True,elected_incumbent_running,D,False,False,recommended_global_baseline
2018_WA,2018,WA,2018-11-06,16.867519849859107,24.143862400129528,-7.276342550270421,8.75,0.9971037206569542,1,8.3884340329539e-06,0.0029004816761106773,18.242077085913813,30.045647714345243,False,12.930286201614274,35.357438598644784,True,6.994177535404056,41.293547264855,True,elected_incumbent_running,D,False,False,recommended_global_baseline
2018_WI,2018,WI,2018-11-06,10.83712500456204,5.754021923940577,5.083103080621463,8.75,0.7446032079453473,1,0.06522752139180751,0.29490380927272153,-0.14776339027513785,11.655807238156292,True,-5.459554274574677,16.967598122455833,True,-11.395662940784895,22.90370678866605,True,elected_incumbent_running,D,False,False,recommended_global_baseline
2018_WV,2018,WV,2018-11-06,3.3894179136536167,-37.75210450259154,41.14152241624516,8.75,7.997277213511733e-06,1,0.9999840055095293,11.736409422527103,-43.65388981680726,-31.850319188375828,False,-48.9656807011068,-26.538528304076287,False,-54.901789367317015,-20.60241963786607,False,elected_incumbent_running,D,False,False,recommended_global_baseline
2018_WY,2018,WY,2018-11-06,-37.97819051140363,-44.84063925830758,6.862448746903951,8.75,1.4904983913766046e-07,0,2.221585454696246e-14,1.4904985024558883e-07,-50.7424245725233,-38.93885394409187,False,-56.05421545682284,-33.62706305979233,True,-61.990324123033055,-27.69095439358211,True,elected_incumbent_running,R,False,False,recommended_global_baseline
2020_AK,2020,AK,2020-11-03,-13.359036716293971,-10.65130942213614,-2.7077272941578308,8.75,0.11174647239800328,0,0.01248727409339771,0.11849807268219173,-16.553094736351856,-4.749524107920426,True,-21.864885620651393,0.5622667763791132,True,-27.800994286861613,6.498375442589332,True,elected_incumbent_running,R,False,False,recommended_global_baseline
2020_AL,2020,AL,2020-11-03,-20.39295082406724,-22.628287187921483,2.2353363638542447,8.75,0.004853579516567286,0,2.3557234123641526e-05,0.004865396385208809,-28.530072502137198,-16.726501873705768,True,-33.841863386436735,-11.41471098940623,True,-39.77797205264696,-5.478602323196011,True,elected_incumbent_running,D,False,False,recommended_global_baseline
2020_AZ,2020,AZ,2020-11-03,2.3495227373552865,2.341759107726598,0.0077636296286884,8.75,0.605507782575512,1,0.15562410960848955,0.501687862932843,-3.560026206489117,8.243544421942314,True,-8.871817090788657,13.555335306241851,True,-14.807925756998873,19.49144397245207,True,appointed_incumbent_running,R,False,True,recommended_global_baseline
2020_CO,2020,CO,2020-11-03,9.543169885775072,11.486666745364868,-1.9434968595897963,8.75,0.9053684062631895,1,0.008955138533168755,0.09941333937242776,5.584881431149153,17.388452059580583,True,0.2730905468496143,22.70024294388012,True,-5.663018119360604,28.63635161009034,True,elected_incumbent_running,R,False,False,recommended_global_baseline
2020_DE,2020,DE,2020-11-03,22.130005147972824,18.117242887362448,4.012762260610376,8.75,0.9807991934791747,1,0.00036867097105016896,0.01938753610968943,12.215457573146733,24.019028201578163,True,6.903666688847194,29.3308190858777,True,0.9675580226369753,35.26692775208792,True,elected_incumbent_running,D,False,False,recommended_global_baseline
2020_GA_REGULAR,2020,GA,2020-11-03,-1.8212843302317765,0.7976548013935725,-2.618939131625349,8.75,0.5363174890323289,0,0.28763644904194224,0.7685552045615338,-5.104130512822143,6.6994401156092875,True,-10.415921397121682,12.011230999908825,True,-16.3520300633319,17.947339666119046,True,elected_incumbent_running,R,False,False,recommended_global_baseline
2020_IA,2020,IA,2020-11-03,-6.799246352762225,-4.007095690240694,-2.7921506625215313,8.75,0.32349281922242623,0,0.10464760408847334,0.39081221682663286,-9.908881004456408,1.8946896239750215,True,-15.220671888755948,7.20648050827456,True,-21.156780554966165,13.14258917448478,True,elected_incumbent_running,R,False,False,recommended_global_baseline
2020_ID,2020,ID,2020-11-03,-30.641627543035987,-30.500353361611165,-0.1412741814248228,8.75,0.0002453754238251893,0,6.020909861739127e-08,0.00024540553330001545,-36.402138675826876,-24.59856804739545,True,-41.71392956012642,-19.286777163095913,True,-47.65003822633663,-13.350668496885692,True,open_seat,R,True,False,recommended_global_baseline
2020_IL,2020,IL,2020-11-03,17.129742087590202,24.16010278142296,-7.030360693832758,8.75,0.9971201298120583,1,8.293652299395183e-06,0.0028840249928745823,18.258317467207245,30.061888095638675,False,12.946526582907707,35.37367897993821,True,7.010417916697488,41.309787646148436,True,elected_incumbent_running,D,False,False,recommended_global_baseline
2020_KS,2020,KS,2020-11-03,-12.0379348237619,-16.10294068521333,4.06500586145143,8.75,0.03285945584843719,0,0.0010797438386553932,0.03341145370549028,-22.004725999429045,-10.201155370997615,True,-27.316516883728582,-4.889364486698076,True,-33.2526255499388,1.0467441795121424,True,open_seat,R,True,False,recommended_global_baseline
2020_KY,2020,KY,2020-11-03,-20.348541061255716,-25.221258035019726,4.87271697376401,8.75,0.0019731072220887658,0,3.893152109858846e-06,0.0019750563624743593,-31.12304334923544,-19.31947272080401,True,-36.43483423353498,-14.007681836504473,True,-42.3709428997452,-8.071573170294254,True,elected_incumbent_running,R,False,False,recommended_global_baseline
2020_LA,2020,LA,2020-11-03,-51.44061118070289,-14.223354475615585,-37.21725670508731,8.75,0.05202524019752125,0,0.002706625617609781,0.053427401762487885,-20.1251397898313,-8.32156916139987,False,-25.43693067413084,-3.009778277100331,False,-31.37303934034106,2.9263303891098875,False,elected_incumbent_running,R,False,False,recommended_global_baseline
2020_MA,2020,MA,2020-11-03,33.37630608212415,35.42255737925898,-2.0462512971348303,8.75,0.999974203652264,1,6.654515565181291e-10,2.5796680467529456e-05,29.520772065043268,41.3243426934747,True,24.208981180743727,46.63613357777424,True,18.27287251453351,52.572242243984455,True,elected_incumbent_running,D,False,False,recommended_global_baseline
2020_ME,2020,ME,2020-11-03,-9.20707886851065,9.313582258325066,-18.520661126835716,8.75,0.8564283615540133,0,0.7334695384740917,1.9409211457324997,3.4117969441093514,15.215367572540782,False,-1.8999939401901873,20.52715845684032,False,-7.836102606400406,26.46326712305054,False,elected_incumbent_running,R,False,False,recommended_global_baseline
2020_MI,2020,MI,2020-11-03,1.7172850548123364,5.884663566076905,-4.167378511264569,8.75,0.749377773822828,1,0.06281150025400156,0.28851205169217575,-0.017121748138809956,11.786448880292621,True,-5.328912632438349,17.098239764592158,True,-11.265021298648566,23.03434843080238,True,elected_incumbent_running,D,False,False,recommended_global_baseline
2020_MN,2020,MN,2020-11-03,5.679457423042791,7.783387414360969,-2.1039299913181777,8.75,0.813140843564714,1,0.03491634434370666,0.20685094512153263,1.8816021001452539,13.685172728576685,True,-3.430188784154285,18.996963612876222,True,-9.366297450364502,24.933072279086442,True,elected_incumbent_running,D,False,False,recommended_global_baseline
2020_MS,2020,MS,2020-11-03,-10.155239628567571,-12.059694648120118,1.9044550195525467,8.75,0.08406293128460357,0,0.007066576416159982,0.08780761894388425,-17.961479962335833,-6.157909333904403,True,-23.27327084663537,-0.8461184496048642,True,-29.20937951284559,5.089990216605354,True,elected_incumbent_running,R,False,False,recommended_global_baseline
2020_MT,2020,MT,2020-11-03,-10.024321499512084,-16.099328634048877,6.0750071345367935,8.75,0.03288975138070738,0,0.0010817357458847428,0.03344277904591241,-22.001113948264592,-10.197543319833162,False,-27.31290483256413,-4.8857524355336235,True,-33.249013498774346,1.050356230676595,True,elected_incumbent_running,R,False,False,recommended_global_baseline
2020_NC,2020,NC,2020-11-03,-1.826603939251612,2.312508392562573,-4.139112331814185,8.75,0.6042204858084406,0,0.3650823954705879,0.9268980051330524,-3.589276921653142,8.214293706778289,True,-8.901067805952682,13.526084591077826,True,-14.837176472162898,19.462193257288046,True,elected_incumbent_running,R,False,False,recommended_global_baseline
2020_NE,2020,NE,2020-11-03,-43.95175515420045,-20.975348226355145,-22.976406927845304,8.75,0.008260842758947562,0,6.824152308805636e-05,0.008295152603295915,-26.87713354057086,-15.07356291213943,False,-32.1889244248704,-9.761772027839891,False,-38.12503309108062,-3.8256633616296725,False,elected_incumbent_running,R,False,False,recommended_global_baseline
2020_NH,2020,NH,2020-11-03,16.02932792111268,6.514056884761412,9.515271036351267,8.75,0.7717019859951441,1,0.0521199831985614,0.2591568319892437,0.6122715705456967,12.415842198977128,False,-4.699519313753842,17.727633083276665,True,-10.63562797996406,23.663741749486885,True,elected_incumbent_running,D,False,False,recommended_global_baseline
2020_NJ,2020,NJ,2020-11-03,16.615139632373698,20.68838028580259,-4.073240653428893,8.75,0.9909700154369652,1,8.154062120864737e-05,0.009071001984806547,14.786594971586876,26.590165600018306,True,9.474804087287337,31.901956484317843,True,3.5386954210771187,37.83806515052807,True,elected_incumbent_running,D,False,False,recommended_global_baseline
2020_NM,2020,NM,2020-11-03,6.27123541097869,15.421589868648224,-9.150354457669533,8.75,0.9610048213072102,1,0.0015206239612826067,0.039775853055428245,9.51980455443251,21.32337518286394,False,4.208013670132971,26.63516606716348,True,-1.7280949960772478,32.5712747333737,True,open_seat,D,True,False,recommended_global_baseline
2020_OK,2020,OK,2020-11-03,-31.525022113596386,-32.48947447665626,0.9644523630598768,8.75,0.00010237493253595353,0,1.0480626811741038e-08,0.00010238017320703802,-38.39125979087198,-26.587689162440547,True,-43.70305067517152,-21.275898278141007,True,-49.639159341381735,-15.33978961193079,True,open_seat,R,True,False,recommended_global_baseline
2020_OR,2020,OR,2020-11-03,18.274771796454655,18.431677890108713,-0.156906093654058,8.75,0.9824185510624843,1,0.0003091073467424711,0.0177378383570391,12.529892575892998,24.333463204324428,True,7.218101691593459,29.645254088623965,True,1.2819930253832403,35.58136275483419,True,elected_incumbent_running,D,False,False,recommended_global_baseline
2020_RI,2020,RI,2020-11-03,33.17984958322271,22.741408185319624,10.438441397903087,8.75,0.99532545752681,1,2.18513473336572e-05,0.004685502315025714,16.83962287110391,28.64319349953534,False,11.52783198680437,33.954984383834876,True,5.591723320594152,39.8910930500451,True,open_seat,D,True,False,recommended_global_baseline
2020_SC,2020,SC,2020-11-03,-10.415832481506795,-8.80051272104804,-1.615319760458755,8.75,0.15726241734977114,0,0.0247314679106936,0.17109965929840623,-14.702298035263755,-2.898727406832325,True,-20.014088919563292,2.4130634774672135,True,-25.950197585773513,8.349172143677432,True,elected_incumbent_running,R,False,False,recommended_global_baseline
2020_SD,2020,SD,2020-11-03,-31.470495146578337,-25.823716158862503,-5.64677898771583,8.75,0.0015822900198319,0,2.5036417068596346e-06,0.0015835431627501337,-31.725501473078218,-19.921930844646788,True,-37.03729235737776,-14.610139960347249,True,-42.973401023587975,-8.67403129413703,True,elected_incumbent_running,R,False,False,recommended_global_baseline
2020_TN,2020,TN,2020-11-03,-27.770345608038824,-21.128686090523978,-6.641659517514849,8.75,0.007873936347386312,0,6.19988736026913e-05,0.007905099476307444,-27.030471404739693,-15.226900776308263,False,-32.34226228903923,-9.915109892008724,True,-38.27837095524945,-3.9790012257985055,True,open_seat,R,True,False,recommended_global_baseline
2020_TX,2020,TX,2020-11-03,-9.899042062075353,-3.3064511559439795,-6.592590906131373,8.75,0.3527598211653506,0,0.12443949142861013,0.43503783414711117,-9.208236470159694,2.5953341582717355,False,-14.520027354459234,7.907125042571274,True,-20.45613602066945,13.843233708781494,True,elected_incumbent_running,R,False,False,recommended_global_baseline
2020_VA,2020,VA,2020-11-03,12.09582841271353,11.772752554309402,0.3230758584041275,8.75,0.9107612208730747,1,0.007963559700064167,0.09347452269384601,5.870967240093687,17.674537868525118,True,0.5591763557941487,22.986328752824654,True,-5.37693231041607,28.922437419034875,True,elected_incumbent_running,D,False,False,recommended_global_baseline
2020_WV,2020,WV,2020-11-03,-44.49214332185656,-38.202104502591546,-6.290038819265014,8.75,6.328432643476489e-06,0,4.0049059723018824e-11,6.328452668090834e-06,-44.10388981680726,-32.30031918837583,False,-49.4156807011068,-26.98852830407629,True,-55.35178936731702,-21.052419637866073,True,elected_incumbent_running,R,False,False,recommended_global_baseline
2020_WY,2020,WY,2020-11-03,-46.2715881653659,-45.290639258307586,-0.9809489070583126,8.75,1.1330237631446138e-07,0,1.283742847850382e-14,1.1330238278868727e-07,-51.1924245725233,-39.38885394409187,True,-56.50421545682284,-34.07706305979233,True,-62.44032412303306,-28.140954393582113,True,open_seat,R,True,False,recommended_global_baseline
2022_AL,2022,AL,2022-11-08,-36.652984262818194,-26.90274966670944,-9.750234596108754,8.75,0.0010539253568665474,0,1.1107586578462794e-06,0.001054481126723082,-32.804534980925155,-21.000964352493725,False,-38.116325865224695,-15.689173468194186,True,-44.05243453143491,-9.753064801983967,True,open_seat,R,True,False,recommended_global_baseline
2022_AR,2022,AR,2022-11-08,-35.782880140816665,-29.504866555966306,-6.278013584850363,8.75,0.0003731429036163414,0,1.3923562651923425e-07,0.0003732125387527111,-35.40665187018202,-23.60308124175059,False,-40.71844275448156,-18.291290357451054,True,-46.654551420691774,-12.355181691240833,True,elected_incumbent_running,R,False,False,recommended_global_baseline
2022_AZ,2022,AZ,2022-11-08,4.992147589578039,-0.7663366417413773,5.758484231319416,8.75,0.46510472063283737,1,0.286112959889275,0.7654926930877534,-6.668121955957092,5.135448672474338,True,-11.979912840256631,10.447239556773877,True,-17.916021506466848,16.383348222984097,True,elected_incumbent_running,D,False,False,recommended_global_baseline
2022_CA_REGULAR,2022,CA,2022-11-08,22.12900637700405,28.737822721335142,-6.6088163443310926,8.75,0.9994888608271513,1,2.61263254020483e-07,0.0005112698490067722,22.836037407119427,34.63960803555086,False,17.524246522819887,39.9513989198504,True,11.58813785660967,45.887507586060615,True,appointed_incumbent_running,D,False,True,recommended_global_baseline
2022_CA_SPECIAL,2022,CA,2022-11-08,21.787140037865683,28.737822721335142,-6.950682683469459,8.75,0.9994888608271513,1,2.61263254020483e-07,0.0005112698490067722,22.836037407119427,34.63960803555086,False,17.524246522819887,39.9513989198504,True,11.58813785660967,45.887507586060615,True,appointed_incumbent_running,D,False,True,recommended_global_baseline
2022_CO,2022,CO,2022-11-08,15.047246386477951,12.796638984600303,2.250607401877648,8.75,0.9281941847053515,1,0.005156075110129172,0.0745143173257461,6.894853670384588,18.69842429881602,True,1.5830627860850495,24.010215183115555,True,-4.353045880125169,29.946323849325776,True,elected_incumbent_running,D,False,False,recommended_global_baseline
2022_FL,2022,FL,2022-11-08,-16.587594994456367,-4.469509324283111,-12.118085670173256,8.75,0.30474518145452006,0,0.09286962561974836,0.36347685522616124,-10.371294638498826,1.432275989932604,False,-15.683085522798365,6.744066874232143,False,-21.61919418900858,12.680175540442361,True,elected_incumbent_running,R,False,False,recommended_global_baseline
2022_GA,2022,GA,2022-11-08,0.9774140180497994,-0.841340674182705,1.8187546922325044,8.75,0.46169944185079975,1,0.28976749090374043,0.7728411583700767,-6.74312598839842,5.06044464003301,True,-12.054916872697959,10.372235524332549,True,-17.991025538908175,16.30834419054277,True,elected_incumbent_running,D,False,False,recommended_global_baseline
2022_HI,2022,HI,2022-11-08,46.45313302387402,28.98532929302977,17.467803730844246,8.75,0.9995378495982362,1,2.1358299385042641e-07,0.00046225722617460605,23.083543978814056,34.887114607245486,False,17.771753094514516,40.19890549154503,False,11.835644428304299,46.13501415775524,False,elected_incumbent_running,D,False,False,recommended_global_baseline
2022_IA,2022,IA,2022-11-08,-12.196840548191474,-9.44652616927411,-2.7503143789173645,8.75,0.14015950453298587,0,0.019644686710932086,0.15100837732353575,-15.348311483489825,-3.5447408550583948,True,-20.660102367789364,1.767050029241144,True,-26.59621103399958,7.7031586954513624,True,elected_incumbent_running,R,False,False,recommended_global_baseline
2022_ID,2022,ID,2022-11-08,-35.721031821889774,-32.834285850155744,-2.8867459717340296,8.75,8.754347498030057e-05,0,7.663860011626512e-09,8.754730713396138e-05,-38.73607116437146,-26.93250053594003,True,-44.047862048671,-21.62070965164049,True,-49.98397071488122,-15.684600985430272,True,elected_incumbent_running,R,False,False,recommended_global_baseline
2022_IL,2022,IL,2022-11-08,15.584397861044309,16.238087465613845,-0.6536896045695357,8.75,0.968257640362482,1,0.0010075773953575342,0.032257069719898813,10.33630215139813,22.13987277982956,True,5.024511267098591,27.4516636641291,True,-0.9115973991116277,33.38777233033932,True,elected_incumbent_running,D,False,False,recommended_global_baseline
2022_IN,2022,IN,2022-11-08,-21.495551038239668,-17.470096014885925,-4.025455023353743,8.75,0.02293528307499504,0,0.0005260272097301539,0.02320238867767538,-23.37188132910164,-11.56831070067021,True,-28.68367221340118,-6.2565198163706714,True,-34.6197808796114,-0.32041115016045296,True,elected_incumbent_running,R,False,False,recommended_global_baseline
2022_KS,2022,KS,2022-11-08,-23.66328612885694,-16.0668565112627,-7.596429617594239,8.75,0.03316314153039557,0,0.0010997939561650473,0.0337255066867121,-21.968641825478414,-10.165071197046984,False,-27.280432709777955,-4.8532803127474455,True,-33.21654137598817,1.082828353462773,True,elected_incumbent_running,R,False,False,recommended_global_baseline
2022_KY,2022,KY,2022-11-08,-23.619806488332387,-27.480205800525937,3.8603993121935503,8.75,0.0008430252201954147,0,7.106915218855274e-07,0.0008433807657930055,-33.38199111474165,-21.578420486310222,True,-38.69378199904119,-16.26662960201068,True,-44.62989066525141,-10.330520935800465,True,elected_incumbent_running,R,False,False,recommended_global_baseline
2022_LA,2022,LA,2022-11-08,-55.0418251781291,-20.008880912582107,-35.032944265546995,8.75,0.011105815737107616,0,0.00012333914318658719,0.011167945739874648,-25.910666226797822,-14.107095598366392,False,-31.222457111097363,-8.795304714066853,False,-37.15856577730758,-2.859196047856635,False,elected_incumbent_running,R,False,False,recommended_global_baseline
2022_MD,2022,MD,2022-11-08,31.743055937654752,32.97809409418468,-1.2350381565299244,8.75,0.9999180239439818,1,6.720073760303854e-09,8.197941623874904e-05,27.07630877996896,38.87987940840039,True,21.76451789566942,44.19167029269993,True,15.828409229459204,50.12777895891015,True,elected_incumbent_running,D,False,False,recommended_global_baseline
2022_MO,2022,MO,2022-11-08,-13.652645873736844,-16.751641288802887,3.0989954150660424,8.75,0.02777985439430103,0,0.0007717203101685662,0.028173012917401437,-22.653426603018602,-10.849855974587172,True,-27.965217487318142,-5.538065090287633,True,-33.90132615352836,0.39804357592258555,True,open_seat,R,True,False,recommended_global_baseline
2022_NC,2022,NC,2022-11-08,-3.299253218639862,-2.448365066373442,-0.8508881522664193,8.75,0.38981043098467827,0,0.15195217210446063,0.49398560121584906,-8.350150380589158,3.453420247842273,True,-13.661941264888696,8.765211132141811,True,-19.598049931098913,14.70131979835203,True,open_seat,R,True,False,recommended_global_baseline
2022_ND,2022,ND,2022-11-08,-38.61430712798449,-35.514816845793256,-3.0994902821912333,8.75,2.4658944395739013e-05,0,6.080635387121485e-10,2.465924843250653e-05,-41.41660216000897,-29.61303153157754,True,-46.72839304430851,-24.301240647278,True,-52.66450171051873,-18.365131981067783,True,elected_incumbent_running,R,False,False,recommended_global_baseline
2022_NH,2022,NH,2022-11-08,9.349948447759571,6.416695443190077,2.933253004569494,8.75,0.7683234280463567,1,0.05367403399219167,0.2635445042162349,0.5149101289743623,12.318480757405792,True,-4.796880755325176,17.63027164170533,True,-10.732989421535395,23.56638030791555,True,open_seat,D,True,False,recommended_global_baseline
2022_NV,2022,NV,2022-11-08,0.801857785545522,1.3662346800876135,-0.5643768945420917,8.75,0.562039101218553,1,0.19180974886145283,0.576183856386702,-4.535550634128102,7.268019994303328,True,-9.84734151842764,12.579810878602867,True,-15.783450184637859,18.515919544813087,True,elected_incumbent_running,D,False,False,recommended_global_baseline
2022_NY,2022,NY,2022-11-08,14.075069326686034,22.353669786024497,-8.278600459338463,8.75,0.9946861104511999,1,2.8237422136846686e-05,0.00532805847690514,16.451884471808782,28.255455100240212,False,11.140093587509243,33.56724598453975,True,5.203984921299025,39.50335465074997,True,elected_incumbent_running,D,False,False,recommended_global_baseline
2022_OH,2022,OH,2022-11-08,-6.114454849606801,-9.233395295405431,3.1189404457986303,8.75,0.14565660372251443,0,0.021215846207977604,0.1574220626460409,-15.135180609621147,-3.3316099811897164,True,-20.446971493920685,1.9801809031098223,True,-26.383080160130902,7.916289569320041,True,open_seat,R,True,False,recommended_global_baseline
2022_OK_REGULAR,2022,OK,2022-11-08,-33.40665086133072,-34.96007899381302,1.5534281324823027,8.75,3.228743233618658e-05,0,1.042478286863827e-09,3.228795358654994e-05,-40.861864308028736,-29.058293679597305,True,-46.173655192328276,-23.746502795297765,True,-52.10976385853849,-17.81039412908755,True,elected_incumbent_running,R,False,False,recommended_global_baseline
2022_OK_SPECIAL,2022,OK,2022-11-08,-27.35172468172955,-34.96007899381302,7.6083543120834705,8.75,3.228743233618658e-05,0,1.042478286863827e-09,3.228795358654994e-05,-40.861864308028736,-29.058293679597305,False,-46.173655192328276,-23.746502795297765,True,-52.10976385853849,-17.81039412908755,True,open_seat,R,True,False,recommended_global_baseline
2022_OR,2022,OR,2022-11-08,15.408528397166307,15.534313970883458,-0.1257855737171507,8.75,0.9620799566930237,1,0.0014379296844029574,0.03865771670478303,9.632528656667743,21.436099285099175,True,4.320737772368204,26.747890169398712,True,-1.6153708938420142,32.68399883560893,True,elected_incumbent_running,D,False,False,recommended_global_baseline
2022_PA,2022,PA,2022-11-08,5.035095542957677,0.098410518698115,4.936685024259562,8.75,0.5044867758938799,1,0.245533355264042,0.6842136518335482,-5.8033747955176,6.00019583291383,True,-11.115165679817139,11.311986717213369,True,-17.05127434602736,17.248095383423586,True,open_seat,R,True,False,recommended_global_baseline
2022_SC,2022,SC,2022-11-08,-25.896486784856165,-12.933217499164188,-12.963269285691975,8.75,0.06969291569081831,0,0.00485710249748751,0.07224054915634175,-18.8350028133799,-7.031432184948473,False,-24.146793697679442,-1.7196413006489344,False,-30.08290236388966,4.216467365561284,True,elected_incumbent_running,R,False,False,recommended_global_baseline
2022_SD,2022,SD,2022-11-08,-45.39410721732374,-27.949559723362995,-17.444547493960748,8.75,0.0007010087255585606,0,4.914132333092374e-07,0.0007012545470639423,-33.85134503757871,-22.04777440914728,False,-39.16313592187825,-16.73598352484774,False,-45.09924458808847,-10.799874858637523,False,elected_incumbent_running,R,False,False,recommended_global_baseline
2022_UT,2022,UT,2022-11-08,-10.854978816433643,-22.467210243703263,11.61223142726962,8.75,0.005119063692073933,0,2.6204813083509608e-05,0.005132210985697206,-28.36899555791898,-16.56542492948755,False,-33.68078644221852,-11.25363404518801,False,-39.616895108428736,-5.317525378977791,True,elected_incumbent_running,R,False,False,recommended_global_baseline
2022_VT,2022,VT,2022-11-08,41.90937868850685,35.51837310561312,6.391005582893726,8.75,0.9999753839322496,1,6.059507914919733e-10,2.461637073076159e-05,29.616587791397407,41.42015841982884,False,24.304796907097867,46.73194930412838,True,18.36868824088765,52.668057970338594,True,open_seat,D,True,False,recommended_global_baseline
2022_WA,2022,WA,2022-11-08,14.550585979180894,18.771006369581382,-4.220420390400491,8.75,0.9840338825554292,1,0.0002549169062538271,0.016094949031412814,12.869221055365667,24.672791683797097,True,7.5574301710661285,29.984582568096634,True,1.62132150485591,35.92069123430686,True,elected_incumbent_running,D,False,False,recommended_global_baseline
2022_WI,2022,WI,2022-11-08,-1.0091205339674616,-0.4418734669320106,-0.567247067035451,8.75,0.4798620445118507,0,0.2302675817630934,0.6536612035765531,-6.343658781147726,5.4599118472837045,True,-11.655449665447264,10.771702731583243,True,-17.59155833165748,16.707811397793463,True,elected_incumbent_running,R,False,False,recommended_global_baseline
2024_AZ,2024,AZ,2024-11-05,2.4624583141814895,0.0436633582586227,2.4187949559228668,8.75,0.5019907528481491,1,0.24801321024875334,0.6891735800812865,-5.858121955957093,5.945448672474337,True,-11.16991284025663,11.257239556773877,True,-17.10602150646685,17.193348222984095,True,open_seat,D,True,False,recommended_global_baseline
2024_CA_REGULAR,2024,CA,2024-11-05,17.745034382389406,29.54782272133514,-11.802788338945737,8.75,0.9996334535559281,1,1.343562956617237e-07,0.00036661363864014387,23.646037407119426,35.44960803555085,False,18.33424652281989,40.76139891985039,False,12.398137856609669,46.69750758606061,True,open_seat,D,True,True,recommended_global_baseline
2024_CA_SPECIAL,2024,CA,2024-11-05,17.50078847533601,29.54782272133514,-12.047034245999132,8.75,0.9996334535559281,1,1.343562956617237e-07,0.00036661363864014387,23.646037407119426,35.44960803555085,False,18.33424652281989,40.76139891985039,False,12.398137856609669,46.69750758606061,True,open_seat,D,True,True,recommended_global_baseline
2024_CT,2024,CT,2024-11-05,19.20478918086353,20.12009817615569,-0.9153089952921613,8.75,0.9892600107056888,1,0.00011534737004191901,0.010798079277596526,14.218312861939975,26.021883490371405,True,8.906521977640436,31.33367437467094,True,2.9704133114302174,37.269783040881165,True,elected_incumbent_running,D,False,False,recommended_global_baseline
2024_DE,2024,DE,2024-11-05,17.782937775828344,18.983488329968942,-1.2005505541406016,8.75,0.9849792022742341,1,0.00022562436431837468,0.0151347524753631,13.081703015753227,24.885273644184657,True,7.7699121314536885,30.197064528484198,True,1.83380346524347,36.133173194694415,True,open_seat,D,True,False,recommended_global_baseline
2024_FL,2024,FL,2024-11-05,-12.991751177582984,-3.659509324283111,-9.332241853299871,8.75,0.33788961447667015,0,0.11416939157119278,0.4123229914420956,-9.561294638498826,2.242275989932604,False,-14.873085522798364,7.554066874232143,True,-20.809194189008583,13.490175540442362,True,elected_incumbent_running,R,False,False,recommended_global_baseline
2024_HI,2024,HI,2024-11-05,33.89004871259568,29.79532929302977,4.094719419565909,8.75,0.9996693983162022,1,1.092974733299654e-07,0.00033065634458213277,23.893543978814055,35.69711460724548,True,18.581753094514518,41.00890549154502,True,12.645644428304298,46.94501415775524,True,elected_incumbent_running,D,False,False,recommended_global_baseline
2024_IN,2024,IN,2024-11-05,-20.401222284822257,-16.660096014885927,-3.7411262699363306,8.75,0.028454377545026055,0,0.000809651601474883,0.028867050428385922,-22.56188132910164,-10.758310700670211,True,-27.87367221340118,-5.446519816370673,True,-33.809780879611395,0.48958884983954576,True,open_seat,R,True,False,recommended_global_baseline
2024_MA,2024,MA,2024-11-05,19.847565736102283,33.9610990802963,-14.113533344194018,8.75,0.9999480434735684,1,2.6994806388417236e-09,5.195787621871329e-05,28.059313766080585,39.862884394512015,False,22.747522881781045,45.174675278811556,False,16.811414215570828,51.11078394502177,True,elected_incumbent_running,D,False,False,recommended_global_baseline
2024_MD,2024,MD,2024-11-05,12.106519772814307,33.78809409418467,-21.681574321370363,8.75,0.9999436526790945,1,3.175020573231512e-09,5.634890847546028e-05,27.886308779968957,39.68987940840039,False,22.574517895669416,45.00167029269993,False,16.6384092294592,50.937778958910144,False,open_seat,D,True,False,recommended_global_baseline
2024_MI,2024,MI,2024-11-05,0.3515485263113902,2.5571186888189135,-2.2055701625075232,8.75,0.6149492513486186,1,0.14826407903698932,0.48621553271275514,-3.3446666253968016,8.458904003034629,True,-8.65645750969634,13.770694887334168,True,-14.592566175906558,19.706803553544386,True,open_seat,D,True,False,recommended_global_baseline
2024_MN,2024,MN,2024-11-05,16.235543437695867,7.00902729713334,9.226516140562527,8.75,0.7884433502570332,1,0.04475621605046835,0.23769472010987883,1.1072419829176248,12.910812611349055,False,-4.204548901381914,18.222603495648592,True,-10.140657567592132,24.158712161858812,True,elected_incumbent_running,D,False,False,recommended_global_baseline
2024_MO,2024,MO,2024-11-05,-14.096355376281892,-15.941641288802888,1.845285912520996,8.75,0.03423493890608237,0,0.0011720310419031923,0.03483468232678619,-21.843426603018603,-10.039855974587173,True,-27.15521748731814,-4.728065090287634,True,-33.09132615352836,1.2080435759225843,True,elected_incumbent_running,R,False,False,recommended_global_baseline
2024_MS,2024,MS,2024-11-05,-25.624382405477704,-17.03997165477772,-8.584410750699984,8.75,0.02574188175314729,0,0.0006626444761930173,0.0260790019811486,-22.941756968993435,-11.138186340562005,False,-28.25354785329297,-5.826395456262466,True,-34.18965651950319,0.10971320994775269,True,elected_incumbent_running,R,False,False,recommended_global_baseline
2024_MT,2024,MT,2024-11-05,-7.278178886452224,-17.064360184096206,9.78618129764398,8.75,0.025575392761800653,0,0.0006541007149203652,0.025908128611590416,-22.96614549831192,-11.16257486988049,False,-28.277936382611458,-5.850783985580952,True,-34.214045048821674,0.08532468062926668,True,elected_incumbent_running,D,False,False,recommended_global_baseline
2024_ND,2024,ND,2024-11-05,-33.03319923672319,-34.70481684579326,1.6716176090700685,8.75,3.6503877533067275e-05,0,1.3325330749491738e-09,3.6504543815819404e-05,-40.606602160008975,-28.803031531577545,True,-45.918393044308516,-23.491240647278005,True,-51.85450171051873,-17.555131981067788,True,elected_incumbent_running,R,False,False,recommended_global_baseline
2024_NE_REGULAR,2024,NE,2024-11-05,-6.694085293448069,-19.83810449320345,13.14401919975538,8.75,0.011688640829401742,0,0.00013662432443875745,0.011757490019790741,-25.739889807419164,-13.936319178987734,False,-31.0516806917187,-8.624528294688195,False,-36.98778935792892,-2.688419628477977,True,elected_incumbent_running,R,False,False,recommended_global_baseline
2024_NE_SPECIAL,2024,NE,2024-11-05,-25.155052646777293,-19.83810449320345,-5.316948153573843,8.75,0.011688640829401742,0,0.00013662432443875745,0.011757490019790741,-25.739889807419164,-13.936319178987734,True,-31.0516806917187,-8.624528294688195,True,-36.98778935792892,-2.688419628477977,True,appointed_incumbent_running,R,False,True,recommended_global_baseline
2024_NJ,2024,NJ,2024-11-05,9.857537839129066,15.872567173589683,-6.015029334460618,8.75,0.9651617280713609,1,0.0012137051909738021,0.0354595978291,9.970781859373968,21.7743524878054,False,4.658990975074429,27.086143372104935,True,-1.277117691135789,33.02225203831516,True,open_seat,D,True,True,recommended_global_baseline
2024_NM,2024,NM,2024-11-05,10.113349665840444,10.766980303439478,-0.6536306375990346,8.75,0.8907472884137465,1,0.011936154988949088,0.11569451866164855,4.865194989223763,16.668765617655193,True,-0.4465958950757756,21.98055650195473,True,-6.382704561285994,27.91666516816495,True,elected_incumbent_running,D,False,False,recommended_global_baseline
2024_NV,2024,NV,2024-11-05,1.7457448421834698,2.176234680087614,-0.4304898379041439,8.75,0.5982084239775102,1,0.16143647056263621,0.5138160506762984,-3.7255506341281013,8.078019994303329,True,-9.03734151842764,13.389810878602868,True,-14.973450184637858,19.325919544813086,True,elected_incumbent_running,D,False,False,recommended_global_baseline
2024_NY,2024,NY,2024-11-05,18.40805372062256,23.163669786024496,-4.755616065401934,8.75,0.9959428517085478,1,1.6460452258833555e-05,0.0040654008463707645,17.26188447180878,29.06545510024021,True,11.950093587509242,34.37724598453975,True,6.0139849212990235,40.31335465074997,True,elected_incumbent_running,D,False,False,recommended_global_baseline
2024_OH,2024,OH,2024-11-05,-3.747668078104226,-8.423395295405431,4.675727217301205,8.75,0.16785563747720478,0,0.02817551503287879,0.18374934056491643,-14.325180609621146,-2.521609981189716,True,-19.636971493920683,2.790180903109823,True,-25.573080160130903,8.726289569320041,True,elected_incumbent_running,D,False,False,recommended_global_baseline
2024_PA,2024,PA,2024-11-05,-0.2228208993178242,0.9084105186981152,-1.1312314180159393,8.75,0.5413432460307532,0,0.2930525100231126,0.779453161376154,-4.9933747955175996,6.810195832913831,True,-10.305165679817138,12.12198671721337,True,-16.241274346027357,18.058095383423588,True,elected_incumbent_running,D,False,False,recommended_global_baseline
2024_RI,2024,RI,2024-11-05,20.098878346212786,20.92871976791852,-0.8298414217057335,8.75,0.991618238221521,1,7.025393051117223e-05,0.008417086269873541,15.026934453702804,26.830505082134234,True,9.715143569403265,32.14229596643377,True,3.779034903193047,38.078404632643995,True,elected_incumbent_running,D,False,False,recommended_global_baseline
2024_TN,2024,TN,2024-11-05,-30.25187665212592,-23.925540744132707,-6.3263359079932115,8.75,0.003125201924589538,0,9.766887069458153e-06,0.0031300955665301564,-29.827326058348422,-18.023755429916992,False,-35.13911694264796,-12.711964545617453,True,-41.075225608858176,-6.775855879407235,True,elected_incumbent_running,R,False,False,recommended_global_baseline
2024_TX,2024,TX,2024-11-05,-8.705251955409139,-5.931442473559063,-2.7738094818500763,8.75,0.2489241636458978,0,0.061963239246809715,0.2862486518180509,-11.833227787774778,-0.029657159343347672,True,-17.145018672074315,5.282133724956191,True,-23.081127338284535,11.21824239116641,True,elected_incumbent_running,R,False,False,recommended_global_baseline
2024_UT,2024,UT,2024-11-05,-32.640668786229845,-21.657210243703265,-10.98345854252658,8.75,0.006659762055486795,0,4.4352430635701704e-05,0.006682037224102136,-27.55899555791898,-15.75542492948755,False,-32.87078644221852,-10.443634045188011,True,-38.80689510842873,-4.5075253789777925,True,open_seat,R,True,False,recommended_global_baseline
2024_VA,2024,VA,2024-11-05,8.952032284687988,10.039373998799812,-1.0873417141118242,8.75,0.8743829533040699,1,0.015779642420607483,0.13423683761626015,4.137588684584097,15.941159313015527,True,-1.1742021997154417,21.252950197315066,True,-7.11031086592566,27.189058863525283,True,open_seat,D,True,False,recommended_global_baseline
2024_VT,2024,VT,2024-11-05,32.64053697017699,36.32837310561312,-3.687836135436129,8.75,0.9999835074899781,1,2.7200288682223016e-10,1.6492646024831436e-05,30.426587791397402,42.23015841982883,True,25.114796907097862,47.54194930412837,True,19.178688240887645,53.47805797033859,True,elected_incumbent_running,D,False,False,recommended_global_baseline
2024_WA,2024,WA,2024-11-05,18.501674485843935,19.581006369581385,-1.0793318837374493,8.75,0.9873839055179032,1,0.00015916583998119266,0.012696353150555726,13.67922105536567,25.4827916837971,True,8.36743017106613,30.794582568096637,True,2.4313215048559123,36.73069123430686,True,elected_incumbent_running,D,False,False,recommended_global_baseline
2024_WI,2024,WI,2024-11-05,0.8677410241822372,0.3681265330679895,0.4996144911142477,8.75,0.5167791914888774,1,0.23350234977814302,0.6601395914712765,-5.533658781147725,6.269911847283705,True,-10.845449665447264,11.581702731583244,True,-16.781558331657482,17.517811397793462,True,elected_incumbent_running,D,False,False,recommended_global_baseline
2024_WV,2024,WV,2024-11-05,-42.47776205712924,-39.86706462784405,-2.6106974292851888,8.75,2.603921605559556e-06,0,6.780407727899856e-12,2.6039249957693053e-06,-45.76884994205977,-33.965279313628336,True,-51.08064082635931,-28.653488429328796,True,-57.016749492569524,-22.71737976311858,True,open_seat,D,True,False,recommended_global_baseline
2024_WY,2024,WY,2024-11-05,-51.380342939975975,-45.23086875117019,-6.149474188805783,8.75,1.1752259698738499e-07,0,1.381156080265931e-14,1.1752260389316592e-07,-51.13265406538591,-39.32908343695448,False,-56.44444494968545,-34.017292552654936,True,-62.380553615895664,-28.08118388644472,True,elected_incumbent_running,R,False,False,recommended_global_baseline
