model_name,cycle,days_before_election,observations,mae,rmse,mean_error,median_absolute_error,winner_accuracy,dem_win_accuracy,gop_win_accuracy,predicted_dem_win_rate,actual_dem_win_rate
Baseline polling: 14-day recency + sqrt sample size,2018,0,30,3.8200971747635064,5.087973048378819,0.37378574833980943,2.6179610997154983,0.9,0.95,0.8,0.7,0.6666666666666666
Baseline polling: 14-day recency + sqrt sample size,2018,7,29,4.02193443512122,5.163404032031222,0.10894401211867345,3.2372786719041375,0.9310344827586207,1.0,0.7777777777777778,0.7586206896551724,0.6896551724137931
Baseline polling: 14-day recency + sqrt sample size,2018,14,29,3.8783023078187977,4.838419991869217,0.24172536753574148,2.992823695770973,0.896551724137931,0.95,0.7777777777777778,0.7241379310344828,0.6896551724137931
Baseline polling: 14-day recency + sqrt sample size,2018,30,29,3.640103454310767,4.823720813936082,1.6501009646814295,2.699964357462772,0.896551724137931,0.95,0.7777777777777778,0.7241379310344828,0.6896551724137931
Baseline polling: 14-day recency + sqrt sample size,2018,60,28,4.9434595267453885,6.6553213373562805,-0.3679796347452774,3.191914368447426,0.8928571428571429,0.9473684210526315,0.7777777777777778,0.7142857142857143,0.6785714285714286
Baseline polling: 14-day recency + sqrt sample size,2018,90,27,4.755105704744086,6.081876268790747,-0.2029918389947268,4.000002593676545,0.9629629629629629,1.0,0.8888888888888888,0.7037037037037037,0.6666666666666666
Baseline polling: 14-day recency + sqrt sample size,2018,120,25,3.371501262386729,4.009897533064065,0.30446785482296373,3.098228895813841,0.96,1.0,0.8888888888888888,0.68,0.64
Baseline polling: 14-day recency + sqrt sample size,2020,0,30,7.456676081650694,9.063895299010456,7.324114356947956,6.6988958671568675,0.9,1.0,0.8333333333333334,0.5,0.4
Baseline polling: 14-day recency + sqrt sample size,2020,7,27,6.86076874238513,8.589592116022965,6.842673820984283,5.850012281498169,0.8888888888888888,1.0,0.8125,0.5185185185185185,0.4074074074074074
Baseline polling: 14-day recency + sqrt sample size,2020,14,25,7.515071613597498,9.617416690210902,5.559452098285606,7.851212686334946,0.92,1.0,0.8571428571428571,0.52,0.44
Baseline polling: 14-day recency + sqrt sample size,2020,30,24,7.059756412425237,8.65932847162792,4.776175042734994,7.0283658779891205,0.875,1.0,0.7692307692307693,0.5833333333333334,0.4583333333333333
Baseline polling: 14-day recency + sqrt sample size,2020,60,21,6.067483119384493,7.163859302617573,5.960350866140372,6.178881192136119,0.9523809523809523,1.0,0.9230769230769231,0.42857142857142855,0.38095238095238093
Baseline polling: 14-day recency + sqrt sample size,2020,90,19,6.3490893638658985,7.251164620863043,5.745127057440785,6.3848603676263025,0.8947368421052632,1.0,0.8333333333333334,0.47368421052631576,0.3684210526315789
Baseline polling: 14-day recency + sqrt sample size,2020,120,18,6.149270011947343,7.104705968906105,5.496578557315159,5.422782345276797,0.8333333333333334,1.0,0.7272727272727273,0.5555555555555556,0.3888888888888889
Baseline polling: 14-day recency + sqrt sample size,2022,0,29,5.982718608956149,7.677102507624597,1.9324647119395666,4.090896223564041,0.9655172413793104,0.9285714285714286,1.0,0.4482758620689655,0.4827586206896552
Baseline polling: 14-day recency + sqrt sample size,2022,7,29,6.197116815511351,8.188657494952583,2.8210366370087603,4.12241971457258,0.9655172413793104,0.9285714285714286,1.0,0.4482758620689655,0.4827586206896552
Baseline polling: 14-day recency + sqrt sample size,2022,14,28,6.573440316405877,8.943423453910052,3.5097198331331385,4.4111430786342645,1.0,1.0,1.0,0.5,0.5
Baseline polling: 14-day recency + sqrt sample size,2022,30,26,8.70427260064869,11.395761134121857,5.5520402416916905,6.869117139559334,0.9615384615384616,1.0,0.9285714285714286,0.5,0.46153846153846156
Baseline polling: 14-day recency + sqrt sample size,2022,60,23,8.448478259644448,10.919030021353368,3.634900857967756,7.839141808306328,0.9130434782608695,1.0,0.8461538461538461,0.5217391304347826,0.43478260869565216
Baseline polling: 14-day recency + sqrt sample size,2022,90,18,6.166462436643262,7.237158560482883,4.226375491793743,5.447613822075059,0.8333333333333334,1.0,0.6666666666666666,0.6666666666666666,0.5
Baseline polling: 14-day recency + sqrt sample size,2022,120,15,4.354826351189814,5.474597993676629,3.5037749279334487,3.458165494352672,0.8666666666666667,1.0,0.75,0.6,0.4666666666666667
Baseline polling: 14-day recency + sqrt sample size,2024,0,31,4.719243596680169,5.6958203887174585,3.705805071259476,3.899012325339858,0.967741935483871,1.0,0.9285714285714286,0.5806451612903226,0.5483870967741935
Baseline polling: 14-day recency + sqrt sample size,2024,7,31,4.77809037409474,5.7634418249464865,4.025071137126779,3.880342939975975,0.967741935483871,1.0,0.9285714285714286,0.5806451612903226,0.5483870967741935
Baseline polling: 14-day recency + sqrt sample size,2024,14,29,5.482922329161477,6.692289512533999,4.5321859939174285,5.086529424786011,0.9310344827586207,1.0,0.8461538461538461,0.6206896551724138,0.5517241379310345
Baseline polling: 14-day recency + sqrt sample size,2024,30,29,5.573015385797854,6.4318101682466375,4.27772292026118,5.5756163990077825,0.9310344827586207,1.0,0.8461538461538461,0.6206896551724138,0.5517241379310345
Baseline polling: 14-day recency + sqrt sample size,2024,60,25,6.0961511968985596,7.0688926632005336,4.276886655669252,5.359331213770162,0.92,1.0,0.8333333333333334,0.6,0.52
Baseline polling: 14-day recency + sqrt sample size,2024,90,23,6.707156568335844,7.6990331497018225,5.063497385006762,5.6928044738435695,0.9130434782608695,1.0,0.8,0.6521739130434783,0.5652173913043478
Baseline polling: 14-day recency + sqrt sample size,2024,120,22,5.694021074236525,6.580169174612747,3.182664320819815,4.907361747294566,0.9090909090909091,1.0,0.8,0.6363636363636364,0.5454545454545454
