commit,commit_date,path,rows,columns,cycles,minimum_end_date,maximum_end_date,unique_poll_ids,unique_question_ids,unique_states
c0bd050458f7e67bfc01c2d5d15f21c01cc73de2,2021-04-05,senate_polls.csv,4620,38,"2018,2020,2022",2016-11-17,2021-03-27,1461,1927,49
842ef68b55eec3d9b9561c899fcf90124a1142fb,2021-04-02,senate_polls.csv,4620,38,"2018,2020,2022",2016-11-17,2021-03-27,1461,1927,49
e582a261fd7d918863b2f3e27309ed686cf57b06,2021-04-02,senate_polls.csv,4618,38,"2018,2020,2022",2016-11-17,2021-03-19,1460,1926,49
09fecc5d0a7e56fee12098cefe67e73181289ac2,2021-03-23,senate_polls.csv,4616,38,"2018,2020,2022",2016-11-17,2021-03-19,1459,1925,49
35f9b01e657fe867f6faf16accd1f8aeba0e7326,2021-03-12,senate_polls.csv,4604,38,"2018,2020,2022",2016-11-17,2021-03-09,1458,1919,49
a94a40b6793bd3bb16818214a8343420015508bf,2021-03-11,senate_polls.csv,4598,38,"2018,2020,2022",2016-11-17,2021-03-06,1457,1916,49
71d3a036682e0b97936f66ee7920f71cc84f27da,2021-03-10,senate_polls.csv,4596,38,"2018,2020,2022",2016-11-17,2021-02-22,1456,1915,49
03a524533731dbca3faa9e97cb89824fae68ceb0,2021-03-04,senate_polls.csv,4596,38,"2018,2020,2022",2016-11-17,2021-02-22,1456,1915,49
577bf5ee79af2ff6a5db4ab12083f70d9c424682,2021-02-03,senate_polls.csv,4584,38,"2018,2020",2016-11-17,2021-01-04,1453,1909,49
59f783fe535b51ba303c5b6a59c3db3cea42c764,2021-01-05,senate_polls.csv,4580,38,"2018,2020",2016-11-17,2021-01-04,1452,1907,49
5c4ceda8fa71d7370c7f2adfb90b9c95ae4b3e95,2021-01-04,senate_polls.csv,4568,38,"2018,2020",2016-11-17,2021-01-03,1449,1901,49
f453f459ee49694fbc4da1543bf1daff2f3e6a53,2021-01-04,senate_polls.csv,4556,38,"2018,2020",2016-11-17,2021-01-01,1447,1895,49
6a6a62c4ba6f4c2f82781a43740400eb08016406,2021-01-02,senate_polls.csv,4552,38,"2018,2020",2016-11-17,2020-12-30,1446,1893,49
0e8c398e241111a348862409125b55256b0ca796,2021-01-01,senate_polls.csv,4548,38,"2018,2020",2016-11-17,2020-12-29,1445,1891,49
cb9a964b4015ac48710bc6a1ef3791ed14cd9bf3,2020-12-30,senate_polls.csv,4544,38,"2018,2020",2016-11-17,2020-12-29,1444,1889,49
bbae38085d0d6577645c031fd7b4cafea9ebd8a0,2020-12-29,senate_polls.csv,4540,38,"2018,2020",2016-11-17,2020-12-27,1443,1887,49
9890be354bf3c0378ea92ddc84d02d1d767f1e7a,2020-12-24,senate_polls.csv,4536,38,"2018,2020",2016-11-17,2020-12-22,1442,1885,49
4ca89fe2cc18b4beda610e8e4613e2363ed9c1c1,2020-12-28,senate_polls.csv,4532,38,"2018,2020",2016-11-17,2020-12-22,1441,1883,49
922083ca171f072db5c98a45510bdc9bb74baf1c,2020-12-24,senate_polls.csv,4532,38,"2018,2020",2016-11-17,2020-12-22,1441,1883,49
84b8eeebce32633733dd6c4114de42445eef36fe,2020-12-23,senate_polls.csv,4528,38,"2018,2020",2016-11-17,2020-12-20,1440,1881,49
1331b0c96e6a88ce3000ee818345acd663016f46,2020-12-22,senate_polls.csv,4524,38,"2018,2020",2016-11-17,2020-12-20,1439,1879,49
9fcf2b88f68e1e4764cc37798926ac7027047d74,2020-12-21,senate_polls.csv,4520,38,"2018,2020",2016-11-17,2020-12-16,1438,1877,49
d92e9a81232f2f9d44c538e7e533af9d3949df55,2020-12-19,senate_polls.csv,4516,38,"2018,2020",2016-11-17,2020-12-16,1437,1875,49
c8d20944694e5845dcb97da4224596769901a406,2020-12-18,senate_polls.csv,4512,38,"2018,2020",2016-11-17,2020-12-16,1436,1873,49
d8d3d3d62ecf00420f3209ed10a894fdd60f8911,2020-12-18,senate_polls.csv,4512,38,"2018,2020",2016-11-17,2020-12-16,1436,1873,49
590d31b7e08fa3c5908a48b2a4766b1fc434a656,2020-12-17,senate_polls.csv,4508,38,"2018,2020",2016-11-17,2020-12-16,1435,1871,49
c083d8484a9b782b4039742b1673816a597a910e,2020-12-16,senate_polls.csv,4504,38,"2018,2020",2016-11-17,2020-12-14,1434,1869,49
bebf48daa188df1bef060fd7bcbc4600b9717b08,2020-12-12,senate_polls.csv,4500,38,"2018,2020",2016-11-17,2020-12-10,1433,1867,49
ee8200b19518089be00048bb14c8bbcc10b2df7c,2020-12-11,senate_polls.csv,4496,38,"2018,2020",2016-11-17,2020-12-04,1432,1865,49
92f256fea63f406b399fccc468cc808f7c836bb1,2020-12-08,senate_polls.csv,4492,38,"2018,2020",2016-11-17,2020-12-03,1431,1863,49
8a768aca112d77979546c73f933e316081b2f1e9,2020-12-04,senate_polls.csv,4488,38,"2018,2020",2016-11-17,2020-12-03,1430,1861,49
a3ad4ab2dd361e4b76ccff4cd80b6c48461c3805,2020-12-03,senate_polls.csv,4478,38,"2018,2020",2016-11-17,2020-11-30,1428,1856,49
22c4dc337cfaa495f4bccb4b7c1b0722807df868,2020-12-02,senate_polls.csv,4474,38,"2018,2020",2016-11-17,2020-11-16,1427,1854,49
e86edd9e68feaff155e8f8639341a4c75f8c000b,2020-11-19,senate_polls.csv,4458,38,"2018,2020",2016-11-17,2020-11-16,1420,1847,49
009cfad0a7fc19288a78e577f6a9f956c1b5626b,2020-11-18,senate_polls.csv,4454,38,"2018,2020",2016-11-17,2020-11-16,1419,1846,49
236a014ea4720a9b69ad8ed4379e77fc790625bc,2020-11-12,senate_polls.csv,4420,38,"2018,2020",2016-11-17,2020-11-09,1405,1831,49
25a22e8df034456219c1d98d0d090358d23eafd3,2020-11-03,senate_polls.csv,4407,38,"2018,2020",2016-11-17,2020-11-02,1402,1826,49
ee4d28c43e9966075d66a7450a9b7af986120deb,2020-11-03,senate_polls.csv,4344,38,"2018,2020",2016-11-17,2020-11-02,1379,1801,48
699a2a460ad9785b577a20a88923c94256fc9561,2020-11-02,senate_polls.csv,4318,38,"2018,2020",2016-11-17,2020-11-02,1372,1793,48
58ad327a36d1468711ff9e2f78a51dec0903dcef,2020-11-02,senate_polls.csv,4298,38,"2018,2020",2016-11-17,2020-11-01,1364,1784,48
4e5ee55b5a4eb34e132302829ad0e36d505aedec,2020-11-02,senate_polls.csv,4280,38,"2018,2020",2016-11-17,2020-11-01,1355,1775,48
09f1b01a08f47cc676c011e0223ec583adf2a51c,2020-11-02,senate_polls.csv,4258,38,"2018,2020",2016-11-17,2020-11-01,1346,1766,48
211721dea759c90a6d96695e89e4826f1a622ac9,2020-11-01,senate_polls.csv,4235,38,"2018,2020",2016-11-17,2020-10-31,1339,1758,48
68c998427f3fc29b44b8cb6fa42a754c8918d3cb,2020-11-01,senate_polls.csv,4218,38,"2018,2020",2016-11-17,2020-10-30,1333,1752,48
894932fedd6a34f031c0c936fef3b104ac02eef6,2020-11-01,senate_polls.csv,4211,38,"2018,2020",2016-11-17,2020-10-30,1330,1749,48
6274bd2254c91e7e30c0bd2137d4f3c642362008,2020-11-01,senate_polls.csv,4211,38,"2018,2020",2016-11-17,2020-10-30,1330,1749,48
97596bea1490b687b672941a55bc1126b939bc75,2020-10-31,senate_polls.csv,4187,38,"2018,2020",2016-11-17,2020-10-30,1324,1740,48
ec5463bbb5eb1d68ec5a7bf5789cba9cb0a4b740,2020-10-31,senate_polls.csv,4183,38,"2018,2020",2016-11-17,2020-10-30,1322,1738,48
45e12f26b2182f35b480050dd353560f2e654d89,2020-10-31,senate_polls.csv,4179,38,"2018,2020",2016-11-17,2020-10-30,1321,1737,48
68fd87389b33c4ad79bbf59a1640065fae5d4f88,2020-10-30,senate_polls.csv,4165,38,"2018,2020",2016-11-17,2020-10-29,1317,1732,48
98ae9cd617d32958df22142f44f82a94eecf2eaa,2020-10-30,senate_polls.csv,4153,38,"2018,2020",2016-11-17,2020-10-29,1313,1727,48
381ee68c62d0c8bd490637be72a76b395db034a9,2020-10-30,senate_polls.csv,4134,38,"2018,2020",2016-11-17,2020-10-29,1304,1718,48
df74f594c6459d6ac3bd34a4bb15563a90249e3d,2020-10-30,senate_polls.csv,4129,38,"2018,2020",2016-11-17,2020-10-29,1302,1716,48
652c7f1ce40e1f06854bb9af076bdebdb5cf50f4,2020-10-29,senate_polls.csv,4123,38,"2018,2020",2016-11-17,2020-10-29,1300,1714,48
7f24572575acc98c9116c36271c85760eb1b1850,2020-10-29,senate_polls.csv,4090,38,"2018,2020",2016-11-17,2020-10-28,1290,1703,48
1a3449aaafe34541551578380ed47d579eb1bbb6,2020-10-29,senate_polls.csv,4061,38,"2018,2020",2016-11-17,2020-10-28,1283,1693,48
6267b40b4eabb49216363dc86cf1316679199bb3,2020-10-28,senate_polls.csv,4032,38,"2018,2020",2016-11-17,2020-10-27,1273,1680,48
641e8aab16cc59392d16616082bceaae4f0c9a98,2020-10-28,senate_polls.csv,3990,38,"2018,2020",2016-11-17,2020-10-27,1265,1665,48
e378db9e1d4b061589fd608c582f20d66b2dce21,2020-10-28,senate_polls.csv,3978,38,"2018,2020",2016-11-17,2020-10-27,1261,1660,48
f69d7f14935f221a87da0f4e3486d89d7d77cf41,2020-10-27,senate_polls.csv,3955,38,"2018,2020",2016-11-17,2020-10-26,1250,1649,48
dcb8121259c5fb6cde7224ba0faae6d60b0b7063,2020-10-27,senate_polls.csv,3955,38,"2018,2020",2016-11-17,2020-10-26,1250,1649,48
6ced529aa3e068ff4cffce1a31efec0ce0101666,2020-10-27,senate_polls.csv,3940,38,"2018,2020",2016-11-17,2020-10-26,1248,1644,48
9b3155f40785e130ed2aae9a4fc9adb95c74bde3,2020-10-26,senate_polls.csv,3931,38,"2018,2020",2016-11-17,2020-10-25,1245,1641,48
5a463b10849f526e21e88617fe052b6f63256071,2020-10-26,senate_polls.csv,3918,38,"2018,2020",2016-11-17,2020-10-24,1241,1637,48
cc3af4d2e72ff792199e90e2ca217def9715669b,2020-10-25,senate_polls.csv,3909,38,"2018,2020",2016-11-17,2020-10-24,1240,1635,48
d042f82b628b8b1ec6ca044243f86d12b02f108c,2020-10-25,senate_polls.csv,3903,38,"2018,2020",2016-11-17,2020-10-22,1237,1632,48
ca8a07e6329e00b4cc678b6b1b858a29497187a4,2020-10-24,senate_polls.csv,3895,38,"2018,2020",2016-11-17,2020-10-22,1236,1630,48
789f7f4bfde8026351f824a33473f9df03ff852a,2020-10-24,senate_polls.csv,3895,38,"2018,2020",2016-11-17,2020-10-22,1236,1630,48
65b1ac9ad75ae169eb6839c49aa0a47e176856ce,2020-10-23,senate_polls.csv,3852,38,"2018,2020",2016-11-17,2020-10-22,1226,1617,48
5bc0bce575639c3a263748723f61b18d2c07c219,2020-10-23,senate_polls.csv,3837,38,"2018,2020",2016-11-17,2020-10-22,1220,1611,48
dfa56095fd0102d7f1aba28e2b09b928c9fcdb4f,2020-10-23,senate_polls.csv,3832,38,"2018,2020",2016-11-17,2020-10-22,1218,1609,48
315cc6feb86b315f02f89662eb76c57323ae5f27,2020-10-22,senate_polls.csv,3830,38,"2018,2020",2016-11-17,2020-10-21,1217,1608,48
058a88069c855e3730edbff215e9914a907fa4e1,2020-10-22,senate_polls.csv,3817,38,"2018,2020",2016-11-17,2020-10-21,1212,1603,48
2c07ba303dbbcac246f9e84f19fa864cbdfc4fb4,2020-10-22,senate_polls.csv,3801,38,"2018,2020",2016-11-17,2020-10-21,1204,1595,48
b4d7b52c6901b85c39882e7f33cfd632f6b03387,2020-10-21,senate_polls.csv,3776,38,"2018,2020",2016-11-17,2020-10-20,1196,1585,48
0ff8ea22bd81a0ff12992f751bd65c710089d6cd,2020-10-21,senate_polls.csv,3752,38,"2018,2020",2016-11-17,2020-10-20,1189,1576,48
a34b6c9785da760572e8e9b8a166b4f597deba25,2020-10-21,senate_polls.csv,3745,38,"2018,2020",2016-11-17,2020-10-20,1187,1574,48
eb7f31af5b20db6de0e1639bd4b3ce7e9c814dd4,2020-10-21,senate_polls.csv,3740,38,"2018,2020",2016-11-17,2020-10-20,1186,1572,48
986325791e2f0b419b0243ab5f034fbc23d94c95,2020-10-20,senate_polls.csv,3700,38,"2018,2020",2016-11-17,2020-10-19,1174,1557,48
b1491dab0bb702b4a41ecdb8278cbf594738edb7,2020-10-20,senate_polls.csv,3696,38,"2018,2020",2016-11-17,2020-10-19,1173,1555,48
5367c14c02e108b07e5edddefc28c3b47b156dbe,2020-10-20,senate_polls.csv,3692,38,"2018,2020",2016-11-17,2020-10-19,1172,1554,48
faf598620cb769f8c640b5788447dc49d128ed4b,2020-10-19,senate_polls.csv,3677,38,"2018,2020",2016-11-17,2020-10-18,1169,1548,48
560df49924ba843d7e7fab40e55051b1af7fd504,2020-10-19,senate_polls.csv,3667,38,"2018,2020",2016-11-17,2020-10-16,1164,1543,48
c8c7ea1a472c48211a7842964e5bccfd9ca2cf9b,2020-10-18,senate_polls.csv,3661,38,"2018,2020",2016-11-17,2020-10-16,1162,1541,48
457522ba56c24fcb8a1112902f1a654ab58da833,2020-10-17,senate_polls.csv,3659,38,"2018,2020",2016-11-17,2020-10-16,1161,1540,48
2aa39a644165d3abb4a0981cb90f62f9db8d9df0,2020-10-17,senate_polls.csv,3657,38,"2018,2020",2016-11-17,2020-10-16,1160,1539,48
af0542307d9f205168bedbdd16e60d7ae81c2c31,2020-10-16,senate_polls.csv,3650,38,"2018,2020",2016-11-17,2020-10-15,1157,1536,48
42efc01110c69d3c23c2423a1ef21745b11e0ec6,2020-10-16,senate_polls.csv,3643,38,"2018,2020",2016-11-17,2020-10-15,1154,1533,48
b00c2f3e86e2d8c614f86e5163cea47a3d3be742,2020-10-16,senate_polls.csv,3639,38,"2018,2020",2016-11-17,2020-10-15,1152,1531,48
75ec9d0870562fb4ee88494001487d068dcaf1d7,2020-10-15,senate_polls.csv,3634,38,"2018,2020",2016-11-17,2020-10-15,1150,1529,48
d6775c8a7f985f9c1497fbbad563da6bc5936936,2020-10-15,senate_polls.csv,3610,38,"2018,2020",2016-11-17,2020-10-14,1143,1520,48
f7768f50de075e00a0cb9cfe347413d5580513a8,2020-10-15,senate_polls.csv,3595,38,"2018,2020",2016-11-17,2020-10-14,1138,1515,48
44caa834833a43ca263b5dc4cc2d8c04a36b4830,2020-10-14,senate_polls.csv,3576,38,"2018,2020",2016-11-17,2020-10-13,1135,1507,48
ac4823062c5ed21c86aff4a261d4b6a2a64dcb30,2020-10-14,senate_polls.csv,3554,38,"2018,2020",2016-11-17,2020-10-13,1130,1500,48
ce42a3597eb90e28ea9f4fd68ed2b2d85ca34f99,2020-10-14,senate_polls.csv,3551,38,"2018,2020",2016-11-17,2020-10-13,1129,1499,48
59c89216e62a8654ca17aa07e13fd4869be847dc,2020-10-14,senate_polls.csv,3545,38,"2018,2020",2016-11-17,2020-10-13,1127,1497,48
369edc14dcfe2c4f757f55b47ee227a5968cb648,2020-10-13,senate_polls.csv,3530,38,"2018,2020",2016-11-17,2020-10-11,1123,1491,48
4a58b72f694dd52f67601d52e87c5634a4741721,2020-10-13,senate_polls.csv,3502,38,"2018,2020",2016-11-17,2020-10-11,1109,1477,48
78025dd015ebdbecb06dbbdc4fe3be33622ff723,2020-10-12,senate_polls.csv,3500,38,"2018,2020",2016-11-17,2020-10-11,1108,1476,48
5fefda5bf5495f03707e4a9b75534c2df3443ac6,2020-10-12,senate_polls.csv,3493,38,"2018,2020",2016-11-17,2020-10-09,1106,1474,48
ab719cff4bb97714f983883e5afeea83f9231617,2020-10-11,senate_polls.csv,3491,38,"2018,2020",2016-11-17,2020-10-09,1105,1473,48
bb375af520a064b7b6185b1706ce9d2920beea0e,2020-10-11,senate_polls.csv,3485,38,"2018,2020",2016-11-17,2020-10-09,1102,1470,47
262f0018c5be73a8617b818649f92389e9359870,2020-10-10,senate_polls.csv,3483,38,"2018,2020",2016-11-17,2020-10-09,1101,1469,47
896e39fc93068b4870d98b7024cd5afc60c9e770,2020-10-10,senate_polls.csv,3467,38,"2018,2020",2016-11-17,2020-10-07,1099,1465,46
78bd00e374488a8db4e69e7cc2ad4e84522303f3,2020-10-09,senate_polls.csv,3445,38,"2018,2020",2016-11-17,2020-10-07,1098,1463,46
79c8a156b006c2709346db95762b5d107fafaa17,2020-10-09,senate_polls.csv,3445,38,"2018,2020",2016-11-17,2020-10-07,1098,1463,46
cc632822da3ed120b437ea8f33189b05dc56bf4d,2020-10-09,senate_polls.csv,3433,38,"2018,2020",2016-11-17,2020-10-07,1096,1460,46
92151b967c2a267be67f27e5202d119f67d3bb37,2020-10-09,senate_polls.csv,3426,38,"2018,2020",2016-11-17,2020-10-07,1093,1457,46
430f2e450ecc150730efa0c3c988c54ff734ef0c,2020-10-08,senate_polls.csv,3419,38,"2018,2020",2016-11-17,2020-10-07,1090,1454,46
40ca3895858049e5125edde92ddbb2a113ea1a1b,2020-10-08,senate_polls.csv,3414,38,"2018,2020",2016-11-17,2020-10-07,1088,1452,46
eac08c0274a548dd5b9961feeb9232f50a5d0e67,2020-10-07,senate_polls.csv,3399,38,"2018,2020",2016-11-17,2020-10-06,1083,1447,46
492d3ce8935c4ec374a030788a5d247eef4cc26d,2020-10-07,senate_polls.csv,3382,38,"2018,2020",2016-11-17,2020-10-06,1075,1439,46
7ae709728e3233a853d1f4f87ec7119e0672340f,2020-10-07,senate_polls.csv,3374,38,"2018,2020",2016-11-17,2020-10-06,1073,1437,46
00f5faa50c8e731bfabee8f82c8c280b8a7f5d5c,2020-10-07,senate_polls.csv,3372,38,"2018,2020",2016-11-17,2020-10-06,1072,1436,46
ae554ed8f313b25e5e988cc788746e4765e91352,2020-10-06,senate_polls.csv,3364,38,"2018,2020",2016-11-17,2020-10-05,1068,1432,46
67ab93e18c985cadf95a2ae25b1e8c50cb32245e,2020-10-06,senate_polls.csv,3353,38,"2018,2020",2016-11-17,2020-10-05,1066,1429,46
5fafec2a99c12c73807da67ef092dc4e22c9d670,2020-10-05,senate_polls.csv,3349,38,"2018,2020",2016-11-17,2020-10-05,1064,1427,46
dea041d7e5dac2197e8e103b497daa85dde86fae,2020-10-03,senate_polls.csv,3341,38,"2018,2020",2016-11-17,2020-10-01,1061,1424,46
ac24b0e21a07323e997125b8f347a3046f619681,2020-10-03,senate_polls.csv,3341,38,"2018,2020",2016-11-17,2020-10-01,1061,1424,46
1b8071c1fcdd9fe30ee3323c0f64da50c7d72acc,2020-10-02,senate_polls.csv,3324,38,"2018,2020",2016-11-17,2020-10-01,1057,1418,46
312f29255f1c6cf4221a8cb7f1ef70cbe79a49ba,2020-10-02,senate_polls.csv,3319,38,"2018,2020",2016-11-17,2020-10-01,1055,1416,46
f6515263dacc7982e76f82c3456b6a24c5f5b135,2020-10-02,senate_polls.csv,3317,38,"2018,2020",2016-11-17,2020-09-29,1054,1415,46
89843f688bec2f61d3ccfaa457cf6fb069c461e5,2020-10-01,senate_polls.csv,3312,38,"2018,2020",2016-11-17,2020-09-29,1052,1413,46
3b5736b265f5f6b2f21256a058ed165b44b9ae29,2020-10-01,senate_polls.csv,3306,38,"2018,2020",2016-11-17,2020-09-29,1049,1410,46
798c7032f953578aa0c35eb9568411caf0e5021d,2020-10-01,senate_polls.csv,3287,38,"2018,2020",2016-11-17,2020-09-29,1045,1403,46
dbe183796d0ef7f75b23ca1b1b2d0fcc7ecff2d4,2020-09-30,senate_polls.csv,3281,38,"2018,2020",2016-11-17,2020-09-29,1043,1401,45
5678b7284e3bffcbb61249029fb6c1e0eae21aa9,2020-09-30,senate_polls.csv,3273,38,"2018,2020",2016-11-17,2020-09-29,1040,1398,45
8b4a70ec6778c464aeb95cf189259a6d8962f9d0,2020-09-30,senate_polls.csv,3273,38,"2018,2020",2016-11-17,2020-09-29,1040,1398,45
092e334367b632d77c60d5919b94b7548ba280fb,2020-09-29,senate_polls.csv,3257,38,"2018,2020",2016-11-17,2020-09-28,1039,1392,45
8bee51b744737083b86af9f5874280f92020a956,2020-09-29,senate_polls.csv,3242,38,"2018,2020",2016-11-17,2020-09-25,1034,1386,45
123f19545ed75c715f26084fb833271a5072f5a5,2020-09-28,senate_polls.csv,3240,38,"2018,2020",2016-11-17,2020-09-25,1033,1385,45
665294338c7992aa784da1146e0cd73693b7e4cd,2020-09-27,senate_polls.csv,3232,38,"2018,2020",2016-11-17,2020-09-25,1030,1382,45
a409a967975c620881f346ec899c27bf9dc9027b,2020-09-26,senate_polls.csv,3219,38,"2018,2020",2016-11-17,2020-09-24,1025,1376,45
f34c6771f0ab7d9bc3489cacfafbbdbf1e26bce0,2020-09-26,senate_polls.csv,3215,38,"2018,2020",2016-11-17,2020-09-24,1023,1374,45
bac58d55337c79ca682f430938ce572e78ceda26,2020-09-25,senate_polls.csv,3215,38,"2018,2020",2016-11-17,2020-09-24,1023,1374,45
a3d9124ddc1cede2cbe0f3d2d10dd67191d9670d,2020-09-25,senate_polls.csv,3207,38,"2018,2020",2016-11-17,2020-09-23,1020,1371,45
ecff6d02267d29bec1a33a5d1cf2f399596b7627,2020-09-25,senate_polls.csv,3203,38,"2018,2020",2016-11-17,2020-09-22,1019,1370,45
4bc56b6859b8a58045005552e90ea236f73a7ccd,2020-09-24,senate_polls.csv,3198,38,"2018,2020",2016-11-17,2020-09-22,1018,1369,45
e739434aaa6fc9ac72130d429699a7cb24bad603,2020-09-24,senate_polls.csv,3159,38,"2018,2020",2016-11-17,2020-09-22,1012,1357,45
12393725efda2b08f2af2ae6f63db6f463c56d47,2020-09-24,senate_polls.csv,3142,38,"2018,2020",2016-11-17,2020-09-22,1008,1352,45
8abc3d995e94bce95e9d82368441a00d74570de2,2020-09-23,senate_polls.csv,3136,38,"2018,2020",2016-11-17,2020-09-21,1005,1349,45
099f8c492740fe1659bc39bf5eff20e698b96bdf,2020-09-23,senate_polls.csv,3087,38,"2018,2020",2016-11-17,2020-09-20,1001,1337,45
de4548d086d85d1f45bf693740ecfd657fc1bb90,2020-09-23,senate_polls.csv,3083,38,"2018,2020",2016-11-17,2020-09-20,1000,1335,45
73fd7f32351830e3860ec01f5237f1e1f1c3ca3a,2020-09-22,senate_polls.csv,3079,38,"2018,2020",2016-11-17,2020-09-20,998,1333,45
7913f68d57ff90d86dcd99e1393cd14e1cdef4f2,2020-09-22,senate_polls.csv,3073,38,"2018,2020",2016-11-17,2020-09-20,996,1331,45
71aed9ce81e23d3c3db503007b899d3708d56ce3,2020-09-22,senate_polls.csv,3044,38,"2018,2020",2016-11-17,2020-09-20,985,1319,45
2641c56223252379fe0a0d161476e21c09dd8616,2020-09-21,senate_polls.csv,3042,38,"2018,2020",2016-11-17,2020-09-20,984,1318,45
ddddd12ad6d8b8391bf10dbc6f5cad5dbfb38daa,2020-09-21,senate_polls.csv,3026,38,"2018,2020",2016-11-17,2020-09-18,979,1312,45
a3564fe9fc0917bae4ccbc1dc12a96b684b077a3,2020-09-20,senate_polls.csv,3016,38,"2018,2020",2016-11-17,2020-09-18,977,1310,45
21a50aa6c0bc8b629e0a7af91b663f38cefb1254,2020-09-20,senate_polls.csv,3006,38,"2018,2020",2016-11-17,2020-09-17,974,1306,45
18b650a6da40fa028b0f64bfa7bb6fca35d18183,2020-09-20,senate_polls.csv,3003,38,"2018,2020",2016-11-17,2020-09-17,973,1305,45
09d32bdd77fcb552bb167c21dfd1fd4a2673690a,2020-09-18,senate_polls.csv,3001,38,"2018,2020",2016-11-17,2020-09-16,972,1304,45
9af9218c4ee1b0ab0d024eb6746dad79d50c239d,2020-09-18,senate_polls.csv,2995,38,"2018,2020",2016-11-17,2020-09-16,969,1301,45
a28960333561413ceb464d9344a5b622f56a1abc,2020-09-17,senate_polls.csv,2981,38,"2018,2020",2016-11-17,2020-09-15,965,1296,45
d7b613e569780cd0bd41b2be10c954ab9ae5d7cc,2020-09-17,senate_polls.csv,2975,38,"2018,2020",2016-11-17,2020-09-14,964,1293,45
3e8e657aa8b8fa366397bd503f652efcd9b54743,2020-09-17,senate_polls.csv,2967,38,"2018,2020",2016-11-17,2020-09-14,961,1290,45
